Month,WeekOfMonth,DayOfWeek,Make,AccidentArea,DayOfWeekClaimed,MonthClaimed,WeekOfMonthClaimed,Sex,MaritalStatus,Age,Fault,PolicyType,VehicleCategory,VehiclePrice,PolicyNumber,RepNumber,Deductible,DriverRating,Days_Policy_Accident,Days_Policy_Claim,PastNumberOfClaims,AgeOfVehicle,AgeOfPolicyHolder,PoliceReportFiled,WitnessPresent,AgentType,NumberOfSuppliments,AddressChange_Claim,NumberOfCars,Year,BasePolicy,FraudFound_P
Feb,4,Tuesday,Mercedes,Urban,Tuesday,Jan,3,Male,Widow,75,Third Party,Sedan - Collision,Utility,more than 69000,1,14,700,4,more than 30,more than 30,none,5 years,36 to 40,No,No,Internal,1 to 2,1 year,5 to 8,1996,All Perils,1
Oct,1,Monday,Honda,Urban,Saturday,Jul,4,Female,Married,64,Third Party,Sedan - All Perils,Sedan,30000 to 39000,2,6,500,1,8 to 15,more than 30,more than 4,3 years,31 to 35,No,No,External,more than 5,2 to 3 years,1 vehicle,1996,Liability,0
Aug,4,Friday,BMW,Rural,Tuesday,Jul,3,Male,Single,44,Third Party,Utility - All Perils,Utility,60000 to 69000,3,3,300,4,more than 30,none,2 to 4,7 years,36 to 40,Yes,Yes,External,3 to 5,1 year,2 vehicles,1994,All Perils,0
Jun,1,Friday,Chevrolet,Rural,Tuesday,Sep,3,Female,Divorced,23,Third Party,Sedan - Liability,Utility,more than 69000,4,14,700,3,1 to 7,none,more than 4,2 years,16 to 17,Yes,No,External,more than 5,no change,1 vehicle,1995,Collision,1
Jun,1,Saturday,BMW,Urban,Thursday,Jul,5,Female,Married,27,Third Party,Sedan - Liability,Utility,less than 20000,5,6,700,3,1 to 7,8 to 15,1,3 years,36 to 40,No,No,Internal,none,under 6 months,3 to 4,1996,All Perils,0
Nov,1,Sunday,Chevrolet,Rural,Thursday,Mar,4,Male,Single,33,Third Party,Sedan - Collision,Sport,less than 20000,6,15,300,4,none,more than 30,more than 4,2 years,31 to 35,No,Yes,External,more than 5,2 to 3 years,2 vehicles,1994,Collision,1
Feb,3,Thursday,Toyota,Rural,Wednesday,May,2,Male,Divorced,43,Third Party,Sport - Collision,Sedan,more than 69000,7,2,300,1,15 to 30,15 to 30,1,more than 7,16 to 17,Yes,No,Internal,3 to 5,under 6 months,more than 8,1994,Collision,0
Sep,4,Saturday,BMW,Urban,Wednesday,Jun,5,Male,Single,73,Policy Holder,Sport - Liability,Sedan,40000 to 59000,8,1,300,2,15 to 30,8 to 15,1,5 years,51 to 65,Yes,No,Internal,more than 5,4 to 8 years,5 to 8,1994,Collision,0
Mar,3,Saturday,Pontiac,Rural,Wednesday,Dec,2,Female,Widow,25,Third Party,Sport - Collision,Sedan,40000 to 59000,9,15,700,2,1 to 7,more than 30,1,2 years,18 to 20,Yes,No,Internal,more than 5,4 to 8 years,more than 8,1994,Collision,0
Feb,1,Tuesday,Chevrolet,Urban,Sunday,Jul,1,Male,Married,54,Policy Holder,Sedan - All Perils,Sedan,30000 to 39000,10,2,500,3,1 to 7,15 to 30,2 to 4,7 years,36 to 40,Yes,No,Internal,3 to 5,2 to 3 years,3 to 4,1996,Collision,0
Jul,1,Saturday,Mazda,Rural,Friday,Aug,5,Male,Divorced,39,Policy Holder,Utility - All Perils,Sport,60000 to 69000,11,1,500,1,8 to 15,more than 30,none,3 years,51 to 65,Yes,Yes,External,1 to 2,no change,3 to 4,1995,All Perils,0
Dec,5,Monday,Mazda,Urban,Sunday,Sep,2,Male,Single,20,Third Party,Sedan - Collision,Sedan,40000 to 59000,12,11,400,1,15 to 30,more than 30,2 to 4,2 years,over 65,Yes,No,External,more than 5,2 to 3 years,more than 8,1994,All Perils,1
Sep,5,Friday,Chevrolet,Rural,Sunday,May,2,Male,Divorced,57,Third Party,Utility - All Perils,Utility,20000 to 29000,13,6,400,3,1 to 7,more than 30,more than 4,4 years,36 to 40,No,Yes,External,3 to 5,4 to 8 years,5 to 8,1996,All Perils,1
Oct,4,Sunday,Ford,Rural,Friday,Dec,2,Male,Single,62,Third Party,Sedan - Collision,Sport,40000 to 59000,14,8,500,1,8 to 15,15 to 30,none,7 years,41 to 50,Yes,No,Internal,more than 5,2 to 3 years,more than 8,1994,Liability,1
Sep,1,Friday,Ford,Rural,Saturday,Sep,3,Male,Divorced,78,Policy Holder,Sedan - Collision,Sport,less than 20000,15,7,300,2,none,8 to 15,more than 4,7 years,36 to 40,No,No,External,3 to 5,2 to 3 years,more than 8,1994,All Perils,1
Oct,5,Sunday,Ford,Rural,Monday,Nov,1,Female,Married,49,Policy Holder,Utility - All Perils,Sedan,20000 to 29000,16,5,500,4,more than 30,none,more than 4,new,41 to 50,No,Yes,Internal,3 to 5,2 to 3 years,1 vehicle,1996,Collision,0
Jul,4,Monday,Honda,Rural,Sunday,Sep,1,Male,Single,38,Third Party,Sport - Collision,Sport,20000 to 29000,17,8,300,4,more than 30,15 to 30,none,more than 7,over 65,Yes,Yes,Internal,3 to 5,1 year,2 vehicles,1995,Liability,0
Feb,3,Thursday,Nissan,Rural,Thursday,Aug,2,Male,Married,71,Policy Holder,Sedan - All Perils,Utility,60000 to 69000,18,5,700,1,15 to 30,8 to 15,2 to 4,more than 7,31 to 35,Yes,No,External,none,under 6 months,5 to 8,1995,Liability,0
Nov,1,Saturday,Ford,Rural,Friday,Jan,2,Female,Single,33,Policy Holder,Sedan - Collision,Sport,60000 to 69000,19,4,300,4,more than 30,none,1,3 years,26 to 30,No,Yes,External,3 to 5,1 year,1 vehicle,1996,All Perils,0
Jun,5,Friday,Toyota,Urban,Tuesday,Aug,1,Male,Married,60,Policy Holder,Sedan - All Perils,Utility,less than 20000,20,4,300,2,15 to 30,more than 30,2 to 4,5 years,18 to 20,Yes,Yes,External,none,4 to 8 years,1 vehicle,1994,Collision,0
Jul,3,Sunday,Toyota,Urban,Monday,Feb,5,Male,Widow,77,Third Party,Sport - Liability,Sedan,more than 69000,21,2,400,1,more than 30,8 to 15,1,4 years,over 65,No,Yes,External,3 to 5,no change,1 vehicle,1995,All Perils,1
May,1,Thursday,Nissan,Urban,Sunday,Aug,3,Female,Widow,18,Policy Holder,Sedan - Liability,Sedan,60000 to 69000,22,9,400,3,8 to 15,15 to 30,none,4 years,over 65,Yes,Yes,External,more than 5,no change,1 vehicle,1996,All Perils,0
Mar,2,Friday,Chevrolet,Rural,Thursday,Sep,1,Male,Widow,76,Policy Holder,Sedan - Collision,Sport,30000 to 39000,23,9,500,2,1 to 7,more than 30,1,6 years,41 to 50,No,Yes,External,1 to 2,4 to 8 years,5 to 8,1994,Collision,1
Dec,3,Wednesday,Ford,Rural,Monday,Jul,1,Female,Divorced,30,Third Party,Sedan - Collision,Utility,20000 to 29000,24,1,700,2,more than 30,8 to 15,none,6 years,36 to 40,Yes,No,External,more than 5,4 to 8 years,2 vehicles,1994,Liability,1
Oct,1,Sunday,Mazda,Urban,Friday,Apr,5,Male,Married,48,Third Party,Sedan - All Perils,Utility,30000 to 39000,25,8,500,2,none,more than 30,1,4 years,18 to 20,No,Yes,External,none,1 year,more than 8,1994,Liability,1
Aug,2,Monday,Honda,Urban,Monday,Jan,2,Male,Widow,34,Policy Holder,Sport - Liability,Utility,40000 to 59000,26,12,400,1,8 to 15,15 to 30,more than 4,4 years,over 65,Yes,Yes,External,none,under 6 months,1 vehicle,1995,All Perils,0
May,3,Tuesday,Ford,Rural,Thursday,Sep,1,Male,Single,27,Policy Holder,Sedan - Collision,Sedan,40000 to 59000,27,1,500,2,15 to 30,15 to 30,more than 4,4 years,16 to 17,No,No,External,1 to 2,no change,3 to 4,1996,Liability,1
Oct,5,Monday,Ford,Rural,Friday,Sep,4,Male,Married,62,Policy Holder,Sport - Liability,Sedan,30000 to 39000,28,5,500,1,15 to 30,8 to 15,none,4 years,36 to 40,Yes,No,External,more than 5,2 to 3 years,5 to 8,1994,Liability,0
Jul,1,Friday,Mercedes,Rural,Saturday,Jun,5,Male,Widow,48,Policy Holder,Utility - All Perils,Sport,less than 20000,29,16,300,4,15 to 30,more than 30,2 to 4,new,21 to 25,No,No,Internal,3 to 5,1 year,2 vehicles,1994,Collision,0
Jun,3,Tuesday,Honda,Urban,Thursday,Sep,2,Female,Single,50,Third Party,Sedan - All Perils,Utility,40000 to 59000,30,7,300,2,8 to 15,none,none,3 years,31 to 35,No,Yes,External,1 to 2,4 to 8 years,5 to 8,1995,All Perils,0
Jun,5,Wednesday,Mazda,Urban,Wednesday,Oct,4,Female,Married,48,Policy Holder,Utility - All Perils,Utility,60000 to 69000,31,1,300,3,more than 30,15 to 30,none,6 years,16 to 17,Yes,No,External,more than 5,under 6 months,more than 8,1995,Liability,0
Mar,5,Saturday,Mercedes,Urban,Saturday,Jul,3,Male,Single,65,Third Party,Utility - All Perils,Sedan,20000 to 29000,32,9,300,2,1 to 7,more than 30,2 to 4,more than 7,18 to 20,No,Yes,Internal,1 to 2,2 to 3 years,5 to 8,1994,All Perils,0
Feb,5,Wednesday,Mercedes,Rural,Tuesday,Jan,1,Female,Divorced,78,Policy Holder,Sport - Liability,Sport,40000 to 59000,33,7,700,4,none,none,1,7 years,26 to 30,Yes,No,Internal,1 to 2,4 to 8 years,5 to 8,1996,Collision,0
Jul,1,Tuesday,Chevrolet,Rural,Monday,Nov,4,Female,Widow,50,Third Party,Sedan - All Perils,Sport,40000 to 59000,34,4,400,4,15 to 30,8 to 15,2 to 4,7 years,26 to 30,No,No,External,more than 5,no change,3 to 4,1996,All Perils,1
Nov,5,Monday,Ford,Rural,Tuesday,Jun,5,Female,Widow,27,Policy Holder,Sedan - Collision,Utility,40000 to 59000,35,2,400,3,1 to 7,15 to 30,none,7 years,51 to 65,Yes,No,Internal,none,2 to 3 years,more than 8,1995,Collision,0
Jan,5,Tuesday,Mazda,Urban,Saturday,Sep,5,Female,Widow,38,Policy Holder,Utility - All Perils,Sedan,less than 20000,36,15,400,2,8 to 15,8 to 15,none,5 years,36 to 40,No,No,Internal,more than 5,2 to 3 years,5 to 8,1995,Collision,1
Nov,2,Sunday,Ford,Urban,Thursday,Nov,1,Male,Single,49,Third Party,Sedan - All Perils,Utility,20000 to 29000,37,14,400,2,8 to 15,none,2 to 4,6 years,16 to 17,No,Yes,External,none,1 year,1 vehicle,1994,Collision,1
Oct,3,Thursday,Pontiac,Rural,Monday,May,3,Male,Single,24,Policy Holder,Sedan - Liability,Utility,30000 to 39000,38,11,500,4,1 to 7,8 to 15,none,7 years,over 65,Yes,Yes,External,3 to 5,under 6 months,5 to 8,1994,All Perils,0
Apr,3,Sunday,Ford,Rural,Tuesday,Aug,4,Female,Married,32,Third Party,Sport - Liability,Sedan,more than 69000,39,1,300,4,more than 30,8 to 15,none,2 years,36 to 40,Yes,Yes,External,3 to 5,no change,1 vehicle,1995,Liability,0
Aug,3,Tuesday,Pontiac,Urban,Monday,Jan,1,Female,Single,30,Policy Holder,Sedan - All Perils,Utility,60000 to 69000,40,14,500,2,1 to 7,more than 30,more than 4,2 years,51 to 65,No,Yes,External,more than 5,no change,more than 8,1996,Liability,1
Feb,2,Wednesday,Pontiac,Rural,Saturday,Nov,5,Female,Married,79,Third Party,Utility - All Perils,Sport,more than 69000,41,8,700,2,15 to 30,more than 30,2 to 4,3 years,over 65,No,Yes,External,more than 5,under 6 months,2 vehicles,1994,Collision,1
Oct,5,Tuesday,Nissan,Rural,Thursday,Jan,1,Male,Married,43,Third Party,Utility - All Perils,Utility,30000 to 39000,42,8,700,2,none,none,more than 4,5 years,31 to 35,No,Yes,Internal,more than 5,1 year,5 to 8,1996,Collision,1
Sep,5,Wednesday,Mazda,Urban,Monday,Jul,2,Female,Divorced,73,Third Party,Sedan - Liability,Sedan,20000 to 29000,43,15,400,4,more than 30,8 to 15,2 to 4,7 years,18 to 20,Yes,Yes,External,more than 5,1 year,5 to 8,1995,Liability,0
May,2,Thursday,Nissan,Rural,Tuesday,May,5,Male,Married,52,Policy Holder,Utility - All Perils,Utility,30000 to 39000,44,7,700,4,more than 30,none,1,4 years,31 to 35,Yes,No,Internal,more than 5,4 to 8 years,2 vehicles,1995,All Perils,1
Jan,5,Saturday,Mazda,Rural,Friday,Jan,3,Female,Single,49,Policy Holder,Utility - All Perils,Sedan,60000 to 69000,45,4,300,4,none,more than 30,2 to 4,more than 7,41 to 50,No,Yes,External,3 to 5,2 to 3 years,more than 8,1994,All Perils,0
Dec,2,Wednesday,BMW,Rural,Friday,Jun,4,Male,Divorced,77,Third Party,Sport - Liability,Sedan,40000 to 59000,46,4,300,4,15 to 30,8 to 15,more than 4,3 years,16 to 17,Yes,No,Internal,more than 5,4 to 8 years,3 to 4,1996,Liability,1
Jun,4,Saturday,Pontiac,Urban,Saturday,Dec,3,Male,Single,61,Third Party,Sedan - Collision,Sport,40000 to 59000,47,15,400,2,8 to 15,more than 30,2 to 4,4 years,over 65,Yes,No,External,more than 5,2 to 3 years,3 to 4,1994,Liability,0
Nov,3,Friday,Mercedes,Rural,Monday,Mar,4,Female,Single,33,Third Party,Sport - Liability,Sport,30000 to 39000,48,9,300,2,none,none,1,more than 7,26 to 30,Yes,Yes,External,1 to 2,1 year,3 to 4,1994,All Perils,0
Sep,3,Wednesday,Chevrolet,Urban,Monday,Apr,1,Female,Married,35,Third Party,Utility - All Perils,Sedan,60000 to 69000,49,10,400,4,15 to 30,15 to 30,more than 4,2 years,36 to 40,No,No,External,more than 5,4 to 8 years,2 vehicles,1994,Collision,1
Oct,1,Sunday,Mercedes,Rural,Monday,Mar,4,Male,Single,59,Third Party,Sport - Liability,Sedan,more than 69000,50,10,700,2,15 to 30,none,2 to 4,7 years,over 65,No,No,External,none,2 to 3 years,1 vehicle,1995,Liability,1
Oct,4,Thursday,Mazda,Urban,Wednesday,Feb,1,Male,Divorced,18,Third Party,Sedan - All Perils,Sport,60000 to 69000,51,4,700,1,more than 30,15 to 30,more than 4,2 years,51 to 65,Yes,No,Internal,none,4 to 8 years,more than 8,1995,Collision,0
Mar,2,Tuesday,Chevrolet,Rural,Saturday,Mar,1,Male,Married,27,Policy Holder,Sport - Liability,Sedan,30000 to 39000,52,7,400,4,15 to 30,none,2 to 4,more than 7,41 to 50,No,Yes,Internal,none,under 6 months,more than 8,1996,Collision,0
May,2,Sunday,Chevrolet,Rural,Friday,Jul,3,Male,Divorced,22,Policy Holder,Sedan - All Perils,Sedan,more than 69000,53,16,400,2,15 to 30,none,1,3 years,21 to 25,No,Yes,Internal,3 to 5,2 to 3 years,more than 8,1994,Liability,0
Jun,1,Sunday,BMW,Urban,Tuesday,Oct,3,Female,Single,62,Policy Holder,Sedan - Collision,Sedan,more than 69000,54,3,400,1,15 to 30,none,more than 4,6 years,31 to 35,No,Yes,Internal,none,under 6 months,more than 8,1995,Collision,0
Jun,5,Monday,Pontiac,Urban,Friday,Sep,1,Male,Widow,45,Third Party,Sport - Liability,Utility,60000 to 69000,55,16,300,4,15 to 30,15 to 30,2 to 4,6 years,31 to 35,No,No,External,none,under 6 months,5 to 8,1995,All Perils,1
Jan,1,Sunday,Honda,Urban,Friday,Oct,4,Male,Single,18,Third Party,Sedan - All Perils,Utility,more than 69000,56,5,300,2,8 to 15,15 to 30,more than 4,4 years,51 to 65,No,Yes,Internal,none,2 to 3 years,more than 8,1994,Liability,0
Jul,4,Sunday,Mercedes,Rural,Tuesday,Sep,2,Female,Single,64,Policy Holder,Sedan - Collision,Sport,20000 to 29000,57,5,700,2,15 to 30,15 to 30,more than 4,5 years,16 to 17,No,Yes,External,none,1 year,more than 8,1994,Liability,0
Feb,5,Saturday,BMW,Rural,Saturday,May,5,Female,Married,59,Policy Holder,Sport - Collision,Utility,30000 to 39000,58,1,500,3,none,none,1,7 years,16 to 17,No,No,Internal,none,2 to 3 years,2 vehicles,1996,Collision,0
Sep,1,Tuesday,Honda,Rural,Wednesday,Nov,1,Male,Divorced,63,Policy Holder,Sedan - Collision,Sedan,20000 to 29000,59,11,500,2,15 to 30,8 to 15,none,more than 7,18 to 20,No,No,Internal,none,2 to 3 years,3 to 4,1994,All Perils,0
Sep,3,Friday,Nissan,Urban,Monday,Mar,2,Female,Married,28,Third Party,Sport - Collision,Sedan,30000 to 39000,60,6,400,4,1 to 7,8 to 15,none,new,over 65,Yes,Yes,External,1 to 2,2 to 3 years,1 vehicle,1994,All Perils,0
Dec,3,Thursday,Pontiac,Urban,Wednesday,Sep,2,Female,Divorced,73,Policy Holder,Sedan - All Perils,Sport,60000 to 69000,61,8,700,3,8 to 15,more than 30,2 to 4,4 years,31 to 35,Yes,No,External,more than 5,no change,5 to 8,1995,Collision,1
Sep,2,Friday,Honda,Urban,Saturday,Feb,3,Female,Single,29,Policy Holder,Utility - All Perils,Utility,60000 to 69000,62,10,300,3,15 to 30,15 to 30,more than 4,7 years,41 to 50,No,Yes,Internal,3 to 5,no change,1 vehicle,1994,Liability,0
May,4,Friday,Chevrolet,Rural,Friday,Oct,3,Male,Married,53,Policy Holder,Utility - All Perils,Sport,less than 20000,63,11,700,1,none,none,more than 4,5 years,16 to 17,Yes,No,External,1 to 2,under 6 months,5 to 8,1995,Collision,1
Dec,3,Friday,Mercedes,Rural,Tuesday,Feb,1,Female,Widow,53,Third Party,Sedan - All Perils,Utility,60000 to 69000,64,16,500,2,15 to 30,none,none,new,16 to 17,No,Yes,Internal,none,under 6 months,more than 8,1996,Liability,0
May,3,Thursday,Ford,Urban,Saturday,Mar,3,Female,Married,31,Third Party,Sport - Liability,Sport,20000 to 29000,65,9,400,2,1 to 7,8 to 15,none,2 years,36 to 40,Yes,No,External,3 to 5,4 to 8 years,3 to 4,1994,All Perils,0
Apr,3,Friday,Nissan,Urban,Wednesday,May,5,Female,Widow,41,Third Party,Sedan - Collision,Sedan,20000 to 29000,66,3,700,4,15 to 30,none,2 to 4,7 years,41 to 50,Yes,Yes,Internal,1 to 2,no change,5 to 8,1994,Liability,0
Nov,5,Thursday,Mazda,Rural,Thursday,Sep,1,Female,Widow,21,Third Party,Utility - All Perils,Utility,40000 to 59000,67,12,400,4,15 to 30,8 to 15,1,4 years,26 to 30,No,Yes,Internal,3 to 5,1 year,more than 8,1994,Collision,0
May,4,Monday,Ford,Rural,Monday,Jan,2,Male,Single,47,Policy Holder,Sedan - Collision,Sport,20000 to 29000,68,1,400,1,none,more than 30,1,6 years,16 to 17,No,No,External,none,2 to 3 years,5 to 8,1994,Collision,1
Jan,2,Monday,Mazda,Urban,Sunday,Apr,3,Female,Widow,60,Policy Holder,Utility - All Perils,Utility,more than 69000,69,14,500,3,1 to 7,none,none,more than 7,31 to 35,Yes,No,Internal,more than 5,under 6 months,3 to 4,1995,Liability,0
Jun,5,Sunday,Chevrolet,Rural,Saturday,May,4,Female,Divorced,37,Third Party,Utility - All Perils,Utility,less than 20000,70,5,500,4,more than 30,15 to 30,none,new,36 to 40,No,No,Internal,none,under 6 months,more than 8,1995,All Perils,1
Oct,5,Sunday,BMW,Urban,Tuesday,Sep,1,Female,Divorced,51,Third Party,Sedan - Collision,Utility,less than 20000,71,12,500,3,1 to 7,8 to 15,2 to 4,4 years,18 to 20,Yes,Yes,External,more than 5,under 6 months,1 vehicle,1996,Liability,0
Mar,5,Friday,Nissan,Urban,Thursday,Dec,2,Female,Married,78,Third Party,Sedan - Liability,Utility,60000 to 69000,72,3,400,1,8 to 15,15 to 30,2 to 4,2 years,21 to 25,No,Yes,Internal,3 to 5,1 year,2 vehicles,1995,All Perils,1
Jun,4,Tuesday,Toyota,Urban,Saturday,Aug,2,Male,Married,32,Third Party,Sport - Liability,Utility,20000 to 29000,73,7,400,1,none,15 to 30,more than 4,7 years,41 to 50,Yes,Yes,Internal,3 to 5,2 to 3 years,2 vehicles,1995,Collision,0
Feb,2,Saturday,Nissan,Rural,Thursday,Jul,4,Female,Divorced,36,Third Party,Utility - All Perils,Sport,60000 to 69000,74,12,400,3,15 to 30,15 to 30,1,4 years,18 to 20,No,No,External,more than 5,1 year,2 vehicles,1995,Collision,1
Sep,4,Tuesday,Chevrolet,Rural,Tuesday,May,1,Female,Divorced,25,Third Party,Sport - Liability,Sedan,60000 to 69000,75,10,700,3,none,8 to 15,2 to 4,more than 7,16 to 17,No,Yes,Internal,1 to 2,4 to 8 years,5 to 8,1995,All Perils,1
Jun,2,Wednesday,Toyota,Urban,Sunday,Oct,4,Female,Divorced,52,Policy Holder,Sedan - Liability,Sport,20000 to 29000,76,1,400,3,1 to 7,more than 30,more than 4,3 years,36 to 40,Yes,No,External,3 to 5,no change,5 to 8,1996,Liability,1
Apr,2,Wednesday,Nissan,Rural,Tuesday,Feb,3,Female,Divorced,30,Policy Holder,Sport - Collision,Sedan,40000 to 59000,77,1,700,2,8 to 15,8 to 15,1,2 years,16 to 17,Yes,No,External,3 to 5,under 6 months,1 vehicle,1995,Collision,0
Mar,3,Monday,Mazda,Rural,Wednesday,Feb,2,Female,Married,71,Policy Holder,Sedan - All Perils,Sedan,40000 to 59000,78,16,300,2,15 to 30,none,none,7 years,26 to 30,No,No,Internal,3 to 5,under 6 months,2 vehicles,1995,Liability,0
Jul,5,Saturday,Pontiac,Rural,Wednesday,Mar,5,Male,Single,36,Policy Holder,Utility - All Perils,Sport,less than 20000,79,9,300,2,8 to 15,none,more than 4,5 years,36 to 40,No,Yes,External,3 to 5,under 6 months,more than 8,1995,Collision,0
Sep,3,Thursday,BMW,Rural,Sunday,Apr,5,Female,Single,59,Third Party,Sport - Liability,Sport,60000 to 69000,80,14,400,3,more than 30,none,none,2 years,16 to 17,No,Yes,Internal,more than 5,2 to 3 years,3 to 4,1996,Liability,0
Dec,2,Wednesday,Honda,Urban,Thursday,Jun,5,Female,Married,29,Third Party,Sport - Liability,Sport,more than 69000,81,2,300,2,8 to 15,8 to 15,1,6 years,36 to 40,Yes,Yes,External,1 to 2,no change,2 vehicles,1994,All Perils,0
Jun,3,Thursday,Toyota,Urban,Saturday,Dec,5,Male,Divorced,38,Policy Holder,Sedan - All Perils,Sport,more than 69000,82,8,700,4,1 to 7,more than 30,none,4 years,51 to 65,Yes,Yes,External,3 to 5,under 6 months,3 to 4,1994,Collision,0
Feb,2,Monday,BMW,Urban,Sunday,Aug,2,Male,Married,28,Third Party,Sedan - Collision,Utility,less than 20000,83,10,400,1,none,none,2 to 4,new,over 65,Yes,Yes,Internal,none,no change,5 to 8,1995,Collision,0
Oct,4,Thursday,Ford,Urban,Sunday,May,5,Male,Married,52,Third Party,Sport - Liability,Sedan,20000 to 29000,84,15,300,2,15 to 30,none,1,3 years,21 to 25,Yes,Yes,Internal,none,1 year,3 to 4,1994,All Perils,0
Aug,2,Thursday,Honda,Urban,Saturday,Mar,1,Male,Divorced,19,Third Party,Sedan - Liability,Sport,60000 to 69000,85,12,500,1,8 to 15,15 to 30,1,7 years,21 to 25,No,No,Internal,3 to 5,4 to 8 years,more than 8,1996,All Perils,0
Sep,3,Wednesday,Honda,Urban,Sunday,Aug,2,Female,Single,23,Policy Holder,Sedan - Liability,Sedan,20000 to 29000,86,11,700,1,15 to 30,15 to 30,2 to 4,2 years,36 to 40,No,No,External,none,4 to 8 years,more than 8,1996,Liability,0
Feb,2,Saturday,Mercedes,Rural,Sunday,Apr,3,Male,Widow,49,Policy Holder,Sedan - Liability,Utility,40000 to 59000,87,5,700,2,1 to 7,15 to 30,1,3 years,36 to 40,Yes,No,Internal,none,no change,more than 8,1994,Collision,0
Apr,2,Tuesday,Toyota,Urban,Sunday,Dec,4,Female,Widow,52,Third Party,Sport - Collision,Sport,30000 to 39000,88,16,300,1,1 to 7,none,1,3 years,36 to 40,Yes,No,External,3 to 5,no change,1 vehicle,1995,All Perils,0
Oct,5,Monday,Honda,Urban,Friday,Jun,3,Male,Divorced,38,Policy Holder,Sedan - Liability,Sport,20000 to 29000,89,6,700,2,8 to 15,none,1,6 years,21 to 25,No,Yes,Internal,3 to 5,1 year,3 to 4,1995,Liability,0
Oct,2,Thursday,Pontiac,Urban,Monday,Jul,3,Male,Married,45,Policy Holder,Sport - Collision,Sport,40000 to 59000,90,5,400,3,1 to 7,8 to 15,none,7 years,16 to 17,No,No,Internal,3 to 5,under 6 months,3 to 4,1994,Collision,0
Jun,1,Sunday,Toyota,Urban,Monday,Nov,2,Female,Widow,44,Third Party,Sedan - Collision,Utility,20000 to 29000,91,12,700,2,more than 30,15 to 30,more than 4,7 years,16 to 17,No,No,Internal,1 to 2,under 6 months,5 to 8,1994,Collision,1
Oct,2,Wednesday,Pontiac,Rural,Saturday,Apr,3,Male,Divorced,65,Third Party,Utility - All Perils,Sport,less than 20000,92,16,500,3,15 to 30,15 to 30,more than 4,6 years,over 65,No,Yes,External,more than 5,2 to 3 years,more than 8,1996,All Perils,1
Nov,3,Monday,Chevrolet,Rural,Wednesday,Jun,3,Female,Divorced,46,Policy Holder,Sedan - All Perils,Utility,40000 to 59000,93,14,500,2,more than 30,more than 30,2 to 4,new,26 to 30,Yes,No,External,none,under 6 months,3 to 4,1995,Liability,0
May,1,Sunday,Pontiac,Urban,Saturday,Jul,3,Female,Widow,71,Policy Holder,Sedan - Liability,Sedan,20000 to 29000,94,3,700,2,1 to 7,15 to 30,none,more than 7,31 to 35,Yes,No,External,none,1 year,2 vehicles,1995,All Perils,0
Nov,2,Thursday,Chevrolet,Rural,Sunday,Apr,3,Male,Widow,31,Third Party,Sport - Liability,Utility,20000 to 29000,95,14,700,4,none,8 to 15,1,2 years,36 to 40,Yes,Yes,External,1 to 2,no change,more than 8,1994,Liability,0
Apr,1,Tuesday,Mercedes,Rural,Friday,Jan,4,Male,Divorced,30,Policy Holder,Sedan - All Perils,Utility,60000 to 69000,96,6,300,1,none,15 to 30,1,4 years,18 to 20,No,Yes,Internal,more than 5,4 to 8 years,5 to 8,1995,All Perils,0
Mar,3,Friday,Pontiac,Rural,Saturday,Apr,2,Female,Divorced,43,Third Party,Sedan - Collision,Sedan,40000 to 59000,97,4,500,3,more than 30,8 to 15,none,7 years,26 to 30,No,Yes,External,3 to 5,no change,3 to 4,1994,Collision,0
Sep,4,Wednesday,Mazda,Urban,Tuesday,Feb,1,Female,Widow,23,Policy Holder,Sport - Collision,Sedan,40000 to 59000,98,15,300,3,more than 30,none,more than 4,2 years,26 to 30,No,No,External,3 to 5,no change,more than 8,1994,Collision,1
Aug,5,Sunday,Honda,Rural,Thursday,Sep,2,Male,Married,60,Policy Holder,Utility - All Perils,Utility,less than 20000,99,16,700,2,15 to 30,15 to 30,1,2 years,16 to 17,Yes,Yes,External,more than 5,1 year,2 vehicles,1996,Liability,0
Feb,2,Wednesday,Ford,Rural,Sunday,Jan,3,Female,Widow,42,Third Party,Utility - All Perils,Sport,less than 20000,100,6,500,2,8 to 15,8 to 15,2 to 4,new,36 to 40,Yes,Yes,External,more than 5,4 to 8 years,2 vehicles,1995,Collision,0
Oct,5,Thursday,Toyota,Rural,Saturday,Apr,1,Male,Single,41,Policy Holder,Sedan - All Perils,Utility,30000 to 39000,101,1,300,3,1 to 7,8 to 15,2 to 4,3 years,18 to 20,No,Yes,Internal,none,2 to 3 years,1 vehicle,1994,All Perils,0
Mar,2,Thursday,Honda,Urban,Tuesday,Nov,1,Male,Widow,51,Policy Holder,Utility - All Perils,Sedan,30000 to 39000,102,4,400,1,15 to 30,15 to 30,1,4 years,16 to 17,No,Yes,External,3 to 5,1 year,1 vehicle,1994,Liability,1
Oct,4,Tuesday,Ford,Rural,Sunday,Jul,5,Female,Married,23,Third Party,Sedan - Collision,Sport,30000 to 39000,103,9,700,2,8 to 15,none,1,4 years,36 to 40,Yes,Yes,External,more than 5,under 6 months,more than 8,1996,All Perils,1
Jan,3,Thursday,Toyota,Urban,Thursday,Sep,2,Male,Divorced,41,Third Party,Utility - All Perils,Utility,less than 20000,104,1,500,2,15 to 30,none,more than 4,new,21 to 25,No,Yes,External,none,under 6 months,1 vehicle,1995,Liability,1
Oct,4,Monday,Honda,Urban,Saturday,Sep,4,Male,Widow,79,Policy Holder,Utility - All Perils,Utility,more than 69000,105,4,300,1,none,8 to 15,more than 4,2 years,41 to 50,No,No,External,none,2 to 3 years,5 to 8,1996,Liability,0
Oct,4,Friday,Ford,Rural,Thursday,Apr,1,Female,Divorced,57,Policy Holder,Sport - Collision,Sport,30000 to 39000,106,3,700,3,8 to 15,15 to 30,2 to 4,new,31 to 35,No,Yes,External,1 to 2,1 year,1 vehicle,1996,Collision,0
Oct,3,Saturday,Chevrolet,Rural,Friday,Aug,5,Female,Divorced,54,Policy Holder,Sport - Collision,Sedan,60000 to 69000,107,16,500,3,15 to 30,more than 30,2 to 4,2 years,16 to 17,No,Yes,External,more than 5,2 to 3 years,2 vehicles,1995,All Perils,0
Aug,2,Sunday,Toyota,Urban,Tuesday,Mar,2,Male,Divorced,49,Third Party,Sport - Collision,Sport,30000 to 39000,108,6,300,4,15 to 30,15 to 30,none,5 years,41 to 50,Yes,Yes,External,none,1 year,2 vehicles,1995,All Perils,0
Jun,3,Wednesday,Ford,Rural,Wednesday,Aug,2,Female,Single,47,Third Party,Sedan - Liability,Sport,30000 to 39000,109,7,400,3,none,8 to 15,none,new,16 to 17,Yes,Yes,External,3 to 5,under 6 months,2 vehicles,1995,Collision,0
Sep,5,Tuesday,Honda,Rural,Saturday,Sep,4,Female,Divorced,77,Third Party,Utility - All Perils,Utility,less than 20000,110,7,700,3,none,8 to 15,none,2 years,21 to 25,No,Yes,Internal,1 to 2,no change,1 vehicle,1994,Collision,1
Apr,5,Thursday,Honda,Rural,Saturday,Nov,2,Male,Married,76,Policy Holder,Sport - Liability,Utility,60000 to 69000,111,1,400,3,more than 30,8 to 15,more than 4,5 years,41 to 50,Yes,Yes,Internal,3 to 5,under 6 months,more than 8,1994,All Perils,0
Oct,5,Friday,Toyota,Urban,Monday,Dec,3,Male,Widow,43,Policy Holder,Utility - All Perils,Utility,less than 20000,112,9,300,1,1 to 7,8 to 15,more than 4,5 years,26 to 30,Yes,No,Internal,more than 5,under 6 months,3 to 4,1994,Collision,1
Jul,1,Sunday,Chevrolet,Urban,Monday,Jan,4,Female,Married,76,Policy Holder,Sedan - Liability,Sedan,60000 to 69000,113,15,500,2,8 to 15,15 to 30,none,more than 7,26 to 30,Yes,No,Internal,none,1 year,3 to 4,1996,Liability,0
Jun,3,Monday,Pontiac,Rural,Friday,Apr,1,Male,Married,23,Policy Holder,Sport - Liability,Sport,more than 69000,114,14,700,4,15 to 30,more than 30,1,5 years,18 to 20,No,Yes,Internal,1 to 2,under 6 months,5 to 8,1996,Liability,0
Jul,1,Tuesday,Mercedes,Rural,Thursday,Jul,1,Female,Divorced,38,Policy Holder,Sedan - All Perils,Sport,30000 to 39000,115,5,500,1,8 to 15,15 to 30,1,more than 7,26 to 30,No,Yes,Internal,3 to 5,2 to 3 years,more than 8,1995,Collision,0
Jul,4,Tuesday,Pontiac,Rural,Saturday,Apr,4,Male,Divorced,37,Policy Holder,Sport - Liability,Sport,more than 69000,116,1,700,2,more than 30,8 to 15,more than 4,6 years,21 to 25,Yes,Yes,External,none,1 year,2 vehicles,1996,Collision,0
Jan,5,Tuesday,Pontiac,Rural,Monday,Aug,2,Female,Widow,61,Policy Holder,Utility - All Perils,Utility,60000 to 69000,117,13,300,1,more than 30,8 to 15,1,5 years,over 65,Yes,No,Internal,3 to 5,under 6 months,3 to 4,1996,Liability,0
Feb,1,Thursday,Nissan,Rural,Wednesday,Nov,5,Female,Single,56,Third Party,Utility - All Perils,Utility,less than 20000,118,14,500,4,1 to 7,none,none,4 years,41 to 50,No,No,External,1 to 2,no change,3 to 4,1994,Liability,1
Mar,4,Sunday,Ford,Rural,Monday,Apr,5,Male,Single,47,Policy Holder,Utility - All Perils,Sedan,20000 to 29000,119,15,500,2,none,more than 30,2 to 4,new,over 65,No,No,External,none,no change,2 vehicles,1994,All Perils,0
Feb,5,Monday,Mercedes,Urban,Friday,Nov,5,Female,Single,34,Third Party,Sedan - Liability,Utility,40000 to 59000,120,10,700,2,more than 30,more than 30,none,6 years,26 to 30,No,No,Internal,3 to 5,no change,1 vehicle,1995,Liability,1
Jun,5,Saturday,Nissan,Rural,Sunday,Nov,5,Female,Divorced,49,Policy Holder,Sedan - Collision,Utility,60000 to 69000,121,8,500,4,15 to 30,none,2 to 4,more than 7,over 65,Yes,Yes,Internal,none,under 6 months,more than 8,1996,All Perils,0
Sep,2,Friday,Pontiac,Urban,Tuesday,Nov,5,Female,Married,34,Policy Holder,Sedan - Collision,Utility,less than 20000,122,13,700,4,15 to 30,none,more than 4,3 years,21 to 25,No,Yes,Internal,none,under 6 months,5 to 8,1995,Liability,0
Aug,1,Friday,Mercedes,Rural,Wednesday,Jan,2,Male,Single,49,Third Party,Sport - Collision,Sport,60000 to 69000,123,12,300,1,8 to 15,none,none,3 years,21 to 25,No,No,External,none,no change,5 to 8,1995,Liability,1
Jun,5,Friday,Toyota,Urban,Saturday,Apr,5,Male,Widow,39,Third Party,Utility - All Perils,Utility,60000 to 69000,124,13,300,4,8 to 15,more than 30,more than 4,new,21 to 25,No,Yes,Internal,none,2 to 3 years,2 vehicles,1996,All Perils,1
Nov,5,Monday,Mercedes,Rural,Monday,Feb,2,Female,Divorced,73,Third Party,Sport - Liability,Sport,less than 20000,125,5,500,3,none,none,2 to 4,5 years,36 to 40,Yes,No,Internal,1 to 2,1 year,5 to 8,1994,All Perils,0
Jul,3,Saturday,Pontiac,Urban,Sunday,Feb,3,Female,Widow,65,Third Party,Sport - Collision,Utility,more than 69000,126,15,300,4,8 to 15,none,none,3 years,36 to 40,No,Yes,External,more than 5,4 to 8 years,1 vehicle,1996,Collision,1
Jan,5,Tuesday,Toyota,Urban,Sunday,Jan,1,Male,Married,29,Policy Holder,Sport - Liability,Utility,40000 to 59000,127,1,700,1,8 to 15,8 to 15,none,new,16 to 17,Yes,Yes,External,1 to 2,4 to 8 years,1 vehicle,1996,Liability,0
Oct,1,Thursday,Honda,Urban,Tuesday,Jun,5,Male,Single,77,Third Party,Sedan - Collision,Utility,40000 to 59000,128,2,300,1,none,8 to 15,none,new,36 to 40,No,No,Internal,none,no change,more than 8,1996,All Perils,0
Jul,4,Friday,BMW,Urban,Monday,Feb,3,Male,Divorced,59,Third Party,Sport - Collision,Sport,less than 20000,129,11,500,2,15 to 30,8 to 15,more than 4,3 years,over 65,No,Yes,Internal,more than 5,2 to 3 years,2 vehicles,1994,All Perils,1
Aug,1,Friday,Mazda,Rural,Friday,Apr,5,Female,Single,40,Third Party,Sport - Collision,Sedan,40000 to 59000,130,10,400,4,15 to 30,15 to 30,2 to 4,4 years,26 to 30,Yes,Yes,Internal,more than 5,4 to 8 years,5 to 8,1994,Collision,1
Jul,5,Wednesday,Ford,Urban,Monday,Dec,2,Female,Divorced,51,Third Party,Sedan - Collision,Sport,30000 to 39000,131,9,500,2,more than 30,none,1,4 years,41 to 50,Yes,Yes,Internal,1 to 2,4 to 8 years,2 vehicles,1996,Liability,0
Jul,4,Wednesday,Mazda,Rural,Thursday,Nov,2,Female,Single,30,Third Party,Sport - Collision,Utility,30000 to 39000,132,15,500,3,none,none,2 to 4,6 years,36 to 40,Yes,No,External,none,2 to 3 years,5 to 8,1996,All Perils,0
Feb,5,Thursday,Nissan,Rural,Monday,Dec,3,Male,Single,20,Third Party,Utility - All Perils,Sport,60000 to 69000,133,14,400,1,1 to 7,none,1,5 years,over 65,No,No,Internal,more than 5,no change,5 to 8,1994,All Perils,1
Jul,3,Monday,Mazda,Rural,Thursday,Jan,5,Male,Married,44,Third Party,Sport - Liability,Utility,20000 to 29000,134,12,400,2,8 to 15,15 to 30,1,7 years,36 to 40,No,No,Internal,3 to 5,4 to 8 years,5 to 8,1996,All Perils,1
Oct,1,Saturday,Honda,Urban,Wednesday,Aug,3,Male,Single,67,Policy Holder,Utility - All Perils,Sport,less than 20000,135,3,500,4,more than 30,15 to 30,2 to 4,3 years,31 to 35,Yes,Yes,Internal,more than 5,4 to 8 years,more than 8,1994,All Perils,0
Apr,1,Monday,Ford,Urban,Friday,Aug,4,Female,Single,40,Third Party,Sport - Liability,Sport,30000 to 39000,136,2,500,2,1 to 7,8 to 15,none,2 years,16 to 17,Yes,Yes,External,3 to 5,1 year,3 to 4,1995,All Perils,0
Aug,2,Thursday,Toyota,Urban,Sunday,Feb,2,Male,Single,42,Third Party,Sedan - All Perils,Sedan,60000 to 69000,137,3,500,4,more than 30,more than 30,more than 4,5 years,51 to 65,Yes,No,External,more than 5,4 to 8 years,more than 8,1994,Collision,1
Jan,4,Friday,BMW,Urban,Thursday,Nov,4,Male,Widow,80,Policy Holder,Sedan - Liability,Sport,less than 20000,138,10,400,3,more than 30,15 to 30,more than 4,new,26 to 30,Yes,No,External,none,1 year,2 vehicles,1995,Liability,1
May,1,Monday,Mercedes,Urban,Friday,May,4,Male,Divorced,80,Policy Holder,Utility - All Perils,Sedan,more than 69000,139,12,400,1,none,more than 30,more than 4,7 years,over 65,No,Yes,External,none,1 year,more than 8,1996,All Perils,0
Jun,5,Sunday,Mercedes,Rural,Friday,Dec,5,Male,Single,47,Third Party,Sedan - All Perils,Sport,60000 to 69000,140,13,300,4,1 to 7,more than 30,none,2 years,21 to 25,Yes,No,External,3 to 5,2 to 3 years,3 to 4,1994,Liability,0
Dec,2,Wednesday,Pontiac,Urban,Sunday,Feb,1,Female,Widow,20,Policy Holder,Sport - Collision,Utility,more than 69000,141,2,700,4,1 to 7,8 to 15,1,more than 7,26 to 30,Yes,Yes,External,3 to 5,2 to 3 years,more than 8,1996,Collision,0
Mar,3,Monday,BMW,Urban,Tuesday,Aug,2,Female,Married,60,Third Party,Sedan - Liability,Utility,30000 to 39000,142,5,300,4,8 to 15,15 to 30,1,more than 7,51 to 65,No,No,Internal,1 to 2,1 year,more than 8,1994,Liability,1
Apr,2,Friday,Mazda,Urban,Tuesday,Feb,1,Female,Married,63,Policy Holder,Utility - All Perils,Sedan,less than 20000,143,6,400,2,more than 30,15 to 30,2 to 4,5 years,18 to 20,No,Yes,External,1 to 2,2 to 3 years,5 to 8,1996,Liability,0
May,3,Thursday,Pontiac,Urban,Wednesday,Dec,3,Female,Married,75,Third Party,Utility - All Perils,Sport,20000 to 29000,144,11,700,2,1 to 7,8 to 15,1,3 years,21 to 25,No,No,Internal,1 to 2,4 to 8 years,more than 8,1996,Collision,0
Dec,3,Friday,Honda,Urban,Saturday,Aug,4,Male,Divorced,77,Third Party,Utility - All Perils,Sedan,40000 to 59000,145,1,700,2,15 to 30,15 to 30,1,3 years,51 to 65,No,Yes,Internal,none,2 to 3 years,5 to 8,1995,Collision,0
Nov,1,Saturday,Chevrolet,Urban,Sunday,Jan,4,Male,Widow,57,Policy Holder,Sedan - Collision,Sedan,40000 to 59000,146,14,400,3,none,8 to 15,none,4 years,21 to 25,Yes,No,External,more than 5,4 to 8 years,5 to 8,1994,Liability,0
Jan,3,Thursday,Pontiac,Rural,Tuesday,Mar,4,Male,Widow,24,Policy Holder,Utility - All Perils,Utility,60000 to 69000,147,2,400,2,8 to 15,none,2 to 4,4 years,over 65,No,No,External,more than 5,1 year,2 vehicles,1995,All Perils,0
Mar,4,Saturday,Honda,Rural,Monday,May,4,Female,Divorced,33,Third Party,Sport - Collision,Sport,60000 to 69000,148,9,400,1,1 to 7,none,2 to 4,new,31 to 35,Yes,No,Internal,more than 5,1 year,2 vehicles,1996,Collision,0
Oct,5,Wednesday,Chevrolet,Rural,Friday,Jan,5,Female,Widow,63,Policy Holder,Sedan - Liability,Sedan,60000 to 69000,149,15,500,1,more than 30,8 to 15,2 to 4,2 years,51 to 65,No,No,External,3 to 5,2 to 3 years,1 vehicle,1996,All Perils,1
Jan,2,Thursday,BMW,Rural,Friday,Jan,5,Male,Single,56,Policy Holder,Sport - Collision,Sedan,40000 to 59000,150,4,300,2,15 to 30,more than 30,1,7 years,31 to 35,Yes,No,External,none,1 year,5 to 8,1994,Collision,0
Nov,5,Tuesday,Mazda,Rural,Wednesday,Dec,3,Female,Single,45,Third Party,Sedan - All Perils,Sedan,less than 20000,151,11,700,4,1 to 7,none,more than 4,new,16 to 17,Yes,Yes,Internal,1 to 2,no change,5 to 8,1996,Collision,0
Apr,5,Friday,Chevrolet,Urban,Tuesday,Dec,5,Female,Married,43,Third Party,Sport - Collision,Sport,40000 to 59000,152,9,700,4,15 to 30,15 to 30,2 to 4,4 years,51 to 65,Yes,Yes,Internal,3 to 5,1 year,5 to 8,1994,All Perils,0
Dec,5,Tuesday,Ford,Urban,Saturday,Jul,1,Male,Single,62,Policy Holder,Sedan - Liability,Sedan,60000 to 69000,153,14,400,4,1 to 7,none,none,more than 7,26 to 30,No,Yes,External,none,no change,5 to 8,1996,Liability,0
Apr,2,Friday,Ford,Urban,Saturday,Nov,4,Female,Widow,44,Policy Holder,Sport - Collision,Sport,more than 69000,154,10,300,3,8 to 15,15 to 30,1,new,26 to 30,Yes,No,Internal,none,2 to 3 years,2 vehicles,1995,All Perils,0
Jun,5,Saturday,Toyota,Urban,Saturday,Aug,3,Female,Married,27,Third Party,Sport - Liability,Sport,more than 69000,155,14,500,4,8 to 15,none,2 to 4,more than 7,41 to 50,Yes,No,External,more than 5,2 to 3 years,more than 8,1996,Collision,1
Aug,3,Sunday,Ford,Urban,Friday,Jan,5,Male,Single,79,Third Party,Sport - Liability,Sport,less than 20000,156,7,500,4,more than 30,8 to 15,none,4 years,21 to 25,Yes,Yes,Internal,none,2 to 3 years,3 to 4,1994,All Perils,0
Feb,1,Sunday,Mercedes,Urban,Tuesday,Sep,3,Male,Married,40,Policy Holder,Sport - Liability,Sedan,30000 to 39000,157,3,500,4,1 to 7,more than 30,1,4 years,26 to 30,No,No,Internal,3 to 5,4 to 8 years,5 to 8,1995,Collision,0
Jul,2,Monday,Nissan,Urban,Wednesday,Jan,1,Female,Divorced,35,Policy Holder,Sport - Collision,Sedan,40000 to 59000,158,11,300,3,none,8 to 15,more than 4,6 years,36 to 40,No,Yes,Internal,none,2 to 3 years,1 vehicle,1996,All Perils,0
Jul,4,Monday,Pontiac,Rural,Monday,Oct,4,Female,Divorced,22,Policy Holder,Sport - Liability,Sedan,20000 to 29000,159,16,500,1,none,more than 30,1,7 years,36 to 40,No,No,External,none,under 6 months,3 to 4,1995,All Perils,0
Oct,1,Sunday,Pontiac,Rural,Tuesday,May,5,Female,Divorced,47,Policy Holder,Sedan - Liability,Sedan,30000 to 39000,160,7,300,2,more than 30,none,2 to 4,4 years,41 to 50,No,No,External,3 to 5,no change,3 to 4,1994,Liability,0
Dec,3,Wednesday,Pontiac,Rural,Thursday,Feb,1,Male,Divorced,80,Third Party,Sport - Liability,Sedan,less than 20000,161,14,400,4,1 to 7,none,2 to 4,new,16 to 17,Yes,No,Internal,none,no change,more than 8,1994,Liability,0
Aug,4,Monday,Chevrolet,Urban,Thursday,Apr,1,Female,Widow,28,Policy Holder,Sedan - All Perils,Sedan,20000 to 29000,162,15,500,3,none,none,1,more than 7,over 65,Yes,No,External,3 to 5,4 to 8 years,5 to 8,1996,Liability,0
May,1,Wednesday,Mazda,Urban,Monday,Sep,4,Female,Divorced,33,Third Party,Sport - Collision,Utility,less than 20000,163,11,700,1,8 to 15,none,more than 4,new,36 to 40,No,No,Internal,more than 5,2 to 3 years,more than 8,1994,All Perils,0
May,3,Saturday,Pontiac,Rural,Sunday,Nov,3,Male,Divorced,29,Policy Holder,Sport - Collision,Sport,more than 69000,164,13,500,1,more than 30,8 to 15,none,7 years,36 to 40,Yes,No,Internal,3 to 5,under 6 months,2 vehicles,1996,Collision,0
Jun,2,Wednesday,Mercedes,Urban,Tuesday,Jul,3,Female,Widow,23,Third Party,Utility - All Perils,Sedan,more than 69000,165,10,300,3,more than 30,more than 30,1,4 years,51 to 65,No,Yes,External,none,4 to 8 years,5 to 8,1994,All Perils,0
Oct,3,Monday,Mazda,Urban,Thursday,Feb,1,Male,Married,56,Policy Holder,Sedan - Collision,Utility,30000 to 39000,166,13,500,4,more than 30,none,2 to 4,5 years,31 to 35,No,Yes,Internal,more than 5,under 6 months,5 to 8,1995,All Perils,0
Apr,2,Saturday,Pontiac,Urban,Thursday,Nov,3,Male,Divorced,36,Third Party,Sedan - All Perils,Utility,less than 20000,167,6,300,3,15 to 30,8 to 15,none,7 years,16 to 17,Yes,Yes,External,1 to 2,2 to 3 years,2 vehicles,1996,Collision,1
Mar,5,Tuesday,Chevrolet,Urban,Thursday,Oct,3,Female,Married,65,Third Party,Sport - Liability,Utility,30000 to 39000,168,9,300,4,more than 30,none,more than 4,more than 7,18 to 20,No,Yes,Internal,more than 5,under 6 months,2 vehicles,1994,Liability,1
May,1,Wednesday,Ford,Rural,Saturday,May,5,Male,Single,43,Policy Holder,Sport - Collision,Utility,30000 to 39000,169,2,300,1,15 to 30,15 to 30,none,2 years,over 65,No,No,External,none,2 to 3 years,5 to 8,1995,All Perils,0
Jan,5,Monday,Ford,Rural,Saturday,Jul,2,Female,Single,58,Third Party,Sedan - Collision,Utility,20000 to 29000,170,4,700,4,none,15 to 30,2 to 4,7 years,over 65,Yes,No,Internal,none,no change,1 vehicle,1996,Collision,0
Feb,4,Friday,Honda,Urban,Sunday,Dec,2,Female,Widow,23,Policy Holder,Sedan - All Perils,Utility,40000 to 59000,171,10,400,1,8 to 15,none,2 to 4,6 years,16 to 17,No,Yes,External,3 to 5,2 to 3 years,3 to 4,1994,Liability,0
Feb,5,Thursday,Mazda,Urban,Wednesday,May,1,Female,Single,38,Third Party,Sport - Liability,Sedan,more than 69000,172,12,500,4,8 to 15,8 to 15,more than 4,3 years,41 to 50,No,No,External,none,1 year,5 to 8,1994,All Perils,1
Oct,5,Sunday,BMW,Rural,Tuesday,Jan,3,Female,Single,44,Third Party,Utility - All Perils,Utility,more than 69000,173,1,700,4,8 to 15,none,none,4 years,36 to 40,No,Yes,Internal,3 to 5,1 year,more than 8,1994,Collision,0
Sep,1,Wednesday,BMW,Rural,Wednesday,Feb,4,Female,Single,21,Third Party,Sedan - Liability,Sedan,more than 69000,174,2,700,3,more than 30,8 to 15,none,7 years,18 to 20,Yes,No,External,3 to 5,no change,3 to 4,1994,Liability,0
Sep,5,Tuesday,Nissan,Rural,Thursday,Aug,2,Female,Widow,44,Third Party,Sedan - All Perils,Sedan,60000 to 69000,175,1,700,3,more than 30,8 to 15,2 to 4,2 years,51 to 65,No,No,External,none,under 6 months,5 to 8,1994,Collision,0
Jun,3,Tuesday,Honda,Urban,Wednesday,Dec,4,Female,Married,47,Policy Holder,Sport - Liability,Utility,less than 20000,176,9,300,2,8 to 15,more than 30,more than 4,5 years,31 to 35,No,Yes,External,1 to 2,no change,more than 8,1996,All Perils,0
Sep,5,Tuesday,BMW,Rural,Thursday,Sep,5,Female,Widow,43,Policy Holder,Sedan - Liability,Sedan,40000 to 59000,177,6,400,3,none,none,more than 4,6 years,21 to 25,No,Yes,External,none,2 to 3 years,2 vehicles,1995,Liability,0
Feb,5,Thursday,Mercedes,Rural,Tuesday,Aug,1,Male,Widow,49,Third Party,Sedan - Collision,Sport,40000 to 59000,178,1,400,4,1 to 7,15 to 30,none,5 years,36 to 40,No,No,Internal,none,no change,5 to 8,1994,All Perils,1
Nov,3,Monday,Mazda,Rural,Friday,Apr,3,Male,Divorced,68,Policy Holder,Sedan - Liability,Sport,less than 20000,179,13,700,2,none,more than 30,1,4 years,over 65,Yes,Yes,External,more than 5,4 to 8 years,5 to 8,1996,Collision,1
Jul,2,Wednesday,Ford,Urban,Friday,Jun,4,Male,Single,66,Third Party,Sport - Collision,Sedan,less than 20000,180,9,400,2,8 to 15,none,1,5 years,18 to 20,Yes,Yes,Internal,none,no change,more than 8,1995,Liability,0
Dec,1,Saturday,Mazda,Rural,Thursday,Jan,1,Female,Married,18,Third Party,Sedan - All Perils,Sedan,40000 to 59000,181,1,300,4,1 to 7,more than 30,more than 4,5 years,36 to 40,Yes,No,Internal,more than 5,1 year,5 to 8,1994,Liability,1
Feb,1,Saturday,BMW,Urban,Sunday,May,1,Female,Widow,58,Policy Holder,Sedan - Collision,Sport,60000 to 69000,182,11,700,4,none,more than 30,2 to 4,7 years,41 to 50,Yes,Yes,Internal,1 to 2,4 to 8 years,1 vehicle,1994,Collision,0
Jun,2,Friday,Mercedes,Urban,Sunday,Aug,2,Female,Married,74,Third Party,Sedan - Liability,Sport,20000 to 29000,183,15,400,3,none,8 to 15,1,7 years,36 to 40,Yes,No,External,1 to 2,1 year,1 vehicle,1994,Liability,0
Sep,5,Sunday,Pontiac,Rural,Sunday,Nov,1,Male,Single,72,Third Party,Sport - Collision,Utility,30000 to 39000,184,7,500,1,8 to 15,8 to 15,none,more than 7,36 to 40,Yes,Yes,Internal,3 to 5,1 year,5 to 8,1996,Liability,1
Jun,3,Saturday,Chevrolet,Rural,Monday,Dec,2,Male,Single,38,Policy Holder,Sport - Liability,Sedan,less than 20000,185,16,400,4,none,15 to 30,2 to 4,new,41 to 50,No,No,Internal,more than 5,4 to 8 years,2 vehicles,1996,Collision,1
Jun,3,Friday,Pontiac,Urban,Sunday,Oct,1,Male,Married,67,Third Party,Sedan - Collision,Sedan,less than 20000,186,7,400,4,none,15 to 30,1,3 years,21 to 25,No,No,External,3 to 5,no change,2 vehicles,1995,Collision,0
Feb,2,Sunday,Honda,Urban,Wednesday,Jan,5,Female,Married,68,Policy Holder,Sport - Collision,Sedan,40000 to 59000,187,2,300,2,1 to 7,more than 30,none,more than 7,16 to 17,No,No,External,none,1 year,3 to 4,1995,All Perils,0
May,3,Monday,Pontiac,Urban,Thursday,Oct,3,Female,Single,41,Third Party,Sport - Liability,Sedan,40000 to 59000,188,2,300,3,15 to 30,more than 30,none,6 years,over 65,No,No,External,more than 5,1 year,5 to 8,1995,All Perils,1
Mar,4,Saturday,Honda,Urban,Wednesday,Mar,2,Male,Married,72,Third Party,Sport - Collision,Sport,60000 to 69000,189,2,300,2,15 to 30,8 to 15,2 to 4,4 years,21 to 25,Yes,No,External,more than 5,2 to 3 years,2 vehicles,1996,All Perils,1
Apr,5,Wednesday,Nissan,Rural,Tuesday,Aug,4,Female,Widow,57,Third Party,Sport - Collision,Sport,more than 69000,190,5,300,4,1 to 7,none,2 to 4,6 years,over 65,No,No,External,more than 5,2 to 3 years,3 to 4,1995,Liability,0
Sep,4,Saturday,Nissan,Urban,Sunday,Dec,1,Male,Divorced,65,Policy Holder,Sedan - Collision,Sport,20000 to 29000,191,7,400,3,15 to 30,8 to 15,1,4 years,21 to 25,No,Yes,External,none,1 year,3 to 4,1995,All Perils,0
Aug,4,Sunday,Chevrolet,Rural,Friday,Nov,3,Female,Widow,65,Policy Holder,Utility - All Perils,Sedan,30000 to 39000,192,8,300,2,none,15 to 30,more than 4,more than 7,21 to 25,Yes,Yes,External,more than 5,1 year,1 vehicle,1994,All Perils,1
Aug,5,Thursday,Mazda,Urban,Sunday,Aug,4,Female,Single,67,Policy Holder,Utility - All Perils,Sedan,more than 69000,193,8,300,4,15 to 30,more than 30,2 to 4,5 years,16 to 17,No,Yes,Internal,1 to 2,under 6 months,5 to 8,1995,Collision,0
May,3,Monday,BMW,Rural,Sunday,Apr,5,Male,Widow,78,Third Party,Sport - Liability,Sport,less than 20000,194,14,700,3,none,8 to 15,2 to 4,4 years,26 to 30,No,No,Internal,1 to 2,under 6 months,3 to 4,1994,All Perils,0
Dec,5,Wednesday,Pontiac,Rural,Wednesday,Jul,2,Female,Single,72,Third Party,Utility - All Perils,Sport,60000 to 69000,195,1,700,2,none,more than 30,none,5 years,over 65,No,No,External,3 to 5,4 to 8 years,2 vehicles,1995,All Perils,1
Feb,2,Wednesday,BMW,Rural,Saturday,Sep,3,Female,Single,44,Policy Holder,Sport - Collision,Utility,more than 69000,196,15,400,4,more than 30,none,1,2 years,over 65,Yes,No,Internal,3 to 5,2 to 3 years,5 to 8,1996,All Perils,0
May,1,Sunday,Chevrolet,Rural,Thursday,Jul,4,Female,Widow,53,Policy Holder,Sport - Collision,Sport,less than 20000,197,4,700,2,8 to 15,15 to 30,more than 4,7 years,21 to 25,No,No,Internal,none,2 to 3 years,1 vehicle,1996,Collision,1
Feb,3,Sunday,Ford,Rural,Thursday,May,4,Male,Married,58,Third Party,Sport - Liability,Utility,less than 20000,198,16,300,2,8 to 15,8 to 15,1,2 years,26 to 30,Yes,No,Internal,none,no change,2 vehicles,1996,Collision,1
May,1,Thursday,Honda,Rural,Saturday,May,1,Male,Married,71,Policy Holder,Sedan - Liability,Sedan,60000 to 69000,199,3,300,2,1 to 7,15 to 30,2 to 4,new,41 to 50,Yes,No,Internal,3 to 5,under 6 months,2 vehicles,1995,Collision,0
Dec,1,Sunday,Ford,Rural,Friday,Aug,5,Male,Divorced,42,Policy Holder,Sedan - Collision,Sport,30000 to 39000,200,2,400,1,15 to 30,8 to 15,more than 4,new,over 65,No,Yes,External,more than 5,under 6 months,5 to 8,1996,Liability,1
May,5,Thursday,Chevrolet,Urban,Sunday,Jan,2,Male,Single,37,Third Party,Sedan - Collision,Sedan,more than 69000,201,2,400,2,15 to 30,more than 30,2 to 4,new,36 to 40,Yes,Yes,Internal,none,4 to 8 years,more than 8,1996,Collision,0
Nov,4,Wednesday,Mazda,Rural,Saturday,Dec,2,Female,Single,64,Policy Holder,Sport - Collision,Sedan,40000 to 59000,202,5,300,1,15 to 30,none,2 to 4,new,18 to 20,No,Yes,Internal,3 to 5,4 to 8 years,more than 8,1996,Collision,0
Jun,2,Saturday,Chevrolet,Rural,Friday,Feb,1,Female,Widow,78,Third Party,Sedan - Collision,Utility,40000 to 59000,203,16,700,3,1 to 7,more than 30,none,new,26 to 30,Yes,No,External,1 to 2,under 6 months,1 vehicle,1996,Liability,0
Sep,5,Friday,Ford,Urban,Sunday,Dec,1,Female,Married,75,Policy Holder,Sedan - All Perils,Sport,20000 to 29000,204,8,700,3,15 to 30,8 to 15,1,3 years,41 to 50,Yes,Yes,Internal,none,1 year,1 vehicle,1995,Liability,0
Jun,1,Thursday,Nissan,Rural,Monday,Jan,2,Male,Divorced,27,Third Party,Sedan - All Perils,Sport,20000 to 29000,205,3,400,4,15 to 30,15 to 30,none,more than 7,16 to 17,No,Yes,External,more than 5,2 to 3 years,5 to 8,1995,Collision,1
Apr,2,Thursday,Mazda,Urban,Saturday,Jul,1,Female,Single,75,Policy Holder,Sport - Liability,Sedan,20000 to 29000,206,11,400,3,8 to 15,8 to 15,none,new,36 to 40,No,Yes,External,3 to 5,no change,3 to 4,1995,Liability,0
Oct,4,Friday,Mercedes,Rural,Wednesday,Jun,4,Female,Married,67,Third Party,Sport - Collision,Sedan,less than 20000,207,9,500,1,1 to 7,8 to 15,2 to 4,6 years,41 to 50,No,Yes,Internal,1 to 2,1 year,2 vehicles,1995,Collision,0
Dec,2,Saturday,Mazda,Rural,Thursday,Jul,3,Female,Single,27,Policy Holder,Sedan - Liability,Utility,less than 20000,208,12,700,3,15 to 30,8 to 15,none,7 years,26 to 30,Yes,Yes,Internal,1 to 2,under 6 months,more than 8,1996,Liability,0
Apr,4,Thursday,Mazda,Rural,Saturday,Jun,2,Female,Single,18,Third Party,Sport - Liability,Sport,more than 69000,209,12,400,1,8 to 15,8 to 15,1,7 years,31 to 35,No,Yes,External,1 to 2,1 year,1 vehicle,1996,Collision,0
Oct,5,Monday,Pontiac,Rural,Tuesday,Nov,3,Female,Married,30,Policy Holder,Sedan - All Perils,Utility,less than 20000,210,13,500,1,1 to 7,none,1,3 years,41 to 50,No,Yes,Internal,more than 5,2 to 3 years,1 vehicle,1994,Collision,1
Apr,1,Monday,Ford,Urban,Sunday,Jan,4,Male,Widow,76,Policy Holder,Sedan - Liability,Sport,40000 to 59000,211,3,300,3,more than 30,8 to 15,1,new,36 to 40,No,No,External,more than 5,2 to 3 years,3 to 4,1995,Collision,1
Sep,1,Tuesday,Toyota,Urban,Thursday,Dec,1,Male,Single,65,Third Party,Sport - Collision,Sport,40000 to 59000,212,8,500,1,8 to 15,8 to 15,2 to 4,3 years,16 to 17,No,No,External,none,no change,2 vehicles,1995,Liability,0
Oct,5,Thursday,Mazda,Rural,Wednesday,Sep,2,Female,Divorced,54,Policy Holder,Sedan - Collision,Sport,less than 20000,213,11,700,2,8 to 15,15 to 30,1,5 years,36 to 40,No,No,External,more than 5,under 6 months,2 vehicles,1994,All Perils,0
Jun,3,Friday,Mercedes,Urban,Wednesday,Oct,5,Male,Widow,57,Third Party,Sedan - All Perils,Utility,more than 69000,214,9,400,4,1 to 7,8 to 15,more than 4,7 years,21 to 25,No,No,Internal,1 to 2,under 6 months,5 to 8,1994,Liability,1
Sep,3,Saturday,Toyota,Rural,Wednesday,Feb,1,Male,Married,44,Third Party,Utility - All Perils,Sedan,40000 to 59000,215,16,500,2,15 to 30,15 to 30,1,2 years,41 to 50,Yes,Yes,External,3 to 5,2 to 3 years,2 vehicles,1996,Collision,0
Apr,3,Tuesday,Mazda,Urban,Sunday,Jan,5,Female,Divorced,75,Policy Holder,Sedan - Collision,Sport,less than 20000,216,16,500,3,more than 30,8 to 15,more than 4,3 years,21 to 25,No,Yes,External,more than 5,under 6 months,3 to 4,1995,All Perils,0
Jan,3,Saturday,BMW,Rural,Monday,May,5,Male,Married,27,Policy Holder,Utility - All Perils,Sedan,less than 20000,217,13,500,2,15 to 30,8 to 15,more than 4,5 years,over 65,Yes,No,Internal,1 to 2,1 year,3 to 4,1994,Liability,0
Feb,4,Friday,BMW,Rural,Thursday,Apr,2,Female,Single,37,Third Party,Sedan - All Perils,Sport,60000 to 69000,218,4,500,1,8 to 15,15 to 30,1,6 years,18 to 20,Yes,Yes,External,1 to 2,under 6 months,5 to 8,1996,Liability,0
Jun,3,Monday,Mazda,Rural,Saturday,Oct,2,Male,Divorced,30,Policy Holder,Utility - All Perils,Utility,40000 to 59000,219,9,700,1,15 to 30,15 to 30,more than 4,3 years,over 65,Yes,No,External,3 to 5,under 6 months,more than 8,1994,Liability,0
Nov,1,Wednesday,Honda,Rural,Thursday,Nov,2,Male,Single,71,Third Party,Utility - All Perils,Utility,30000 to 39000,220,13,300,1,1 to 7,more than 30,1,7 years,16 to 17,Yes,Yes,External,1 to 2,1 year,5 to 8,1995,Liability,0
Feb,4,Wednesday,Honda,Urban,Thursday,Jun,3,Male,Divorced,52,Policy Holder,Sport - Liability,Sport,30000 to 39000,221,5,700,1,none,8 to 15,more than 4,7 years,41 to 50,No,Yes,External,1 to 2,under 6 months,2 vehicles,1994,Liability,0
Jun,4,Sunday,Chevrolet,Urban,Wednesday,Oct,2,Male,Divorced,61,Policy Holder,Sedan - Collision,Sedan,less than 20000,222,12,700,1,15 to 30,none,more than 4,3 years,26 to 30,No,No,External,3 to 5,no change,3 to 4,1996,Liability,0
Sep,1,Sunday,Mercedes,Urban,Monday,Jan,4,Male,Divorced,75,Policy Holder,Sport - Liability,Utility,less than 20000,223,4,700,4,none,15 to 30,1,5 years,18 to 20,No,No,External,none,no change,3 to 4,1996,Collision,0
Mar,2,Saturday,Honda,Rural,Friday,Sep,2,Male,Married,30,Third Party,Sedan - All Perils,Sedan,40000 to 59000,224,3,400,4,none,8 to 15,1,4 years,18 to 20,Yes,Yes,Internal,3 to 5,1 year,3 to 4,1996,Liability,0
Sep,4,Thursday,Mercedes,Rural,Sunday,Feb,5,Female,Widow,78,Policy Holder,Utility - All Perils,Sport,30000 to 39000,225,4,500,2,15 to 30,none,more than 4,6 years,16 to 17,No,No,Internal,none,no change,2 vehicles,1994,Collision,0
Apr,4,Thursday,BMW,Rural,Thursday,Sep,5,Male,Divorced,25,Policy Holder,Utility - All Perils,Utility,20000 to 29000,226,15,400,3,8 to 15,more than 30,2 to 4,3 years,18 to 20,No,No,External,none,no change,1 vehicle,1996,Liability,0
Oct,1,Wednesday,Honda,Urban,Thursday,May,3,Male,Single,65,Third Party,Sport - Collision,Sedan,30000 to 39000,227,16,700,1,more than 30,15 to 30,2 to 4,3 years,26 to 30,No,Yes,External,none,4 to 8 years,2 vehicles,1995,All Perils,0
Jul,1,Saturday,Mazda,Rural,Monday,May,3,Female,Married,62,Policy Holder,Utility - All Perils,Sport,40000 to 59000,228,14,400,3,more than 30,15 to 30,2 to 4,4 years,18 to 20,Yes,Yes,Internal,1 to 2,4 to 8 years,3 to 4,1996,Liability,0
Jul,3,Monday,Toyota,Urban,Sunday,Apr,1,Male,Married,70,Policy Holder,Sport - Collision,Utility,20000 to 29000,229,5,400,1,none,15 to 30,none,2 years,over 65,Yes,Yes,Internal,none,1 year,1 vehicle,1994,Collision,0
Mar,3,Tuesday,Nissan,Urban,Sunday,May,1,Male,Widow,27,Policy Holder,Sedan - Liability,Sedan,30000 to 39000,230,13,500,3,15 to 30,more than 30,none,5 years,51 to 65,Yes,No,Internal,1 to 2,2 to 3 years,1 vehicle,1996,Collision,0
Jun,5,Monday,Chevrolet,Urban,Sunday,Nov,3,Male,Widow,78,Third Party,Utility - All Perils,Sport,20000 to 29000,231,4,300,2,1 to 7,15 to 30,more than 4,more than 7,31 to 35,Yes,No,External,1 to 2,no change,3 to 4,1994,All Perils,1
Nov,3,Thursday,Ford,Rural,Wednesday,Oct,3,Male,Divorced,68,Policy Holder,Sport - Collision,Sedan,40000 to 59000,232,3,400,4,15 to 30,15 to 30,1,3 years,16 to 17,Yes,No,Internal,none,no change,more than 8,1995,Liability,0
Jan,5,Wednesday,Ford,Urban,Friday,May,2,Female,Married,24,Policy Holder,Sedan - Liability,Utility,less than 20000,233,5,300,4,none,more than 30,more than 4,7 years,over 65,No,Yes,External,3 to 5,no change,1 vehicle,1996,All Perils,0
Oct,2,Tuesday,Pontiac,Rural,Thursday,Apr,1,Female,Single,53,Third Party,Sedan - Liability,Sport,more than 69000,234,3,400,2,8 to 15,15 to 30,1,4 years,41 to 50,Yes,No,External,1 to 2,no change,1 vehicle,1996,Liability,0
Jun,3,Wednesday,Honda,Rural,Tuesday,Jul,5,Male,Single,69,Policy Holder,Sport - Liability,Utility,40000 to 59000,235,11,400,1,15 to 30,15 to 30,more than 4,2 years,18 to 20,No,No,Internal,none,no change,2 vehicles,1995,Liability,1
Sep,1,Sunday,Ford,Rural,Tuesday,Sep,3,Female,Divorced,48,Third Party,Utility - All Perils,Sport,20000 to 29000,236,11,300,2,8 to 15,none,2 to 4,4 years,16 to 17,No,No,External,1 to 2,2 to 3 years,1 vehicle,1996,All Perils,1
Aug,3,Thursday,Toyota,Rural,Wednesday,Mar,3,Male,Married,41,Third Party,Sport - Liability,Sport,60000 to 69000,237,1,700,2,8 to 15,8 to 15,none,4 years,36 to 40,No,No,External,none,2 to 3 years,more than 8,1995,Collision,0
Jun,1,Saturday,Pontiac,Urban,Thursday,Sep,3,Male,Widow,35,Policy Holder,Sedan - All Perils,Sport,more than 69000,238,2,400,2,none,8 to 15,1,new,16 to 17,No,No,External,3 to 5,2 to 3 years,5 to 8,1996,Collision,0
Apr,3,Sunday,BMW,Urban,Monday,Dec,3,Male,Widow,50,Third Party,Sedan - Collision,Sedan,less than 20000,239,8,400,3,none,more than 30,more than 4,4 years,36 to 40,Yes,No,Internal,1 to 2,under 6 months,1 vehicle,1994,All Perils,1
Aug,2,Sunday,Chevrolet,Rural,Friday,Nov,4,Male,Divorced,79,Third Party,Sedan - All Perils,Sedan,20000 to 29000,240,2,300,4,15 to 30,15 to 30,none,2 years,26 to 30,No,Yes,External,3 to 5,under 6 months,1 vehicle,1995,Collision,1
Feb,1,Wednesday,Toyota,Rural,Thursday,Jul,4,Male,Single,56,Policy Holder,Sedan - Collision,Sport,less than 20000,241,14,700,1,8 to 15,15 to 30,none,7 years,51 to 65,Yes,No,External,none,under 6 months,3 to 4,1994,All Perils,0
Aug,1,Sunday,Mazda,Rural,Sunday,Apr,3,Male,Single,63,Policy Holder,Sedan - Collision,Sport,less than 20000,242,7,700,3,8 to 15,15 to 30,none,5 years,26 to 30,Yes,Yes,External,1 to 2,no change,3 to 4,1995,All Perils,0
Feb,3,Sunday,Mercedes,Rural,Tuesday,Apr,1,Female,Widow,67,Policy Holder,Sedan - Liability,Sedan,60000 to 69000,243,7,400,1,1 to 7,15 to 30,2 to 4,3 years,31 to 35,No,Yes,Internal,more than 5,1 year,5 to 8,1995,Collision,0
Aug,5,Sunday,Toyota,Urban,Monday,Sep,5,Male,Married,67,Policy Holder,Sport - Collision,Sport,20000 to 29000,244,1,400,3,none,more than 30,more than 4,new,31 to 35,No,Yes,Internal,none,1 year,more than 8,1996,All Perils,0
Aug,1,Wednesday,Toyota,Urban,Wednesday,Jun,2,Male,Divorced,43,Policy Holder,Sedan - Collision,Utility,30000 to 39000,245,12,400,3,15 to 30,none,more than 4,5 years,over 65,Yes,Yes,Internal,more than 5,under 6 months,2 vehicles,1996,Liability,0
Feb,3,Tuesday,Toyota,Urban,Sunday,Feb,1,Male,Single,66,Third Party,Sedan - Liability,Utility,60000 to 69000,246,12,700,4,none,more than 30,more than 4,6 years,41 to 50,Yes,Yes,Internal,1 to 2,under 6 months,5 to 8,1996,Collision,0
Oct,2,Friday,Mercedes,Urban,Wednesday,Sep,1,Male,Married,38,Third Party,Sedan - Collision,Utility,40000 to 59000,247,13,300,3,15 to 30,more than 30,more than 4,4 years,41 to 50,No,Yes,Internal,none,1 year,2 vehicles,1996,Liability,0
May,5,Sunday,Toyota,Rural,Friday,Feb,4,Male,Divorced,54,Third Party,Sport - Liability,Sport,60000 to 69000,248,9,500,1,none,none,more than 4,more than 7,21 to 25,No,Yes,External,none,no change,2 vehicles,1994,Collision,0
Oct,3,Sunday,Pontiac,Rural,Saturday,Dec,2,Male,Divorced,37,Policy Holder,Sport - Collision,Sport,less than 20000,249,5,700,4,more than 30,15 to 30,2 to 4,2 years,31 to 35,No,No,Internal,1 to 2,1 year,more than 8,1995,All Perils,0
Jan,5,Thursday,Nissan,Rural,Tuesday,Jun,1,Male,Single,77,Third Party,Sedan - All Perils,Sport,more than 69000,250,2,700,2,1 to 7,8 to 15,more than 4,7 years,18 to 20,No,Yes,External,more than 5,under 6 months,2 vehicles,1995,Liability,1
Mar,2,Tuesday,Pontiac,Rural,Friday,May,5,Male,Divorced,63,Policy Holder,Sport - Collision,Sedan,less than 20000,251,6,700,2,more than 30,8 to 15,2 to 4,4 years,26 to 30,No,No,Internal,1 to 2,2 to 3 years,1 vehicle,1994,Collision,0
Jun,1,Wednesday,Mazda,Urban,Tuesday,Jan,2,Male,Single,54,Policy Holder,Sport - Collision,Utility,60000 to 69000,252,9,700,3,none,more than 30,none,3 years,51 to 65,Yes,No,Internal,none,2 to 3 years,3 to 4,1995,Collision,0
Mar,3,Friday,Toyota,Rural,Wednesday,Mar,5,Male,Single,46,Third Party,Sedan - All Perils,Sport,40000 to 59000,253,2,300,2,8 to 15,8 to 15,none,3 years,16 to 17,Yes,Yes,Internal,1 to 2,under 6 months,3 to 4,1994,Liability,0
Apr,4,Thursday,Honda,Urban,Wednesday,Dec,5,Male,Divorced,50,Policy Holder,Utility - All Perils,Sedan,30000 to 39000,254,1,300,4,8 to 15,more than 30,none,4 years,18 to 20,Yes,No,Internal,more than 5,under 6 months,3 to 4,1995,Collision,0
Aug,5,Wednesday,Toyota,Urban,Friday,Jul,1,Male,Single,67,Third Party,Sport - Liability,Sport,more than 69000,255,4,300,1,none,15 to 30,1,new,36 to 40,No,No,External,more than 5,1 year,1 vehicle,1994,All Perils,0
Feb,5,Wednesday,Nissan,Urban,Sunday,Nov,4,Female,Married,35,Policy Holder,Sedan - Collision,Sedan,more than 69000,256,2,500,1,8 to 15,more than 30,1,6 years,51 to 65,No,Yes,Internal,3 to 5,no change,1 vehicle,1996,All Perils,0
Sep,5,Monday,Toyota,Rural,Tuesday,Dec,4,Female,Single,70,Policy Holder,Sport - Liability,Sport,less than 20000,257,1,400,4,1 to 7,15 to 30,2 to 4,4 years,over 65,Yes,Yes,External,more than 5,no change,5 to 8,1994,All Perils,0
Feb,4,Wednesday,Honda,Rural,Wednesday,Jan,1,Male,Widow,35,Third Party,Sedan - Collision,Sedan,more than 69000,258,8,300,2,8 to 15,15 to 30,2 to 4,6 years,36 to 40,Yes,No,Internal,more than 5,no change,1 vehicle,1995,All Perils,1
Mar,2,Friday,Mercedes,Rural,Saturday,May,2,Male,Single,26,Policy Holder,Sedan - Liability,Sedan,20000 to 29000,259,12,500,4,1 to 7,none,1,5 years,36 to 40,No,No,External,1 to 2,under 6 months,2 vehicles,1995,Liability,0
Aug,3,Tuesday,Mazda,Rural,Thursday,Nov,3,Male,Married,64,Policy Holder,Sedan - All Perils,Sport,60000 to 69000,260,8,300,4,none,more than 30,2 to 4,more than 7,21 to 25,Yes,Yes,Internal,more than 5,1 year,more than 8,1996,Liability,0
Oct,1,Sunday,Mazda,Urban,Thursday,Jun,1,Female,Married,62,Policy Holder,Sedan - All Perils,Sedan,60000 to 69000,261,2,400,4,15 to 30,15 to 30,more than 4,new,26 to 30,Yes,No,External,none,under 6 months,2 vehicles,1995,Liability,0
Mar,3,Monday,BMW,Urban,Friday,Jul,4,Female,Widow,39,Third Party,Sport - Liability,Utility,40000 to 59000,262,6,400,3,8 to 15,8 to 15,none,4 years,21 to 25,No,Yes,External,more than 5,1 year,2 vehicles,1995,All Perils,0
Apr,2,Friday,Chevrolet,Rural,Monday,Jul,2,Female,Married,58,Third Party,Sport - Liability,Sedan,more than 69000,263,1,700,3,more than 30,8 to 15,1,5 years,16 to 17,No,No,Internal,3 to 5,2 to 3 years,more than 8,1996,Liability,1
Dec,1,Thursday,Nissan,Urban,Sunday,Sep,5,Male,Single,63,Policy Holder,Sedan - Liability,Sedan,60000 to 69000,264,10,500,3,more than 30,none,more than 4,2 years,26 to 30,Yes,No,Internal,3 to 5,2 to 3 years,5 to 8,1994,All Perils,1
Dec,2,Saturday,Chevrolet,Rural,Wednesday,Dec,5,Male,Married,67,Policy Holder,Sedan - All Perils,Utility,40000 to 59000,265,4,500,3,1 to 7,8 to 15,more than 4,6 years,18 to 20,Yes,No,External,more than 5,1 year,5 to 8,1995,Collision,1
Jul,3,Sunday,BMW,Urban,Friday,Nov,4,Male,Married,78,Policy Holder,Sport - Liability,Utility,20000 to 29000,266,7,700,2,1 to 7,none,1,3 years,36 to 40,No,No,External,1 to 2,1 year,1 vehicle,1995,All Perils,1
Jun,2,Thursday,Mercedes,Urban,Thursday,Aug,1,Female,Married,71,Third Party,Sport - Liability,Sedan,30000 to 39000,267,15,300,4,more than 30,more than 30,2 to 4,7 years,41 to 50,Yes,No,External,none,1 year,2 vehicles,1996,All Perils,0
May,5,Friday,Chevrolet,Urban,Saturday,Jul,1,Female,Widow,45,Policy Holder,Sport - Collision,Sedan,more than 69000,268,10,400,1,1 to 7,8 to 15,2 to 4,more than 7,over 65,Yes,Yes,Internal,3 to 5,1 year,3 to 4,1995,All Perils,0
Aug,3,Friday,Ford,Urban,Friday,May,1,Male,Married,32,Third Party,Sport - Collision,Sedan,20000 to 29000,269,13,700,2,none,15 to 30,2 to 4,7 years,51 to 65,No,Yes,Internal,3 to 5,2 to 3 years,more than 8,1996,Liability,0
Aug,5,Thursday,Nissan,Rural,Tuesday,Feb,3,Female,Married,24,Third Party,Sport - Collision,Sport,more than 69000,270,6,500,2,8 to 15,more than 30,more than 4,6 years,21 to 25,No,Yes,External,none,1 year,3 to 4,1996,Liability,0
Apr,4,Tuesday,Ford,Rural,Tuesday,Sep,4,Male,Divorced,54,Policy Holder,Sedan - Collision,Sport,20000 to 29000,271,15,300,4,more than 30,more than 30,none,6 years,over 65,No,Yes,External,1 to 2,under 6 months,5 to 8,1994,Liability,0
Jan,1,Thursday,Honda,Rural,Sunday,Jan,1,Male,Married,59,Third Party,Sport - Collision,Sport,40000 to 59000,272,12,300,2,1 to 7,8 to 15,2 to 4,7 years,over 65,Yes,No,Internal,1 to 2,4 to 8 years,2 vehicles,1995,Collision,1
Feb,2,Tuesday,Pontiac,Rural,Thursday,Sep,4,Male,Married,61,Third Party,Sport - Liability,Sedan,40000 to 59000,273,9,300,1,15 to 30,none,none,more than 7,31 to 35,No,No,External,more than 5,4 to 8 years,2 vehicles,1996,Collision,0
Dec,4,Thursday,Nissan,Urban,Tuesday,Jun,1,Female,Single,18,Third Party,Sedan - Liability,Sedan,20000 to 29000,274,10,300,4,1 to 7,15 to 30,more than 4,6 years,18 to 20,No,Yes,Internal,more than 5,4 to 8 years,5 to 8,1995,All Perils,0
Jun,3,Friday,Honda,Urban,Tuesday,Oct,2,Male,Widow,62,Third Party,Sport - Liability,Sport,30000 to 39000,275,10,500,2,1 to 7,more than 30,2 to 4,more than 7,41 to 50,No,No,Internal,none,4 to 8 years,3 to 4,1994,All Perils,0
Jun,2,Tuesday,Mercedes,Urban,Monday,Dec,3,Female,Widow,67,Third Party,Sedan - Collision,Sport,less than 20000,276,3,300,3,8 to 15,8 to 15,2 to 4,more than 7,18 to 20,No,No,Internal,3 to 5,under 6 months,1 vehicle,1995,Liability,0
Jun,3,Tuesday,Mercedes,Rural,Sunday,Jul,5,Female,Widow,63,Policy Holder,Sedan - Liability,Sedan,30000 to 39000,277,5,700,4,none,none,more than 4,2 years,26 to 30,No,Yes,Internal,3 to 5,4 to 8 years,2 vehicles,1994,Collision,0
Oct,5,Saturday,Nissan,Urban,Sunday,Jul,4,Male,Single,51,Third Party,Sport - Liability,Sport,more than 69000,278,11,500,4,1 to 7,15 to 30,more than 4,5 years,31 to 35,Yes,No,External,1 to 2,2 to 3 years,more than 8,1996,All Perils,1
Jan,2,Wednesday,Mazda,Urban,Wednesday,Jun,3,Female,Married,18,Third Party,Sedan - All Perils,Sport,less than 20000,279,8,700,2,1 to 7,15 to 30,more than 4,3 years,51 to 65,No,Yes,External,more than 5,4 to 8 years,3 to 4,1994,All Perils,0
Jan,1,Tuesday,Ford,Rural,Tuesday,May,1,Male,Married,48,Policy Holder,Sedan - All Perils,Sport,more than 69000,280,13,400,1,more than 30,none,more than 4,more than 7,over 65,No,Yes,Internal,more than 5,no change,5 to 8,1994,All Perils,0
Apr,2,Friday,Chevrolet,Rural,Wednesday,Feb,2,Female,Divorced,58,Third Party,Sport - Collision,Utility,60000 to 69000,281,9,700,4,1 to 7,none,2 to 4,6 years,51 to 65,No,No,External,none,no change,more than 8,1994,Liability,1
Jun,5,Saturday,Toyota,Rural,Monday,Jan,4,Male,Married,53,Third Party,Sport - Collision,Utility,60000 to 69000,282,2,400,2,more than 30,15 to 30,1,more than 7,31 to 35,Yes,No,Internal,none,no change,2 vehicles,1994,All Perils,1
Sep,4,Saturday,Mercedes,Urban,Thursday,Sep,1,Male,Married,54,Third Party,Sport - Collision,Sedan,20000 to 29000,283,11,500,4,none,none,1,3 years,16 to 17,Yes,No,External,3 to 5,4 to 8 years,2 vehicles,1994,All Perils,1
Jun,5,Saturday,Pontiac,Rural,Friday,Nov,4,Female,Married,50,Third Party,Utility - All Perils,Utility,more than 69000,284,10,300,4,8 to 15,none,1,7 years,51 to 65,Yes,Yes,Internal,more than 5,under 6 months,3 to 4,1995,Liability,0
Jun,5,Sunday,Chevrolet,Rural,Sunday,Jan,4,Female,Divorced,52,Policy Holder,Sport - Collision,Sedan,20000 to 29000,285,6,700,2,1 to 7,8 to 15,2 to 4,new,51 to 65,No,No,Internal,3 to 5,no change,3 to 4,1994,Collision,0
Dec,1,Friday,Chevrolet,Urban,Wednesday,Apr,4,Male,Widow,38,Third Party,Sedan - Liability,Sport,40000 to 59000,286,13,500,1,8 to 15,8 to 15,more than 4,more than 7,31 to 35,No,No,External,more than 5,2 to 3 years,more than 8,1996,All Perils,1
Feb,2,Wednesday,BMW,Rural,Tuesday,Aug,2,Female,Divorced,56,Third Party,Sedan - Collision,Utility,less than 20000,287,6,300,2,15 to 30,more than 30,1,2 years,31 to 35,No,Yes,External,3 to 5,2 to 3 years,1 vehicle,1995,All Perils,0
Jul,1,Sunday,Chevrolet,Rural,Monday,Sep,2,Male,Married,35,Policy Holder,Sedan - All Perils,Utility,more than 69000,288,2,700,1,more than 30,8 to 15,2 to 4,5 years,51 to 65,No,Yes,Internal,none,4 to 8 years,3 to 4,1995,Liability,0
Jul,1,Tuesday,Mercedes,Urban,Wednesday,Sep,1,Female,Divorced,48,Policy Holder,Sedan - All Perils,Sedan,60000 to 69000,289,2,700,2,15 to 30,more than 30,1,6 years,18 to 20,Yes,Yes,Internal,none,1 year,1 vehicle,1995,Liability,0
Jun,5,Wednesday,Nissan,Urban,Friday,Sep,2,Female,Divorced,44,Policy Holder,Sedan - All Perils,Sedan,less than 20000,290,15,300,2,8 to 15,15 to 30,2 to 4,6 years,51 to 65,Yes,Yes,Internal,none,2 to 3 years,2 vehicles,1994,All Perils,0
Oct,5,Saturday,Nissan,Urban,Monday,Feb,3,Male,Widow,62,Policy Holder,Sedan - Collision,Sedan,40000 to 59000,291,7,700,3,8 to 15,8 to 15,more than 4,2 years,31 to 35,No,No,Internal,more than 5,2 to 3 years,3 to 4,1995,Liability,1
Apr,1,Sunday,Pontiac,Rural,Saturday,Apr,1,Female,Widow,74,Third Party,Sedan - Liability,Sedan,20000 to 29000,292,7,500,1,more than 30,15 to 30,1,5 years,41 to 50,No,Yes,External,more than 5,2 to 3 years,5 to 8,1995,Collision,1
Dec,4,Wednesday,BMW,Urban,Thursday,Jun,3,Female,Divorced,57,Policy Holder,Sedan - Liability,Sedan,30000 to 39000,293,5,400,4,more than 30,none,1,5 years,18 to 20,No,No,External,more than 5,1 year,more than 8,1996,Liability,0
Apr,3,Saturday,Ford,Rural,Saturday,Jan,2,Male,Divorced,26,Policy Holder,Utility - All Perils,Sport,40000 to 59000,294,12,500,1,15 to 30,more than 30,none,7 years,36 to 40,No,Yes,Internal,none,no change,1 vehicle,1994,Collision,0
Jul,1,Sunday,Honda,Rural,Thursday,May,3,Male,Married,60,Policy Holder,Sedan - All Perils,Sedan,more than 69000,295,10,700,4,none,8 to 15,1,3 years,21 to 25,No,Yes,External,more than 5,no change,more than 8,1994,Collision,0
Jul,5,Saturday,Mazda,Urban,Tuesday,May,2,Male,Widow,38,Policy Holder,Utility - All Perils,Sport,20000 to 29000,296,15,400,2,1 to 7,more than 30,1,7 years,31 to 35,No,Yes,External,more than 5,4 to 8 years,5 to 8,1994,All Perils,0
Nov,5,Monday,Mercedes,Rural,Monday,Dec,5,Male,Married,21,Third Party,Sedan - All Perils,Utility,less than 20000,297,15,500,2,1 to 7,15 to 30,none,5 years,31 to 35,Yes,No,External,more than 5,no change,2 vehicles,1996,Liability,0
Jun,3,Friday,Toyota,Rural,Thursday,Apr,2,Male,Single,30,Policy Holder,Sedan - Collision,Sport,30000 to 39000,298,16,300,4,1 to 7,8 to 15,more than 4,7 years,over 65,No,Yes,Internal,1 to 2,no change,2 vehicles,1995,Collision,0
Apr,4,Tuesday,Chevrolet,Rural,Thursday,Dec,5,Female,Married,80,Policy Holder,Sedan - All Perils,Sedan,more than 69000,299,6,700,3,more than 30,8 to 15,more than 4,more than 7,41 to 50,Yes,No,External,none,4 to 8 years,5 to 8,1994,Collision,0
Jan,2,Saturday,Toyota,Urban,Saturday,Sep,1,Female,Divorced,44,Third Party,Utility - All Perils,Sport,60000 to 69000,300,10,700,1,none,none,1,4 years,36 to 40,Yes,Yes,External,1 to 2,4 to 8 years,5 to 8,1994,Collision,0
May,4,Monday,Mazda,Urban,Sunday,Sep,1,Male,Divorced,30,Third Party,Sport - Collision,Sport,less than 20000,301,6,300,3,more than 30,15 to 30,more than 4,4 years,26 to 30,No,No,External,none,1 year,2 vehicles,1994,Liability,0
Oct,3,Sunday,Toyota,Rural,Tuesday,Oct,1,Male,Divorced,26,Policy Holder,Sedan - Liability,Utility,less than 20000,302,12,400,3,more than 30,none,1,7 years,26 to 30,Yes,No,Internal,3 to 5,no change,3 to 4,1995,Collision,0
Jan,5,Tuesday,BMW,Urban,Wednesday,Nov,3,Female,Divorced,58,Policy Holder,Sedan - Collision,Utility,60000 to 69000,303,12,300,4,8 to 15,15 to 30,1,7 years,36 to 40,No,No,Internal,more than 5,1 year,more than 8,1996,All Perils,0
Nov,1,Wednesday,Mercedes,Urban,Tuesday,Mar,5,Female,Widow,65,Third Party,Utility - All Perils,Sedan,60000 to 69000,304,5,400,3,1 to 7,none,none,more than 7,51 to 65,Yes,No,External,1 to 2,no change,1 vehicle,1996,Collision,0
Jul,1,Tuesday,BMW,Rural,Monday,Jun,1,Male,Divorced,40,Third Party,Sedan - Liability,Utility,40000 to 59000,305,14,400,4,1 to 7,none,2 to 4,5 years,36 to 40,Yes,No,External,none,under 6 months,3 to 4,1996,Liability,0
Feb,5,Saturday,BMW,Urban,Monday,Jul,4,Male,Single,24,Third Party,Utility - All Perils,Utility,less than 20000,306,5,700,3,15 to 30,none,1,6 years,36 to 40,Yes,No,External,1 to 2,1 year,more than 8,1994,All Perils,0
Apr,2,Wednesday,Ford,Rural,Monday,Dec,4,Male,Married,40,Third Party,Utility - All Perils,Sedan,20000 to 29000,307,16,500,1,15 to 30,none,1,new,21 to 25,Yes,No,External,more than 5,4 to 8 years,1 vehicle,1995,All Perils,1
Jul,2,Saturday,Chevrolet,Urban,Thursday,Jan,2,Male,Single,59,Third Party,Sedan - Collision,Sport,more than 69000,308,14,700,3,8 to 15,more than 30,1,4 years,36 to 40,No,Yes,External,3 to 5,no change,3 to 4,1995,All Perils,1
Apr,4,Monday,Honda,Urban,Tuesday,Jun,2,Male,Divorced,25,Third Party,Sport - Collision,Sedan,less than 20000,309,1,700,4,8 to 15,more than 30,more than 4,2 years,36 to 40,No,Yes,External,none,2 to 3 years,3 to 4,1994,Liability,1
Feb,1,Thursday,Mazda,Urban,Tuesday,Mar,5,Male,Widow,34,Policy Holder,Sport - Collision,Sport,20000 to 29000,310,7,500,1,more than 30,more than 30,2 to 4,7 years,41 to 50,Yes,No,Internal,1 to 2,no change,2 vehicles,1995,Liability,1
Aug,3,Sunday,Chevrolet,Urban,Monday,Mar,4,Male,Divorced,18,Policy Holder,Sport - Liability,Sedan,30000 to 39000,311,7,300,2,15 to 30,15 to 30,none,new,21 to 25,Yes,No,External,1 to 2,1 year,3 to 4,1995,Liability,0
Sep,2,Sunday,BMW,Urban,Saturday,Oct,2,Male,Married,47,Third Party,Sport - Liability,Sedan,60000 to 69000,312,14,700,1,15 to 30,none,none,7 years,26 to 30,Yes,Yes,External,none,2 to 3 years,5 to 8,1994,Collision,0
Feb,1,Tuesday,Honda,Urban,Friday,Mar,5,Male,Married,28,Third Party,Sedan - Liability,Sport,60000 to 69000,313,12,700,4,1 to 7,more than 30,none,7 years,26 to 30,No,No,External,1 to 2,no change,2 vehicles,1996,All Perils,1
Apr,5,Wednesday,Mercedes,Urban,Sunday,Oct,3,Male,Widow,30,Policy Holder,Sedan - Collision,Sedan,40000 to 59000,314,1,300,3,none,more than 30,none,4 years,26 to 30,No,No,External,more than 5,2 to 3 years,3 to 4,1996,Collision,1
Mar,1,Wednesday,Chevrolet,Rural,Monday,Dec,1,Male,Widow,25,Third Party,Utility - All Perils,Sedan,30000 to 39000,315,14,300,3,8 to 15,none,2 to 4,6 years,21 to 25,Yes,No,External,none,4 to 8 years,3 to 4,1996,All Perils,0
Aug,1,Thursday,Mercedes,Rural,Tuesday,Oct,5,Female,Married,64,Policy Holder,Sedan - All Perils,Sport,30000 to 39000,316,4,700,4,1 to 7,more than 30,none,5 years,18 to 20,Yes,No,External,3 to 5,under 6 months,1 vehicle,1994,Liability,0
Sep,4,Thursday,Chevrolet,Urban,Thursday,Mar,5,Male,Married,48,Third Party,Sedan - Collision,Sport,less than 20000,317,6,400,4,1 to 7,more than 30,none,6 years,31 to 35,No,No,External,3 to 5,2 to 3 years,2 vehicles,1994,All Perils,1
Sep,5,Monday,Chevrolet,Urban,Friday,Feb,3,Male,Widow,77,Policy Holder,Sport - Collision,Utility,20000 to 29000,318,3,400,2,8 to 15,8 to 15,none,6 years,51 to 65,No,Yes,Internal,3 to 5,1 year,5 to 8,1996,All Perils,0
Dec,1,Saturday,BMW,Urban,Monday,Jun,4,Female,Single,42,Third Party,Sedan - Collision,Sedan,20000 to 29000,319,3,400,4,more than 30,15 to 30,2 to 4,3 years,16 to 17,No,Yes,External,1 to 2,4 to 8 years,3 to 4,1996,All Perils,0
Oct,4,Tuesday,Mercedes,Urban,Tuesday,Jul,2,Female,Single,31,Policy Holder,Sedan - Liability,Sport,less than 20000,320,9,700,2,more than 30,more than 30,more than 4,6 years,36 to 40,No,Yes,External,3 to 5,1 year,more than 8,1995,Collision,1
Apr,3,Wednesday,Toyota,Rural,Wednesday,Oct,5,Male,Single,30,Policy Holder,Sport - Liability,Sedan,60000 to 69000,321,2,400,4,15 to 30,8 to 15,2 to 4,more than 7,51 to 65,No,Yes,Internal,3 to 5,4 to 8 years,more than 8,1994,Collision,0
Feb,5,Saturday,Chevrolet,Rural,Monday,Jun,2,Male,Single,78,Third Party,Sedan - Liability,Sedan,30000 to 39000,322,2,400,4,15 to 30,more than 30,more than 4,3 years,51 to 65,No,No,Internal,3 to 5,no change,2 vehicles,1994,Liability,1
Aug,1,Friday,Honda,Urban,Wednesday,Mar,2,Male,Single,55,Policy Holder,Utility - All Perils,Sedan,40000 to 59000,323,13,400,1,8 to 15,8 to 15,2 to 4,3 years,51 to 65,Yes,Yes,External,more than 5,under 6 months,more than 8,1996,All Perils,0
Nov,5,Wednesday,Chevrolet,Rural,Saturday,Dec,3,Female,Single,38,Policy Holder,Sedan - Collision,Utility,20000 to 29000,324,6,300,4,8 to 15,more than 30,more than 4,3 years,21 to 25,No,Yes,External,none,1 year,more than 8,1996,Collision,1
Dec,4,Sunday,Mercedes,Rural,Thursday,Nov,2,Male,Single,59,Policy Holder,Sedan - Liability,Utility,40000 to 59000,325,11,300,3,8 to 15,none,1,more than 7,16 to 17,Yes,No,External,none,4 to 8 years,3 to 4,1996,All Perils,0
Mar,5,Wednesday,Mercedes,Urban,Thursday,Aug,4,Male,Divorced,53,Third Party,Sport - Liability,Sport,less than 20000,326,16,400,4,more than 30,15 to 30,more than 4,more than 7,over 65,No,No,External,more than 5,2 to 3 years,5 to 8,1995,Collision,1
Mar,2,Thursday,Ford,Rural,Thursday,Sep,4,Female,Single,25,Policy Holder,Sedan - Collision,Sport,60000 to 69000,327,1,300,1,more than 30,15 to 30,2 to 4,3 years,41 to 50,Yes,No,Internal,3 to 5,under 6 months,2 vehicles,1996,Liability,0
Jan,5,Tuesday,Mazda,Urban,Sunday,Dec,3,Female,Widow,62,Policy Holder,Sedan - All Perils,Utility,60000 to 69000,328,13,700,3,8 to 15,8 to 15,none,more than 7,26 to 30,No,No,External,1 to 2,4 to 8 years,1 vehicle,1994,All Perils,0
Feb,4,Tuesday,Chevrolet,Rural,Thursday,Jun,4,Male,Single,25,Third Party,Sedan - All Perils,Sport,20000 to 29000,329,2,400,1,15 to 30,8 to 15,none,7 years,51 to 65,Yes,Yes,External,3 to 5,2 to 3 years,2 vehicles,1994,All Perils,0
Jul,1,Thursday,Mazda,Rural,Thursday,Feb,3,Male,Divorced,30,Third Party,Sport - Collision,Sport,20000 to 29000,330,13,500,4,none,none,more than 4,4 years,26 to 30,No,No,Internal,more than 5,1 year,5 to 8,1995,Liability,1
Jul,5,Thursday,Toyota,Urban,Sunday,Aug,5,Female,Single,62,Policy Holder,Sedan - All Perils,Sport,60000 to 69000,331,5,400,4,8 to 15,15 to 30,1,7 years,41 to 50,Yes,Yes,Internal,more than 5,under 6 months,3 to 4,1995,All Perils,0
May,4,Saturday,Ford,Rural,Tuesday,Jun,2,Female,Widow,46,Third Party,Sedan - Collision,Sport,20000 to 29000,332,3,700,3,more than 30,more than 30,1,more than 7,over 65,No,No,External,more than 5,2 to 3 years,3 to 4,1995,Liability,1
Apr,2,Wednesday,Mazda,Rural,Monday,Oct,4,Female,Widow,31,Third Party,Sedan - Collision,Sport,20000 to 29000,333,4,400,1,15 to 30,15 to 30,more than 4,7 years,41 to 50,No,No,Internal,3 to 5,4 to 8 years,3 to 4,1996,Collision,1
Oct,3,Sunday,Chevrolet,Urban,Thursday,Oct,3,Female,Divorced,22,Policy Holder,Sedan - Collision,Sport,30000 to 39000,334,6,300,3,8 to 15,8 to 15,more than 4,4 years,36 to 40,No,No,Internal,3 to 5,1 year,5 to 8,1996,Liability,0
Jun,2,Friday,Nissan,Urban,Wednesday,Jun,5,Male,Widow,55,Policy Holder,Sedan - Liability,Sedan,more than 69000,335,12,400,2,1 to 7,15 to 30,none,2 years,18 to 20,Yes,Yes,External,3 to 5,4 to 8 years,5 to 8,1994,All Perils,1
Oct,3,Monday,Chevrolet,Rural,Tuesday,May,2,Female,Widow,61,Third Party,Sport - Collision,Utility,30000 to 39000,336,11,300,4,more than 30,8 to 15,2 to 4,2 years,over 65,No,No,External,1 to 2,2 to 3 years,5 to 8,1995,Collision,0
Dec,5,Saturday,Mazda,Urban,Monday,Jun,1,Female,Divorced,30,Third Party,Sedan - All Perils,Utility,20000 to 29000,337,12,500,1,more than 30,more than 30,more than 4,7 years,26 to 30,No,Yes,Internal,3 to 5,no change,3 to 4,1994,Liability,0
Apr,5,Friday,Pontiac,Urban,Sunday,Aug,5,Female,Divorced,44,Policy Holder,Sedan - Liability,Sport,40000 to 59000,338,1,500,2,1 to 7,8 to 15,1,6 years,36 to 40,Yes,Yes,Internal,none,2 to 3 years,1 vehicle,1996,All Perils,0
Mar,2,Wednesday,BMW,Rural,Friday,Aug,5,Male,Married,39,Policy Holder,Sedan - Collision,Utility,30000 to 39000,339,16,400,2,more than 30,15 to 30,2 to 4,6 years,36 to 40,No,Yes,Internal,more than 5,1 year,2 vehicles,1995,All Perils,0
Dec,5,Thursday,Mazda,Urban,Friday,Jul,4,Male,Divorced,74,Third Party,Sport - Liability,Sedan,40000 to 59000,340,7,400,4,8 to 15,8 to 15,1,new,21 to 25,Yes,Yes,External,1 to 2,1 year,1 vehicle,1996,Collision,0
Aug,3,Wednesday,Chevrolet,Rural,Monday,Jul,3,Male,Divorced,67,Third Party,Sedan - Collision,Sport,30000 to 39000,341,2,500,2,1 to 7,more than 30,2 to 4,more than 7,36 to 40,No,Yes,Internal,3 to 5,2 to 3 years,5 to 8,1996,All Perils,0
Apr,4,Friday,Toyota,Rural,Wednesday,Dec,3,Female,Widow,35,Third Party,Sedan - All Perils,Utility,40000 to 59000,342,15,500,4,1 to 7,none,none,new,26 to 30,No,No,External,3 to 5,no change,2 vehicles,1994,Liability,0
Aug,4,Thursday,Mercedes,Rural,Friday,Apr,4,Female,Divorced,50,Policy Holder,Sport - Liability,Utility,30000 to 39000,343,13,700,4,8 to 15,15 to 30,2 to 4,5 years,26 to 30,Yes,No,External,1 to 2,4 to 8 years,2 vehicles,1994,All Perils,0
Jul,3,Thursday,Mercedes,Rural,Thursday,Mar,4,Male,Single,76,Third Party,Sport - Liability,Utility,30000 to 39000,344,2,700,3,8 to 15,more than 30,1,more than 7,51 to 65,No,Yes,Internal,1 to 2,4 to 8 years,3 to 4,1996,Collision,0
Nov,3,Tuesday,Toyota,Rural,Friday,Oct,2,Female,Widow,39,Policy Holder,Sport - Liability,Utility,30000 to 39000,345,7,300,1,15 to 30,8 to 15,2 to 4,2 years,41 to 50,Yes,Yes,Internal,none,4 to 8 years,3 to 4,1995,Liability,0
Apr,3,Wednesday,Mazda,Rural,Friday,Dec,1,Female,Widow,26,Policy Holder,Sedan - All Perils,Sport,30000 to 39000,346,15,500,1,none,15 to 30,1,5 years,31 to 35,No,Yes,Internal,none,2 to 3 years,more than 8,1994,Collision,0
Dec,5,Thursday,Ford,Rural,Wednesday,Aug,1,Female,Divorced,36,Third Party,Sedan - All Perils,Sport,more than 69000,347,11,300,1,8 to 15,8 to 15,more than 4,7 years,16 to 17,Yes,No,Internal,more than 5,under 6 months,1 vehicle,1995,Collision,1
Dec,2,Thursday,Nissan,Urban,Saturday,May,2,Male,Single,56,Third Party,Utility - All Perils,Sport,20000 to 29000,348,4,400,4,15 to 30,8 to 15,more than 4,3 years,41 to 50,No,No,Internal,3 to 5,2 to 3 years,more than 8,1996,All Perils,1
Mar,2,Wednesday,Honda,Rural,Tuesday,May,4,Male,Divorced,80,Third Party,Utility - All Perils,Utility,60000 to 69000,349,12,500,3,more than 30,more than 30,1,new,41 to 50,Yes,Yes,External,3 to 5,under 6 months,2 vehicles,1995,Collision,0
Feb,2,Friday,Toyota,Urban,Monday,Jun,3,Male,Single,37,Third Party,Sedan - Liability,Utility,60000 to 69000,350,4,500,2,1 to 7,8 to 15,none,4 years,18 to 20,No,No,Internal,none,1 year,more than 8,1994,Liability,0
Jul,1,Tuesday,Ford,Rural,Sunday,Jan,4,Female,Married,21,Policy Holder,Utility - All Perils,Sport,40000 to 59000,351,6,700,3,15 to 30,none,1,7 years,41 to 50,Yes,No,Internal,more than 5,4 to 8 years,3 to 4,1995,Liability,0
Jan,2,Thursday,Pontiac,Urban,Monday,Jul,3,Female,Widow,29,Third Party,Utility - All Perils,Sedan,20000 to 29000,352,4,700,3,1 to 7,15 to 30,2 to 4,5 years,26 to 30,No,No,External,1 to 2,no change,3 to 4,1994,All Perils,0
Apr,1,Monday,Ford,Urban,Tuesday,Apr,2,Male,Married,43,Third Party,Utility - All Perils,Utility,30000 to 39000,353,12,700,4,15 to 30,8 to 15,more than 4,4 years,41 to 50,Yes,No,External,1 to 2,1 year,5 to 8,1995,All Perils,1
Jun,1,Thursday,Chevrolet,Urban,Monday,Apr,4,Male,Divorced,23,Policy Holder,Sedan - Collision,Sedan,more than 69000,354,15,500,1,1 to 7,more than 30,2 to 4,6 years,51 to 65,No,Yes,Internal,3 to 5,1 year,1 vehicle,1995,Collision,0
Dec,4,Saturday,BMW,Rural,Tuesday,Jul,4,Female,Divorced,20,Third Party,Sport - Collision,Sport,20000 to 29000,355,1,500,1,15 to 30,none,2 to 4,new,41 to 50,No,No,External,3 to 5,4 to 8 years,5 to 8,1995,All Perils,0
Dec,1,Saturday,Mercedes,Urban,Wednesday,Dec,5,Female,Single,59,Policy Holder,Sedan - Liability,Sedan,40000 to 59000,356,10,700,4,8 to 15,more than 30,none,3 years,over 65,Yes,No,External,none,1 year,5 to 8,1994,Collision,0
Feb,3,Friday,Honda,Urban,Monday,Mar,5,Male,Married,69,Policy Holder,Sedan - Liability,Sedan,60000 to 69000,357,4,300,2,1 to 7,15 to 30,more than 4,more than 7,16 to 17,Yes,Yes,Internal,more than 5,under 6 months,1 vehicle,1994,Collision,1
Nov,4,Saturday,Toyota,Rural,Thursday,Nov,2,Male,Single,32,Third Party,Sport - Collision,Sedan,40000 to 59000,358,13,400,4,8 to 15,more than 30,1,4 years,21 to 25,No,No,Internal,none,under 6 months,1 vehicle,1996,Collision,1
Feb,4,Monday,Honda,Rural,Sunday,Jul,4,Female,Widow,50,Policy Holder,Sedan - Collision,Sedan,less than 20000,359,3,400,4,15 to 30,8 to 15,1,more than 7,16 to 17,No,Yes,Internal,3 to 5,under 6 months,5 to 8,1996,Collision,0
Sep,3,Wednesday,Nissan,Rural,Monday,Dec,2,Female,Divorced,54,Third Party,Sedan - Collision,Sedan,40000 to 59000,360,6,500,1,15 to 30,8 to 15,1,5 years,18 to 20,No,No,Internal,none,no change,1 vehicle,1994,Liability,0
Nov,1,Friday,Pontiac,Urban,Sunday,May,5,Female,Widow,60,Third Party,Sedan - Collision,Sedan,20000 to 29000,361,4,400,2,15 to 30,8 to 15,none,more than 7,26 to 30,Yes,Yes,External,more than 5,2 to 3 years,3 to 4,1994,Collision,1
Nov,5,Saturday,Chevrolet,Rural,Wednesday,Dec,4,Female,Single,79,Third Party,Sedan - All Perils,Utility,more than 69000,362,14,300,3,15 to 30,more than 30,1,6 years,16 to 17,No,No,External,3 to 5,2 to 3 years,2 vehicles,1995,Liability,0
Mar,5,Friday,Mercedes,Rural,Friday,Aug,5,Male,Single,73,Third Party,Sedan - Liability,Utility,30000 to 39000,363,2,700,1,more than 30,none,1,4 years,26 to 30,Yes,No,Internal,more than 5,no change,5 to 8,1995,All Perils,0
Nov,4,Saturday,Pontiac,Urban,Thursday,Sep,2,Female,Single,37,Third Party,Sport - Liability,Sedan,30000 to 39000,364,10,500,4,8 to 15,15 to 30,none,more than 7,18 to 20,Yes,No,Internal,more than 5,1 year,more than 8,1996,All Perils,1
Feb,1,Tuesday,Ford,Rural,Wednesday,Jul,1,Female,Married,79,Policy Holder,Sport - Liability,Sport,more than 69000,365,2,500,1,8 to 15,8 to 15,none,3 years,18 to 20,Yes,No,External,1 to 2,2 to 3 years,more than 8,1996,Collision,0
Jul,1,Tuesday,Chevrolet,Urban,Monday,Jun,1,Male,Widow,20,Third Party,Sport - Liability,Utility,30000 to 39000,366,10,700,1,8 to 15,15 to 30,none,4 years,51 to 65,Yes,Yes,Internal,none,2 to 3 years,5 to 8,1995,Collision,0
Jun,2,Monday,BMW,Urban,Friday,Jul,3,Male,Single,78,Third Party,Utility - All Perils,Utility,20000 to 29000,367,13,700,3,8 to 15,more than 30,more than 4,6 years,41 to 50,No,Yes,External,none,no change,5 to 8,1996,Liability,1
Apr,1,Friday,Honda,Rural,Sunday,Nov,5,Male,Divorced,26,Policy Holder,Sport - Collision,Utility,more than 69000,368,13,700,1,none,15 to 30,1,7 years,31 to 35,Yes,Yes,External,3 to 5,no change,1 vehicle,1995,Collision,0
Jan,5,Friday,Pontiac,Urban,Thursday,Oct,4,Male,Married,25,Third Party,Sedan - All Perils,Sport,40000 to 59000,369,1,400,3,more than 30,none,more than 4,2 years,36 to 40,No,Yes,Internal,none,no change,more than 8,1996,All Perils,0
Oct,2,Tuesday,Chevrolet,Urban,Friday,Jan,5,Male,Widow,25,Third Party,Utility - All Perils,Sedan,40000 to 59000,370,13,300,2,8 to 15,8 to 15,more than 4,more than 7,21 to 25,Yes,No,External,none,1 year,more than 8,1996,Collision,1
May,2,Saturday,Honda,Urban,Friday,Sep,3,Female,Widow,25,Policy Holder,Sport - Collision,Sedan,less than 20000,371,5,400,2,8 to 15,none,1,4 years,31 to 35,No,Yes,Internal,more than 5,4 to 8 years,1 vehicle,1995,All Perils,1
Aug,5,Saturday,Ford,Rural,Wednesday,Nov,5,Male,Widow,47,Policy Holder,Sedan - All Perils,Utility,30000 to 39000,372,11,700,4,more than 30,8 to 15,more than 4,3 years,41 to 50,Yes,No,Internal,3 to 5,no change,5 to 8,1994,Liability,0
May,5,Wednesday,Chevrolet,Urban,Monday,Sep,5,Female,Married,58,Policy Holder,Sedan - All Perils,Sedan,30000 to 39000,373,16,700,1,8 to 15,none,none,2 years,31 to 35,No,Yes,Internal,1 to 2,2 to 3 years,1 vehicle,1996,All Perils,0
May,2,Tuesday,Mazda,Urban,Thursday,Jun,2,Female,Married,64,Third Party,Sedan - Liability,Sport,20000 to 29000,374,2,300,2,8 to 15,15 to 30,none,new,51 to 65,No,No,External,none,2 to 3 years,5 to 8,1994,Collision,1
Nov,2,Saturday,Ford,Rural,Sunday,May,5,Female,Married,19,Policy Holder,Utility - All Perils,Sport,40000 to 59000,375,6,700,1,8 to 15,15 to 30,more than 4,5 years,31 to 35,No,Yes,External,more than 5,4 to 8 years,2 vehicles,1994,Liability,0
Feb,3,Friday,Pontiac,Rural,Wednesday,Sep,1,Male,Single,36,Policy Holder,Sport - Liability,Utility,20000 to 29000,376,14,400,1,more than 30,8 to 15,2 to 4,5 years,26 to 30,Yes,No,External,more than 5,1 year,1 vehicle,1994,Collision,0
Sep,4,Tuesday,Mazda,Urban,Sunday,Aug,3,Male,Married,26,Third Party,Sport - Liability,Utility,30000 to 39000,377,3,700,1,1 to 7,more than 30,2 to 4,new,over 65,Yes,Yes,Internal,none,4 to 8 years,2 vehicles,1996,Collision,0
Sep,5,Tuesday,Chevrolet,Rural,Saturday,May,3,Male,Divorced,27,Third Party,Sedan - Collision,Sport,60000 to 69000,378,5,500,2,none,15 to 30,more than 4,more than 7,over 65,No,Yes,Internal,3 to 5,1 year,2 vehicles,1994,Liability,1
May,5,Thursday,Mercedes,Urban,Tuesday,May,2,Female,Divorced,65,Third Party,Utility - All Perils,Sport,60000 to 69000,379,9,300,2,none,15 to 30,none,5 years,21 to 25,No,No,External,1 to 2,under 6 months,2 vehicles,1996,Collision,1
Apr,5,Thursday,Honda,Rural,Friday,May,5,Male,Divorced,58,Third Party,Sedan - Collision,Sport,20000 to 29000,380,16,400,2,15 to 30,8 to 15,none,new,31 to 35,Yes,Yes,Internal,3 to 5,4 to 8 years,2 vehicles,1994,All Perils,1
Jan,1,Tuesday,Mazda,Rural,Saturday,Jan,4,Male,Married,31,Third Party,Sedan - Collision,Utility,20000 to 29000,381,5,300,1,none,8 to 15,more than 4,7 years,41 to 50,Yes,No,Internal,1 to 2,1 year,3 to 4,1994,Liability,0
Dec,2,Sunday,Honda,Rural,Thursday,Jan,1,Female,Married,36,Third Party,Sedan - Liability,Sedan,less than 20000,382,7,400,1,15 to 30,15 to 30,none,2 years,21 to 25,No,Yes,Internal,none,under 6 months,5 to 8,1995,Liability,1
Dec,3,Wednesday,Nissan,Urban,Friday,Jan,1,Female,Single,76,Policy Holder,Sedan - Collision,Utility,30000 to 39000,383,13,700,1,more than 30,more than 30,1,6 years,41 to 50,No,Yes,Internal,more than 5,2 to 3 years,3 to 4,1994,All Perils,1
Mar,1,Wednesday,Toyota,Rural,Sunday,Jun,1,Male,Married,54,Policy Holder,Sedan - Collision,Utility,less than 20000,384,2,500,3,15 to 30,more than 30,none,6 years,over 65,No,No,Internal,more than 5,1 year,3 to 4,1994,All Perils,0
Jan,2,Monday,Mercedes,Rural,Friday,Jul,2,Female,Widow,33,Third Party,Sport - Liability,Sedan,less than 20000,385,6,500,4,none,more than 30,1,7 years,21 to 25,No,Yes,Internal,3 to 5,2 to 3 years,2 vehicles,1994,Collision,0
Feb,1,Sunday,Toyota,Urban,Saturday,May,1,Male,Married,76,Third Party,Sedan - Collision,Sedan,more than 69000,386,6,500,1,15 to 30,none,none,7 years,18 to 20,No,Yes,External,none,2 to 3 years,2 vehicles,1995,Liability,0
Jan,5,Tuesday,Ford,Urban,Saturday,Dec,2,Male,Widow,30,Third Party,Utility - All Perils,Sport,more than 69000,387,7,300,1,8 to 15,more than 30,1,more than 7,over 65,Yes,No,External,1 to 2,no change,1 vehicle,1994,All Perils,1
Oct,1,Sunday,Pontiac,Rural,Saturday,Mar,4,Male,Single,36,Policy Holder,Sedan - Collision,Utility,40000 to 59000,388,10,500,4,none,none,more than 4,new,over 65,No,Yes,External,3 to 5,1 year,2 vehicles,1996,All Perils,0
Nov,1,Thursday,Mercedes,Urban,Saturday,May,5,Female,Married,61,Policy Holder,Sport - Collision,Sport,60000 to 69000,389,4,400,3,none,none,1,3 years,51 to 65,No,No,Internal,more than 5,4 to 8 years,1 vehicle,1994,Liability,0
Feb,1,Sunday,Toyota,Rural,Tuesday,Mar,4,Male,Married,50,Policy Holder,Sport - Collision,Sedan,30000 to 39000,390,7,500,3,15 to 30,15 to 30,more than 4,3 years,36 to 40,Yes,No,External,more than 5,2 to 3 years,3 to 4,1995,All Perils,0
Sep,1,Tuesday,Toyota,Urban,Monday,Apr,3,Male,Married,22,Policy Holder,Sport - Liability,Sport,40000 to 59000,391,15,300,1,8 to 15,8 to 15,more than 4,4 years,16 to 17,Yes,Yes,External,more than 5,2 to 3 years,5 to 8,1995,Collision,0
Mar,3,Tuesday,Mercedes,Rural,Tuesday,Aug,4,Female,Single,68,Third Party,Sport - Liability,Sport,more than 69000,392,14,500,4,8 to 15,none,2 to 4,2 years,over 65,No,Yes,External,3 to 5,4 to 8 years,more than 8,1995,Liability,0
May,2,Saturday,Ford,Rural,Tuesday,Apr,5,Male,Married,32,Third Party,Utility - All Perils,Utility,less than 20000,393,16,500,3,15 to 30,none,2 to 4,2 years,18 to 20,Yes,No,External,more than 5,under 6 months,2 vehicles,1996,Collision,0
Aug,5,Saturday,Toyota,Urban,Friday,Apr,1,Male,Divorced,61,Third Party,Utility - All Perils,Sport,30000 to 39000,394,11,400,1,8 to 15,none,1,more than 7,18 to 20,No,Yes,Internal,more than 5,2 to 3 years,1 vehicle,1994,Collision,0
Sep,2,Thursday,BMW,Urban,Thursday,Sep,5,Male,Divorced,39,Third Party,Sedan - Liability,Sedan,less than 20000,395,10,300,1,more than 30,8 to 15,2 to 4,more than 7,41 to 50,Yes,No,Internal,none,no change,more than 8,1994,Collision,0
Nov,3,Monday,Honda,Urban,Thursday,Oct,4,Female,Married,65,Policy Holder,Sedan - Liability,Sedan,60000 to 69000,396,4,300,3,none,15 to 30,more than 4,6 years,26 to 30,No,Yes,External,3 to 5,no change,5 to 8,1996,All Perils,0
Jan,4,Sunday,Mercedes,Rural,Monday,Mar,2,Female,Married,74,Third Party,Sedan - All Perils,Sedan,60000 to 69000,397,3,400,4,1 to 7,15 to 30,more than 4,5 years,51 to 65,No,Yes,Internal,none,2 to 3 years,2 vehicles,1996,Liability,1
Mar,4,Wednesday,Mercedes,Rural,Friday,Feb,3,Female,Widow,66,Third Party,Sedan - Liability,Sedan,60000 to 69000,398,9,500,4,none,none,none,4 years,51 to 65,Yes,No,External,more than 5,under 6 months,more than 8,1995,Collision,0
Apr,4,Sunday,Mercedes,Urban,Wednesday,Mar,3,Male,Married,76,Third Party,Sedan - All Perils,Sport,40000 to 59000,399,7,700,3,8 to 15,none,2 to 4,6 years,51 to 65,No,No,External,none,2 to 3 years,5 to 8,1994,Liability,1
Apr,2,Sunday,Ford,Rural,Saturday,Jul,1,Female,Widow,52,Policy Holder,Sport - Collision,Sedan,30000 to 39000,400,13,500,3,more than 30,15 to 30,none,7 years,51 to 65,Yes,No,Internal,1 to 2,4 to 8 years,5 to 8,1996,Liability,0
Dec,3,Saturday,Toyota,Rural,Monday,Dec,2,Female,Married,22,Policy Holder,Sedan - Collision,Sedan,less than 20000,401,1,400,3,8 to 15,more than 30,1,4 years,31 to 35,No,Yes,External,3 to 5,4 to 8 years,2 vehicles,1995,Liability,0
Oct,5,Friday,Mazda,Urban,Wednesday,Feb,2,Female,Divorced,51,Third Party,Sedan - Liability,Utility,60000 to 69000,402,15,400,1,1 to 7,none,none,5 years,51 to 65,Yes,Yes,Internal,1 to 2,no change,3 to 4,1995,All Perils,0
Apr,5,Friday,Mazda,Rural,Monday,Jan,1,Female,Widow,47,Policy Holder,Utility - All Perils,Sport,more than 69000,403,3,300,2,none,8 to 15,2 to 4,more than 7,over 65,Yes,Yes,Internal,3 to 5,under 6 months,2 vehicles,1995,Collision,0
Dec,4,Thursday,Nissan,Urban,Tuesday,Jul,3,Female,Divorced,63,Third Party,Sedan - All Perils,Utility,more than 69000,404,7,300,1,1 to 7,none,more than 4,more than 7,21 to 25,No,No,Internal,3 to 5,1 year,5 to 8,1996,Collision,0
Jun,4,Monday,Pontiac,Rural,Sunday,Dec,3,Male,Divorced,33,Third Party,Utility - All Perils,Sport,30000 to 39000,405,6,300,4,1 to 7,8 to 15,more than 4,2 years,26 to 30,Yes,Yes,Internal,3 to 5,no change,more than 8,1994,All Perils,1
Jul,5,Wednesday,Nissan,Urban,Thursday,Jul,2,Male,Married,61,Third Party,Sport - Collision,Sedan,20000 to 29000,406,15,700,3,none,8 to 15,2 to 4,2 years,36 to 40,No,Yes,Internal,3 to 5,4 to 8 years,more than 8,1995,Liability,0
Jun,4,Saturday,BMW,Urban,Thursday,Dec,1,Female,Married,45,Third Party,Sport - Collision,Utility,40000 to 59000,407,12,300,4,none,none,2 to 4,2 years,51 to 65,Yes,Yes,External,none,4 to 8 years,2 vehicles,1996,All Perils,0
Feb,5,Saturday,BMW,Urban,Tuesday,Aug,5,Male,Single,60,Third Party,Sport - Liability,Sport,less than 20000,408,1,700,2,15 to 30,more than 30,2 to 4,new,26 to 30,No,No,Internal,3 to 5,2 to 3 years,5 to 8,1995,All Perils,0
Dec,1,Thursday,Toyota,Urban,Tuesday,Jan,4,Female,Widow,44,Third Party,Sedan - Collision,Utility,less than 20000,409,14,500,4,15 to 30,more than 30,none,6 years,21 to 25,No,No,Internal,more than 5,under 6 months,5 to 8,1996,Collision,0
Jan,2,Friday,Honda,Urban,Friday,Jun,3,Female,Widow,42,Third Party,Sedan - Collision,Sedan,60000 to 69000,410,11,500,4,15 to 30,15 to 30,2 to 4,4 years,21 to 25,No,No,Internal,3 to 5,no change,1 vehicle,1995,All Perils,0
Mar,1,Monday,Honda,Rural,Sunday,Oct,4,Male,Married,31,Policy Holder,Utility - All Perils,Utility,more than 69000,411,2,700,3,none,more than 30,2 to 4,new,51 to 65,No,No,External,3 to 5,4 to 8 years,5 to 8,1995,All Perils,0
Mar,1,Thursday,Pontiac,Urban,Saturday,Jul,2,Female,Single,70,Third Party,Sport - Liability,Utility,30000 to 39000,412,13,700,4,more than 30,8 to 15,none,2 years,31 to 35,No,Yes,Internal,3 to 5,2 to 3 years,1 vehicle,1995,Liability,0
Apr,3,Thursday,Toyota,Rural,Saturday,Mar,2,Male,Divorced,22,Third Party,Sedan - Collision,Sedan,40000 to 59000,413,1,300,3,8 to 15,more than 30,2 to 4,5 years,21 to 25,No,Yes,Internal,none,4 to 8 years,1 vehicle,1996,Liability,0
Feb,2,Sunday,Nissan,Urban,Thursday,Mar,4,Female,Single,32,Policy Holder,Sport - Collision,Utility,40000 to 59000,414,7,700,3,8 to 15,8 to 15,1,7 years,41 to 50,Yes,Yes,Internal,none,under 6 months,1 vehicle,1995,Collision,0
Jan,3,Wednesday,Toyota,Urban,Monday,Aug,4,Male,Widow,44,Policy Holder,Sedan - All Perils,Utility,less than 20000,415,3,300,1,more than 30,8 to 15,2 to 4,6 years,36 to 40,No,Yes,External,3 to 5,no change,3 to 4,1995,Collision,0
Sep,3,Tuesday,Nissan,Rural,Saturday,Jun,4,Male,Single,27,Policy Holder,Utility - All Perils,Utility,20000 to 29000,416,1,500,4,1 to 7,15 to 30,more than 4,5 years,31 to 35,No,No,Internal,1 to 2,4 to 8 years,1 vehicle,1996,Liability,0
Dec,4,Wednesday,BMW,Urban,Saturday,Jul,3,Female,Single,75,Policy Holder,Sport - Collision,Sedan,20000 to 29000,417,9,500,1,8 to 15,15 to 30,1,2 years,36 to 40,Yes,Yes,Internal,3 to 5,no change,3 to 4,1996,Collision,0
Feb,5,Tuesday,Honda,Urban,Thursday,May,1,Male,Divorced,39,Third Party,Sedan - Collision,Utility,more than 69000,418,11,300,3,none,15 to 30,more than 4,3 years,21 to 25,No,Yes,External,more than 5,1 year,5 to 8,1994,All Perils,1
Apr,5,Thursday,Honda,Rural,Monday,May,4,Male,Widow,33,Third Party,Sport - Liability,Utility,30000 to 39000,419,8,500,3,8 to 15,more than 30,1,7 years,18 to 20,Yes,No,Internal,more than 5,1 year,3 to 4,1995,Liability,1
Jul,2,Friday,Mazda,Urban,Friday,Aug,4,Male,Single,33,Policy Holder,Sport - Liability,Sport,60000 to 69000,420,6,500,1,1 to 7,8 to 15,2 to 4,7 years,51 to 65,Yes,Yes,Internal,none,1 year,2 vehicles,1996,All Perils,0
Dec,2,Saturday,Mazda,Rural,Sunday,Jan,3,Female,Single,30,Policy Holder,Sedan - All Perils,Sport,20000 to 29000,421,9,700,4,none,15 to 30,none,7 years,41 to 50,No,Yes,Internal,1 to 2,1 year,2 vehicles,1995,Collision,0
Sep,4,Sunday,Ford,Urban,Tuesday,Jun,2,Male,Married,59,Third Party,Sport - Liability,Sedan,more than 69000,422,3,700,1,15 to 30,none,none,5 years,over 65,No,Yes,External,none,no change,5 to 8,1996,All Perils,0
Oct,1,Monday,Chevrolet,Rural,Tuesday,May,5,Male,Widow,48,Third Party,Sedan - Collision,Sport,more than 69000,423,1,400,3,none,none,1,3 years,over 65,Yes,No,Internal,none,2 to 3 years,2 vehicles,1995,All Perils,1
Jul,3,Tuesday,Toyota,Urban,Saturday,Oct,2,Male,Married,32,Policy Holder,Sedan - Collision,Utility,30000 to 39000,424,3,500,4,more than 30,8 to 15,more than 4,5 years,26 to 30,No,No,External,3 to 5,under 6 months,5 to 8,1994,Liability,0
Jun,3,Wednesday,Toyota,Urban,Wednesday,Sep,2,Female,Divorced,73,Third Party,Sport - Liability,Utility,20000 to 29000,425,1,700,1,1 to 7,15 to 30,1,more than 7,31 to 35,No,Yes,External,3 to 5,no change,5 to 8,1995,All Perils,1
Mar,1,Tuesday,BMW,Rural,Saturday,Jun,4,Male,Widow,59,Third Party,Sport - Collision,Sedan,more than 69000,426,13,300,2,none,15 to 30,1,2 years,51 to 65,Yes,Yes,Internal,none,1 year,3 to 4,1994,Liability,0
Nov,4,Saturday,Nissan,Rural,Friday,Apr,3,Male,Widow,43,Policy Holder,Sedan - Liability,Sedan,60000 to 69000,427,10,500,3,8 to 15,none,more than 4,7 years,16 to 17,No,No,External,3 to 5,under 6 months,2 vehicles,1994,Liability,1
Oct,2,Monday,Ford,Rural,Tuesday,Mar,3,Female,Married,50,Policy Holder,Sport - Liability,Sedan,40000 to 59000,428,3,700,4,1 to 7,more than 30,1,more than 7,51 to 65,Yes,Yes,External,1 to 2,2 to 3 years,1 vehicle,1995,Collision,0
Jan,1,Monday,Nissan,Urban,Monday,Mar,4,Male,Widow,59,Third Party,Sedan - Collision,Sport,20000 to 29000,429,10,300,2,15 to 30,15 to 30,more than 4,7 years,18 to 20,No,Yes,Internal,more than 5,under 6 months,5 to 8,1994,All Perils,0
Sep,4,Sunday,Mazda,Urban,Thursday,Apr,2,Female,Divorced,27,Third Party,Sedan - Collision,Sedan,40000 to 59000,430,8,700,1,15 to 30,15 to 30,none,6 years,21 to 25,Yes,Yes,Internal,3 to 5,1 year,2 vehicles,1994,Liability,0
Feb,1,Sunday,Mazda,Rural,Wednesday,Oct,1,Male,Single,68,Third Party,Sedan - All Perils,Utility,30000 to 39000,431,2,300,1,8 to 15,15 to 30,none,4 years,31 to 35,Yes,Yes,Internal,1 to 2,1 year,3 to 4,1995,Collision,0
Sep,4,Tuesday,Honda,Urban,Saturday,Jan,1,Female,Widow,34,Third Party,Sedan - All Perils,Utility,60000 to 69000,432,16,400,1,8 to 15,15 to 30,none,7 years,41 to 50,Yes,Yes,Internal,1 to 2,4 to 8 years,1 vehicle,1994,Liability,0
Oct,1,Wednesday,Mazda,Urban,Wednesday,Jan,5,Male,Divorced,19,Third Party,Utility - All Perils,Sedan,60000 to 69000,433,16,700,4,15 to 30,8 to 15,none,2 years,26 to 30,No,No,External,none,no change,5 to 8,1994,Collision,0
Feb,3,Thursday,Chevrolet,Urban,Tuesday,Jul,3,Female,Married,50,Policy Holder,Sedan - All Perils,Utility,30000 to 39000,434,13,700,4,15 to 30,8 to 15,2 to 4,7 years,over 65,No,No,External,more than 5,no change,more than 8,1995,Liability,1
Jun,5,Thursday,Pontiac,Rural,Sunday,Mar,3,Female,Divorced,73,Policy Holder,Sedan - Collision,Utility,less than 20000,435,13,500,2,none,none,none,4 years,51 to 65,No,No,Internal,3 to 5,4 to 8 years,more than 8,1994,Collision,0
Feb,2,Sunday,Toyota,Urban,Saturday,Oct,2,Male,Married,64,Third Party,Sport - Liability,Utility,40000 to 59000,436,9,500,4,8 to 15,15 to 30,2 to 4,5 years,41 to 50,Yes,No,Internal,more than 5,under 6 months,2 vehicles,1995,All Perils,0
Jul,4,Wednesday,Toyota,Urban,Friday,Oct,4,Male,Single,37,Policy Holder,Sport - Collision,Utility,more than 69000,437,13,400,4,15 to 30,none,2 to 4,4 years,41 to 50,No,Yes,External,3 to 5,2 to 3 years,1 vehicle,1995,All Perils,0
Dec,4,Monday,Mazda,Urban,Sunday,Oct,5,Male,Divorced,43,Policy Holder,Sedan - Liability,Sport,20000 to 29000,438,9,700,4,1 to 7,15 to 30,none,new,16 to 17,Yes,No,Internal,3 to 5,1 year,1 vehicle,1994,All Perils,0
Jan,5,Wednesday,Honda,Urban,Saturday,Jun,4,Male,Married,55,Policy Holder,Sport - Collision,Utility,more than 69000,439,3,500,1,more than 30,8 to 15,none,more than 7,51 to 65,No,No,External,none,2 to 3 years,2 vehicles,1996,Liability,0
May,1,Thursday,Toyota,Urban,Sunday,Jun,3,Female,Divorced,32,Third Party,Sport - Collision,Sedan,30000 to 39000,440,3,700,1,8 to 15,none,none,6 years,36 to 40,No,No,Internal,more than 5,2 to 3 years,1 vehicle,1996,All Perils,1
Dec,4,Thursday,Pontiac,Urban,Saturday,Jun,3,Male,Married,69,Third Party,Sport - Collision,Utility,60000 to 69000,441,14,500,3,1 to 7,8 to 15,none,5 years,18 to 20,Yes,No,External,3 to 5,under 6 months,1 vehicle,1996,Collision,0
Apr,5,Thursday,Nissan,Urban,Wednesday,Mar,5,Female,Married,36,Third Party,Sedan - Collision,Sport,60000 to 69000,442,8,300,2,1 to 7,more than 30,2 to 4,new,51 to 65,Yes,Yes,External,1 to 2,1 year,5 to 8,1994,Liability,0
Feb,4,Sunday,Pontiac,Urban,Monday,Jul,5,Male,Widow,31,Policy Holder,Sedan - All Perils,Utility,20000 to 29000,443,12,500,1,15 to 30,15 to 30,more than 4,7 years,16 to 17,No,No,External,more than 5,under 6 months,1 vehicle,1995,All Perils,0
Jun,1,Saturday,Toyota,Rural,Friday,Nov,2,Female,Married,23,Policy Holder,Sport - Collision,Utility,less than 20000,444,3,700,3,15 to 30,8 to 15,1,more than 7,36 to 40,Yes,Yes,Internal,none,under 6 months,5 to 8,1994,All Perils,0
Jul,5,Tuesday,Nissan,Rural,Saturday,Apr,5,Female,Divorced,61,Policy Holder,Sport - Liability,Sport,more than 69000,445,8,700,2,1 to 7,8 to 15,2 to 4,7 years,36 to 40,No,No,Internal,none,1 year,more than 8,1994,All Perils,0
Aug,1,Wednesday,Chevrolet,Urban,Sunday,Jan,5,Female,Single,19,Policy Holder,Sport - Liability,Sedan,60000 to 69000,446,2,400,4,none,15 to 30,1,2 years,16 to 17,Yes,Yes,External,3 to 5,no change,more than 8,1994,Collision,0
Apr,3,Friday,BMW,Urban,Friday,Jul,5,Female,Single,68,Policy Holder,Utility - All Perils,Sedan,40000 to 59000,447,4,300,3,none,none,none,2 years,26 to 30,No,Yes,Internal,3 to 5,no change,more than 8,1996,All Perils,0
Dec,3,Wednesday,Toyota,Urban,Thursday,May,1,Female,Single,79,Policy Holder,Sport - Collision,Utility,20000 to 29000,448,2,700,1,8 to 15,15 to 30,none,3 years,18 to 20,No,Yes,Internal,3 to 5,2 to 3 years,2 vehicles,1996,Liability,0
Jul,3,Wednesday,Pontiac,Urban,Friday,Oct,1,Female,Married,25,Third Party,Sedan - All Perils,Utility,less than 20000,449,4,700,4,more than 30,none,1,new,over 65,Yes,No,Internal,3 to 5,no change,5 to 8,1995,All Perils,0
Apr,3,Tuesday,Honda,Urban,Monday,Nov,2,Female,Single,24,Policy Holder,Sport - Collision,Sport,20000 to 29000,450,10,700,3,more than 30,more than 30,more than 4,5 years,51 to 65,No,Yes,External,1 to 2,4 to 8 years,1 vehicle,1996,Collision,0
Dec,1,Tuesday,Pontiac,Rural,Monday,Dec,4,Male,Married,76,Third Party,Sedan - Collision,Utility,40000 to 59000,451,1,500,2,8 to 15,15 to 30,none,4 years,over 65,No,Yes,External,1 to 2,2 to 3 years,2 vehicles,1995,Collision,1
Dec,3,Saturday,Toyota,Urban,Monday,May,1,Female,Single,25,Third Party,Sedan - Collision,Utility,60000 to 69000,452,4,700,1,8 to 15,none,more than 4,5 years,31 to 35,Yes,Yes,External,1 to 2,4 to 8 years,5 to 8,1994,All Perils,0
Jun,5,Saturday,Nissan,Rural,Sunday,Nov,1,Female,Divorced,43,Policy Holder,Sport - Liability,Sport,20000 to 29000,453,12,400,3,8 to 15,8 to 15,2 to 4,more than 7,21 to 25,No,No,External,none,1 year,2 vehicles,1996,Liability,0
Jan,3,Saturday,Honda,Urban,Saturday,Feb,1,Female,Single,72,Policy Holder,Sedan - Collision,Utility,20000 to 29000,454,3,700,3,1 to 7,more than 30,1,6 years,over 65,Yes,No,External,none,2 to 3 years,2 vehicles,1996,Liability,0
Aug,2,Wednesday,Pontiac,Urban,Tuesday,May,1,Female,Divorced,26,Policy Holder,Sport - Liability,Utility,20000 to 29000,455,9,400,4,8 to 15,more than 30,2 to 4,4 years,21 to 25,No,No,Internal,none,no change,3 to 4,1995,Collision,0
Jul,5,Monday,Toyota,Urban,Wednesday,Apr,5,Male,Divorced,59,Third Party,Sport - Liability,Sport,more than 69000,456,14,700,1,more than 30,none,2 to 4,7 years,26 to 30,No,Yes,Internal,none,2 to 3 years,2 vehicles,1994,All Perils,1
Feb,1,Tuesday,BMW,Urban,Thursday,Dec,4,Male,Widow,42,Third Party,Utility - All Perils,Sedan,40000 to 59000,457,13,300,2,15 to 30,8 to 15,2 to 4,3 years,18 to 20,No,No,External,3 to 5,under 6 months,5 to 8,1996,Liability,1
Aug,3,Wednesday,Chevrolet,Urban,Tuesday,Aug,4,Male,Divorced,45,Third Party,Sedan - Liability,Utility,more than 69000,458,2,400,4,1 to 7,none,more than 4,7 years,51 to 65,No,No,Internal,1 to 2,2 to 3 years,more than 8,1994,Collision,1
Nov,3,Thursday,Nissan,Urban,Wednesday,May,2,Male,Divorced,76,Policy Holder,Sedan - All Perils,Sport,less than 20000,459,3,300,3,none,8 to 15,2 to 4,more than 7,18 to 20,Yes,Yes,Internal,1 to 2,under 6 months,3 to 4,1994,All Perils,0
Feb,3,Sunday,Pontiac,Urban,Wednesday,Feb,4,Male,Divorced,58,Third Party,Sport - Liability,Sport,30000 to 39000,460,12,400,1,15 to 30,more than 30,none,more than 7,16 to 17,No,No,Internal,more than 5,2 to 3 years,3 to 4,1994,Collision,0
Sep,5,Sunday,Mazda,Rural,Friday,Oct,4,Male,Widow,38,Third Party,Sedan - All Perils,Utility,30000 to 39000,461,6,700,4,more than 30,15 to 30,1,5 years,51 to 65,Yes,Yes,Internal,none,4 to 8 years,5 to 8,1996,Liability,0
Feb,3,Monday,Honda,Rural,Saturday,Aug,3,Female,Widow,76,Third Party,Sport - Collision,Utility,30000 to 39000,462,7,300,3,none,8 to 15,more than 4,4 years,51 to 65,No,Yes,Internal,more than 5,no change,3 to 4,1996,All Perils,1
Sep,5,Friday,Pontiac,Urban,Monday,Nov,5,Female,Married,54,Policy Holder,Sport - Liability,Sedan,30000 to 39000,463,8,500,2,1 to 7,8 to 15,none,4 years,51 to 65,Yes,Yes,Internal,none,no change,3 to 4,1994,All Perils,0
Jun,1,Wednesday,Mazda,Rural,Thursday,Jun,3,Female,Widow,24,Policy Holder,Utility - All Perils,Utility,less than 20000,464,10,700,4,more than 30,15 to 30,1,5 years,51 to 65,Yes,Yes,External,3 to 5,under 6 months,more than 8,1995,All Perils,0
Jan,4,Tuesday,Honda,Urban,Sunday,Feb,2,Male,Married,42,Policy Holder,Sedan - Collision,Sedan,less than 20000,465,8,500,3,1 to 7,15 to 30,2 to 4,more than 7,18 to 20,Yes,No,Internal,none,1 year,2 vehicles,1995,Collision,0
Dec,3,Thursday,Pontiac,Urban,Sunday,May,4,Male,Single,33,Third Party,Sedan - Collision,Sport,60000 to 69000,466,1,500,2,none,8 to 15,2 to 4,7 years,26 to 30,Yes,No,Internal,1 to 2,4 to 8 years,2 vehicles,1995,Collision,0
Feb,2,Monday,Toyota,Urban,Saturday,Aug,5,Female,Divorced,58,Policy Holder,Sedan - All Perils,Utility,30000 to 39000,467,2,300,4,1 to 7,8 to 15,more than 4,5 years,41 to 50,No,Yes,Internal,more than 5,1 year,1 vehicle,1994,Collision,0
Aug,2,Wednesday,Ford,Urban,Saturday,Mar,5,Male,Widow,72,Third Party,Sport - Collision,Sedan,less than 20000,468,1,500,2,1 to 7,more than 30,2 to 4,3 years,21 to 25,Yes,Yes,External,none,4 to 8 years,1 vehicle,1994,Collision,0
Mar,4,Thursday,Honda,Rural,Monday,Jan,3,Female,Widow,20,Policy Holder,Utility - All Perils,Sedan,30000 to 39000,469,5,300,1,8 to 15,15 to 30,none,4 years,51 to 65,No,Yes,Internal,3 to 5,2 to 3 years,5 to 8,1994,Collision,0
Dec,4,Tuesday,Mazda,Rural,Sunday,Oct,3,Female,Married,67,Third Party,Sedan - Liability,Utility,more than 69000,470,14,300,3,more than 30,more than 30,none,2 years,over 65,Yes,Yes,Internal,1 to 2,2 to 3 years,2 vehicles,1996,Collision,1
Sep,4,Friday,Toyota,Rural,Saturday,Jul,5,Female,Divorced,75,Third Party,Sedan - Collision,Sport,30000 to 39000,471,16,700,1,more than 30,more than 30,2 to 4,2 years,over 65,No,No,Internal,1 to 2,4 to 8 years,5 to 8,1995,All Perils,0
Oct,1,Thursday,Honda,Rural,Sunday,May,4,Male,Widow,80,Policy Holder,Utility - All Perils,Utility,more than 69000,472,8,500,3,8 to 15,8 to 15,more than 4,new,41 to 50,Yes,No,Internal,3 to 5,under 6 months,1 vehicle,1996,All Perils,0
Jun,3,Saturday,Mazda,Rural,Sunday,Jul,3,Female,Single,59,Policy Holder,Sport - Collision,Sport,less than 20000,473,1,700,3,none,more than 30,2 to 4,7 years,51 to 65,Yes,Yes,Internal,1 to 2,2 to 3 years,5 to 8,1996,All Perils,0
Jun,5,Tuesday,Toyota,Urban,Tuesday,Sep,2,Female,Divorced,37,Policy Holder,Sport - Liability,Sport,less than 20000,474,2,400,3,1 to 7,more than 30,2 to 4,6 years,36 to 40,Yes,Yes,External,more than 5,2 to 3 years,3 to 4,1994,All Perils,0
Aug,1,Monday,Toyota,Urban,Monday,Jan,5,Male,Divorced,27,Policy Holder,Sedan - Collision,Sport,40000 to 59000,475,14,400,1,none,none,none,2 years,16 to 17,Yes,No,External,none,4 to 8 years,more than 8,1994,Collision,0
Oct,3,Thursday,Chevrolet,Urban,Friday,Jun,5,Male,Divorced,77,Third Party,Sport - Collision,Utility,60000 to 69000,476,6,700,3,none,none,none,6 years,26 to 30,No,Yes,External,1 to 2,under 6 months,more than 8,1995,All Perils,0
Nov,3,Tuesday,Honda,Rural,Thursday,Apr,1,Female,Married,43,Third Party,Sedan - All Perils,Sport,more than 69000,477,15,500,2,1 to 7,none,more than 4,2 years,over 65,Yes,Yes,External,1 to 2,2 to 3 years,3 to 4,1994,Collision,1
Jan,5,Friday,Nissan,Urban,Monday,Feb,1,Male,Single,39,Third Party,Sport - Liability,Sport,30000 to 39000,478,9,700,1,none,15 to 30,2 to 4,3 years,over 65,No,Yes,Internal,more than 5,under 6 months,more than 8,1996,All Perils,1
Aug,2,Monday,Chevrolet,Rural,Tuesday,Jan,1,Female,Single,64,Third Party,Sedan - Liability,Sport,20000 to 29000,479,15,300,2,8 to 15,more than 30,2 to 4,3 years,21 to 25,No,Yes,External,3 to 5,4 to 8 years,more than 8,1996,Liability,0
Feb,3,Friday,Nissan,Rural,Sunday,Jun,2,Male,Widow,63,Policy Holder,Sedan - Collision,Sport,40000 to 59000,480,3,500,4,1 to 7,more than 30,more than 4,2 years,41 to 50,Yes,No,Internal,more than 5,1 year,5 to 8,1996,All Perils,1
Apr,4,Sunday,Mercedes,Urban,Wednesday,Jul,1,Female,Divorced,68,Policy Holder,Sport - Collision,Sport,20000 to 29000,481,14,700,4,15 to 30,8 to 15,none,6 years,21 to 25,No,Yes,Internal,none,4 to 8 years,3 to 4,1994,Liability,0
Oct,1,Monday,Nissan,Urban,Tuesday,Jul,5,Male,Single,73,Third Party,Sport - Collision,Sport,20000 to 29000,482,9,700,1,8 to 15,15 to 30,more than 4,new,26 to 30,No,No,Internal,none,1 year,more than 8,1995,All Perils,0
Apr,5,Wednesday,Chevrolet,Rural,Friday,Oct,5,Male,Widow,73,Policy Holder,Utility - All Perils,Utility,less than 20000,483,8,500,4,more than 30,none,1,4 years,36 to 40,No,Yes,Internal,3 to 5,no change,more than 8,1996,Liability,0
Oct,5,Saturday,Mazda,Urban,Friday,Jun,1,Male,Single,28,Policy Holder,Sport - Liability,Sedan,60000 to 69000,484,9,300,3,8 to 15,15 to 30,2 to 4,4 years,31 to 35,No,No,Internal,more than 5,under 6 months,3 to 4,1994,Liability,1
Jun,4,Thursday,BMW,Urban,Wednesday,Aug,5,Male,Divorced,28,Policy Holder,Sedan - Liability,Sport,40000 to 59000,485,6,500,1,none,8 to 15,1,5 years,36 to 40,No,No,External,none,2 to 3 years,2 vehicles,1995,Collision,0
Mar,4,Tuesday,Honda,Urban,Saturday,Oct,1,Male,Single,30,Third Party,Sedan - Liability,Sport,less than 20000,486,10,300,4,more than 30,more than 30,none,2 years,16 to 17,No,No,Internal,none,2 to 3 years,2 vehicles,1995,Collision,1
May,4,Tuesday,Mercedes,Rural,Friday,Aug,4,Female,Divorced,57,Third Party,Sedan - All Perils,Utility,40000 to 59000,487,13,700,3,1 to 7,more than 30,more than 4,4 years,21 to 25,Yes,No,Internal,none,1 year,more than 8,1995,Liability,1
Jul,4,Saturday,Ford,Urban,Tuesday,Nov,2,Male,Single,54,Policy Holder,Utility - All Perils,Sport,more than 69000,488,13,500,4,15 to 30,15 to 30,1,7 years,51 to 65,Yes,Yes,External,more than 5,2 to 3 years,1 vehicle,1995,Collision,0
Oct,5,Sunday,Honda,Rural,Wednesday,Mar,1,Male,Married,72,Third Party,Sedan - All Perils,Sport,60000 to 69000,489,16,300,1,15 to 30,15 to 30,none,3 years,36 to 40,Yes,Yes,External,none,1 year,1 vehicle,1996,Liability,1
Aug,3,Wednesday,Ford,Urban,Saturday,Oct,3,Male,Widow,71,Policy Holder,Utility - All Perils,Sedan,30000 to 39000,490,7,500,1,more than 30,more than 30,none,more than 7,51 to 65,No,Yes,Internal,3 to 5,no change,3 to 4,1995,Collision,0
Dec,3,Thursday,Ford,Rural,Monday,Sep,5,Female,Divorced,69,Third Party,Sedan - Liability,Sport,less than 20000,491,13,500,4,15 to 30,8 to 15,more than 4,4 years,over 65,No,Yes,Internal,1 to 2,no change,more than 8,1994,Collision,0
Nov,4,Saturday,Honda,Rural,Monday,Jul,5,Female,Married,22,Policy Holder,Utility - All Perils,Sedan,40000 to 59000,492,15,300,1,8 to 15,none,more than 4,7 years,26 to 30,Yes,No,Internal,1 to 2,under 6 months,2 vehicles,1994,Collision,0
Oct,1,Tuesday,BMW,Urban,Friday,Jan,1,Female,Divorced,61,Third Party,Sedan - Liability,Sedan,40000 to 59000,493,1,300,3,1 to 7,15 to 30,2 to 4,new,21 to 25,No,Yes,Internal,3 to 5,no change,3 to 4,1996,Liability,0
Aug,5,Tuesday,Honda,Rural,Thursday,Jul,5,Male,Single,71,Policy Holder,Sport - Liability,Utility,more than 69000,494,8,300,3,8 to 15,8 to 15,more than 4,7 years,21 to 25,No,No,External,1 to 2,2 to 3 years,1 vehicle,1996,All Perils,1
Apr,4,Saturday,Mercedes,Urban,Tuesday,Nov,2,Female,Married,79,Third Party,Utility - All Perils,Sport,40000 to 59000,495,12,300,4,15 to 30,15 to 30,2 to 4,4 years,36 to 40,No,Yes,Internal,none,4 to 8 years,more than 8,1995,Liability,0
May,4,Tuesday,Chevrolet,Urban,Thursday,Aug,3,Male,Divorced,39,Policy Holder,Sedan - Collision,Utility,60000 to 69000,496,8,500,2,8 to 15,more than 30,more than 4,more than 7,21 to 25,Yes,Yes,Internal,3 to 5,4 to 8 years,more than 8,1996,All Perils,0
Feb,2,Saturday,BMW,Rural,Tuesday,Jan,1,Female,Married,66,Policy Holder,Sedan - Collision,Sedan,40000 to 59000,497,2,700,4,none,15 to 30,none,6 years,26 to 30,Yes,Yes,External,none,1 year,5 to 8,1995,Collision,0
May,2,Thursday,Mazda,Urban,Wednesday,Apr,5,Male,Widow,43,Policy Holder,Sport - Collision,Utility,40000 to 59000,498,11,300,3,1 to 7,8 to 15,none,6 years,18 to 20,Yes,No,External,more than 5,4 to 8 years,1 vehicle,1995,All Perils,0
Dec,3,Sunday,Toyota,Rural,Tuesday,Jul,4,Female,Married,28,Policy Holder,Sport - Liability,Sport,20000 to 29000,499,7,500,3,more than 30,15 to 30,2 to 4,2 years,26 to 30,Yes,Yes,Internal,more than 5,2 to 3 years,1 vehicle,1994,Collision,0
Jun,4,Monday,Toyota,Rural,Friday,Oct,4,Female,Married,39,Policy Holder,Sedan - Liability,Sedan,30000 to 39000,500,10,400,3,1 to 7,8 to 15,more than 4,5 years,over 65,Yes,Yes,Internal,more than 5,no change,5 to 8,1995,All Perils,0
Feb,4,Sunday,Pontiac,Urban,Friday,Jun,4,Male,Divorced,33,Policy Holder,Sedan - Collision,Sport,20000 to 29000,501,1,700,1,8 to 15,none,2 to 4,6 years,26 to 30,Yes,Yes,External,1 to 2,1 year,1 vehicle,1995,Collision,0
Aug,4,Tuesday,BMW,Urban,Sunday,Nov,5,Female,Widow,75,Third Party,Sport - Liability,Utility,30000 to 39000,502,1,400,2,more than 30,more than 30,more than 4,7 years,41 to 50,Yes,Yes,Internal,1 to 2,1 year,1 vehicle,1995,All Perils,0
Dec,5,Monday,Ford,Rural,Monday,Oct,1,Male,Widow,29,Third Party,Sport - Liability,Utility,more than 69000,503,10,500,3,1 to 7,8 to 15,1,4 years,26 to 30,No,Yes,External,3 to 5,1 year,more than 8,1995,Collision,0
Nov,5,Saturday,Mazda,Urban,Wednesday,Apr,2,Female,Widow,26,Third Party,Sedan - Liability,Sedan,30000 to 39000,504,16,700,2,15 to 30,15 to 30,2 to 4,5 years,26 to 30,Yes,No,Internal,more than 5,4 to 8 years,3 to 4,1995,All Perils,0
Apr,4,Thursday,Nissan,Urban,Tuesday,Mar,1,Female,Divorced,54,Policy Holder,Utility - All Perils,Utility,30000 to 39000,505,11,300,1,15 to 30,more than 30,2 to 4,2 years,36 to 40,No,No,Internal,more than 5,4 to 8 years,3 to 4,1996,Collision,1
Jun,2,Saturday,Mercedes,Urban,Friday,Nov,3,Female,Married,54,Third Party,Utility - All Perils,Sedan,more than 69000,506,16,400,3,1 to 7,none,more than 4,4 years,16 to 17,No,No,Internal,1 to 2,under 6 months,5 to 8,1994,Liability,1
Jul,3,Monday,Mazda,Urban,Thursday,Aug,3,Female,Divorced,53,Third Party,Utility - All Perils,Sedan,less than 20000,507,14,400,2,more than 30,8 to 15,2 to 4,4 years,26 to 30,No,No,Internal,more than 5,no change,2 vehicles,1995,All Perils,0
Mar,3,Monday,Ford,Rural,Sunday,Nov,1,Male,Widow,27,Policy Holder,Sedan - Collision,Utility,20000 to 29000,508,5,300,4,8 to 15,none,1,new,18 to 20,No,Yes,Internal,1 to 2,2 to 3 years,2 vehicles,1995,All Perils,0
Apr,4,Thursday,Ford,Urban,Sunday,Dec,4,Male,Divorced,49,Policy Holder,Sport - Liability,Sport,30000 to 39000,509,2,500,3,1 to 7,8 to 15,none,more than 7,18 to 20,Yes,Yes,External,more than 5,no change,3 to 4,1995,All Perils,0
Mar,5,Sunday,Chevrolet,Rural,Saturday,Jun,1,Female,Divorced,76,Policy Holder,Sedan - Liability,Sport,30000 to 39000,510,9,300,2,1 to 7,8 to 15,1,6 years,41 to 50,Yes,No,External,none,1 year,1 vehicle,1995,Liability,0
Dec,2,Wednesday,Pontiac,Rural,Tuesday,Jan,4,Male,Single,23,Third Party,Sedan - Collision,Utility,30000 to 39000,511,10,400,1,1 to 7,more than 30,none,2 years,18 to 20,No,No,External,1 to 2,4 to 8 years,2 vehicles,1996,Collision,0
Sep,3,Saturday,Toyota,Rural,Monday,Nov,4,Male,Married,68,Third Party,Sedan - Liability,Utility,60000 to 69000,512,13,300,1,8 to 15,8 to 15,none,more than 7,18 to 20,Yes,Yes,Internal,more than 5,2 to 3 years,3 to 4,1996,All Perils,1
Nov,1,Sunday,Honda,Rural,Sunday,Aug,5,Male,Married,25,Policy Holder,Sedan - All Perils,Utility,30000 to 39000,513,9,500,3,1 to 7,15 to 30,2 to 4,6 years,36 to 40,Yes,Yes,External,none,4 to 8 years,more than 8,1994,Liability,0
Oct,4,Sunday,Chevrolet,Rural,Sunday,Feb,1,Female,Married,32,Third Party,Sport - Liability,Sedan,30000 to 39000,514,15,700,2,1 to 7,none,none,6 years,26 to 30,Yes,Yes,External,3 to 5,no change,5 to 8,1994,Liability,0
Dec,3,Thursday,Mercedes,Urban,Tuesday,Jul,5,Male,Married,74,Third Party,Sedan - Collision,Utility,30000 to 39000,515,14,400,3,15 to 30,8 to 15,1,more than 7,18 to 20,No,Yes,Internal,1 to 2,2 to 3 years,5 to 8,1995,Collision,0
Feb,3,Friday,Toyota,Urban,Monday,Jan,3,Male,Single,36,Third Party,Sedan - Collision,Sedan,more than 69000,516,10,400,3,more than 30,more than 30,none,4 years,over 65,Yes,No,Internal,1 to 2,under 6 months,2 vehicles,1994,Collision,0
Nov,3,Thursday,Mazda,Rural,Friday,Apr,5,Male,Divorced,50,Third Party,Sedan - Collision,Utility,more than 69000,517,9,400,2,15 to 30,15 to 30,none,3 years,over 65,No,Yes,External,1 to 2,no change,1 vehicle,1994,All Perils,1
Jan,2,Friday,Toyota,Urban,Friday,May,4,Male,Divorced,42,Third Party,Sedan - Collision,Sport,20000 to 29000,518,1,300,4,8 to 15,8 to 15,2 to 4,5 years,36 to 40,Yes,Yes,Internal,3 to 5,under 6 months,2 vehicles,1995,Liability,0
Jun,3,Thursday,Ford,Rural,Sunday,Jun,4,Female,Widow,56,Policy Holder,Sport - Liability,Sport,less than 20000,519,13,400,3,15 to 30,more than 30,none,more than 7,31 to 35,No,No,External,more than 5,4 to 8 years,5 to 8,1995,Liability,1
Aug,4,Thursday,Pontiac,Urban,Friday,Jul,1,Female,Married,43,Third Party,Sedan - Collision,Sedan,less than 20000,520,11,700,4,8 to 15,more than 30,1,7 years,51 to 65,Yes,Yes,External,more than 5,1 year,1 vehicle,1996,All Perils,0
May,2,Thursday,Ford,Rural,Saturday,Nov,4,Female,Divorced,45,Policy Holder,Sedan - Collision,Utility,30000 to 39000,521,15,300,4,1 to 7,8 to 15,none,7 years,over 65,Yes,Yes,External,1 to 2,4 to 8 years,more than 8,1996,All Perils,0
Feb,1,Friday,Ford,Rural,Saturday,May,3,Female,Married,69,Third Party,Sedan - Collision,Sedan,40000 to 59000,522,2,700,4,15 to 30,more than 30,none,7 years,16 to 17,Yes,No,External,none,no change,2 vehicles,1995,All Perils,1
Mar,2,Saturday,Nissan,Urban,Monday,Sep,5,Male,Married,52,Policy Holder,Sedan - Collision,Sport,less than 20000,523,3,300,1,none,none,none,new,16 to 17,No,Yes,External,more than 5,2 to 3 years,5 to 8,1995,Collision,1
Oct,1,Sunday,Toyota,Rural,Tuesday,Dec,4,Female,Divorced,53,Policy Holder,Utility - All Perils,Sedan,40000 to 59000,524,11,300,3,more than 30,8 to 15,none,4 years,21 to 25,No,No,External,1 to 2,1 year,more than 8,1994,Liability,1
Apr,2,Friday,Toyota,Urban,Saturday,Sep,1,Male,Divorced,68,Third Party,Sedan - Collision,Utility,30000 to 39000,525,8,400,1,8 to 15,more than 30,none,3 years,21 to 25,Yes,Yes,Internal,3 to 5,under 6 months,5 to 8,1994,Collision,0
Apr,4,Monday,Nissan,Urban,Tuesday,Apr,5,Male,Widow,44,Third Party,Sedan - All Perils,Sedan,more than 69000,526,10,400,4,more than 30,more than 30,2 to 4,3 years,over 65,Yes,Yes,Internal,1 to 2,1 year,1 vehicle,1995,Liability,0
Dec,1,Friday,Chevrolet,Rural,Tuesday,Sep,1,Male,Single,69,Third Party,Sport - Collision,Utility,40000 to 59000,527,7,400,3,none,more than 30,none,7 years,31 to 35,No,Yes,External,more than 5,2 to 3 years,2 vehicles,1995,All Perils,1
Feb,4,Wednesday,Honda,Rural,Saturday,Apr,2,Male,Single,63,Third Party,Sedan - Collision,Utility,30000 to 39000,528,11,700,2,8 to 15,none,more than 4,4 years,51 to 65,Yes,No,External,none,no change,3 to 4,1994,All Perils,1
Nov,2,Monday,Mazda,Rural,Tuesday,Jun,2,Female,Divorced,73,Third Party,Sedan - All Perils,Sport,40000 to 59000,529,11,700,3,8 to 15,none,1,7 years,41 to 50,Yes,Yes,External,none,2 to 3 years,more than 8,1996,Collision,1
Dec,5,Monday,Pontiac,Urban,Tuesday,Aug,5,Male,Married,46,Third Party,Sedan - Collision,Sedan,less than 20000,530,4,500,3,1 to 7,15 to 30,1,more than 7,41 to 50,Yes,Yes,External,1 to 2,under 6 months,5 to 8,1995,Liability,0
Aug,4,Friday,Ford,Urban,Monday,Apr,1,Female,Widow,53,Third Party,Sedan - All Perils,Sedan,30000 to 39000,531,13,300,3,8 to 15,none,more than 4,4 years,over 65,Yes,Yes,Internal,1 to 2,4 to 8 years,5 to 8,1995,Liability,0
Feb,2,Sunday,Chevrolet,Urban,Thursday,Jan,5,Male,Married,26,Policy Holder,Sedan - Liability,Sport,20000 to 29000,532,8,700,3,15 to 30,more than 30,more than 4,2 years,36 to 40,No,No,External,more than 5,no change,more than 8,1996,All Perils,0
Feb,3,Thursday,Pontiac,Rural,Friday,Nov,2,Male,Married,25,Third Party,Sedan - All Perils,Sport,20000 to 29000,533,10,700,4,more than 30,more than 30,1,6 years,41 to 50,No,No,Internal,1 to 2,under 6 months,1 vehicle,1994,All Perils,1
Apr,1,Thursday,Ford,Urban,Saturday,Sep,4,Male,Divorced,24,Policy Holder,Sedan - All Perils,Sport,30000 to 39000,534,10,300,4,more than 30,more than 30,more than 4,7 years,21 to 25,Yes,No,External,1 to 2,4 to 8 years,1 vehicle,1995,All Perils,0
Jul,1,Monday,Mercedes,Rural,Sunday,Feb,1,Male,Widow,57,Third Party,Sedan - All Perils,Sedan,40000 to 59000,535,12,400,2,1 to 7,more than 30,2 to 4,4 years,21 to 25,Yes,No,External,none,under 6 months,3 to 4,1996,Liability,0
Feb,5,Friday,Chevrolet,Rural,Friday,May,2,Male,Married,38,Policy Holder,Sedan - Liability,Sport,40000 to 59000,536,5,700,4,more than 30,none,2 to 4,2 years,36 to 40,Yes,Yes,External,more than 5,no change,3 to 4,1995,All Perils,0
Jun,5,Monday,Nissan,Urban,Saturday,Apr,4,Female,Married,36,Policy Holder,Utility - All Perils,Sedan,more than 69000,537,1,300,1,8 to 15,more than 30,more than 4,5 years,over 65,No,No,External,3 to 5,1 year,2 vehicles,1996,All Perils,1
Feb,1,Saturday,Honda,Rural,Tuesday,Dec,4,Female,Single,55,Policy Holder,Sedan - Liability,Sport,20000 to 29000,538,3,300,2,8 to 15,8 to 15,2 to 4,more than 7,16 to 17,No,Yes,Internal,more than 5,2 to 3 years,5 to 8,1994,Liability,0
Jul,2,Saturday,Ford,Urban,Wednesday,Dec,5,Female,Widow,43,Policy Holder,Sedan - Liability,Sedan,60000 to 69000,539,16,500,1,none,none,2 to 4,5 years,31 to 35,Yes,Yes,Internal,1 to 2,1 year,1 vehicle,1996,Collision,0
Jan,1,Sunday,BMW,Urban,Wednesday,Sep,5,Male,Widow,26,Third Party,Sedan - Liability,Sport,40000 to 59000,540,4,400,4,15 to 30,8 to 15,2 to 4,4 years,18 to 20,No,Yes,Internal,none,1 year,1 vehicle,1995,All Perils,0
Sep,2,Tuesday,Nissan,Urban,Monday,Jun,3,Female,Single,53,Third Party,Utility - All Perils,Sport,more than 69000,541,4,400,1,more than 30,more than 30,2 to 4,4 years,51 to 65,No,Yes,External,1 to 2,no change,more than 8,1996,Collision,0
Jan,2,Tuesday,Toyota,Rural,Sunday,Jan,2,Female,Married,52,Third Party,Sedan - Collision,Utility,more than 69000,542,14,700,4,1 to 7,more than 30,more than 4,6 years,31 to 35,Yes,No,Internal,1 to 2,under 6 months,1 vehicle,1996,All Perils,1
Mar,2,Wednesday,Nissan,Rural,Tuesday,Mar,2,Male,Widow,26,Policy Holder,Sedan - All Perils,Sport,60000 to 69000,543,4,500,4,more than 30,15 to 30,2 to 4,3 years,16 to 17,No,No,External,none,no change,3 to 4,1994,All Perils,0
Mar,3,Saturday,Toyota,Rural,Thursday,Feb,5,Female,Single,34,Policy Holder,Sport - Liability,Sedan,30000 to 39000,544,8,500,4,none,none,1,6 years,16 to 17,Yes,Yes,External,none,4 to 8 years,more than 8,1995,Collision,0
Oct,1,Tuesday,Mazda,Rural,Wednesday,Oct,4,Female,Divorced,32,Policy Holder,Sedan - Liability,Sedan,40000 to 59000,545,6,300,4,more than 30,15 to 30,none,more than 7,36 to 40,No,No,Internal,more than 5,under 6 months,5 to 8,1996,Collision,0
Jan,5,Sunday,Ford,Rural,Monday,Feb,5,Female,Divorced,61,Third Party,Sedan - Liability,Utility,40000 to 59000,546,11,300,2,1 to 7,15 to 30,more than 4,7 years,21 to 25,Yes,No,Internal,3 to 5,2 to 3 years,3 to 4,1996,All Perils,0
Jun,4,Tuesday,Mazda,Rural,Sunday,Sep,3,Male,Widow,33,Third Party,Sedan - Collision,Utility,60000 to 69000,547,10,400,4,8 to 15,15 to 30,1,more than 7,16 to 17,Yes,Yes,Internal,3 to 5,under 6 months,2 vehicles,1994,All Perils,0
Aug,4,Monday,Nissan,Rural,Tuesday,Dec,3,Male,Single,19,Policy Holder,Sport - Liability,Sedan,20000 to 29000,548,9,300,4,none,8 to 15,1,7 years,18 to 20,Yes,Yes,Internal,1 to 2,2 to 3 years,1 vehicle,1995,Liability,0
Jul,1,Tuesday,BMW,Urban,Monday,Apr,5,Male,Widow,34,Policy Holder,Utility - All Perils,Utility,more than 69000,549,9,400,4,more than 30,none,more than 4,7 years,18 to 20,No,No,External,1 to 2,no change,1 vehicle,1995,All Perils,0
Sep,4,Saturday,Mercedes,Urban,Wednesday,Sep,4,Male,Divorced,47,Third Party,Sport - Collision,Sport,60000 to 69000,550,14,700,4,8 to 15,8 to 15,none,new,26 to 30,No,No,Internal,3 to 5,no change,3 to 4,1996,All Perils,1
Oct,5,Friday,Ford,Rural,Tuesday,Nov,2,Male,Single,66,Third Party,Utility - All Perils,Sedan,less than 20000,551,10,300,4,more than 30,more than 30,none,3 years,41 to 50,Yes,Yes,External,1 to 2,under 6 months,3 to 4,1995,Liability,0
May,1,Wednesday,Nissan,Rural,Sunday,Jun,3,Male,Divorced,21,Policy Holder,Utility - All Perils,Sport,20000 to 29000,552,9,300,3,1 to 7,8 to 15,2 to 4,3 years,51 to 65,No,Yes,Internal,more than 5,under 6 months,2 vehicles,1994,Liability,0
Oct,4,Friday,Mazda,Rural,Tuesday,Jun,2,Male,Divorced,73,Policy Holder,Sedan - Collision,Utility,20000 to 29000,553,15,300,4,none,none,more than 4,7 years,31 to 35,Yes,Yes,External,none,under 6 months,2 vehicles,1995,Collision,0
Apr,2,Friday,Pontiac,Rural,Wednesday,Mar,4,Female,Single,38,Third Party,Sedan - Collision,Sedan,40000 to 59000,554,2,400,2,15 to 30,8 to 15,more than 4,2 years,over 65,Yes,Yes,External,more than 5,under 6 months,1 vehicle,1996,Liability,1
Dec,4,Thursday,BMW,Rural,Tuesday,Jun,1,Male,Single,39,Third Party,Sedan - Liability,Utility,20000 to 29000,555,14,300,3,none,8 to 15,more than 4,more than 7,51 to 65,No,Yes,External,more than 5,2 to 3 years,1 vehicle,1995,Liability,1
Jul,3,Thursday,Pontiac,Rural,Monday,Nov,5,Male,Widow,18,Third Party,Sport - Liability,Sedan,20000 to 29000,556,4,300,4,15 to 30,15 to 30,more than 4,6 years,18 to 20,No,No,Internal,3 to 5,1 year,2 vehicles,1994,Liability,1
Sep,5,Monday,Pontiac,Rural,Monday,Aug,5,Male,Divorced,35,Third Party,Sport - Liability,Utility,20000 to 29000,557,6,500,2,none,15 to 30,2 to 4,new,41 to 50,No,No,Internal,1 to 2,no change,more than 8,1994,All Perils,1
Nov,1,Tuesday,Chevrolet,Urban,Thursday,Mar,1,Male,Divorced,47,Third Party,Utility - All Perils,Sedan,less than 20000,558,1,300,4,none,8 to 15,more than 4,6 years,21 to 25,No,Yes,External,more than 5,4 to 8 years,2 vehicles,1994,All Perils,1
Oct,2,Thursday,Pontiac,Rural,Tuesday,Jul,4,Female,Widow,57,Policy Holder,Sport - Collision,Sedan,30000 to 39000,559,10,300,1,15 to 30,none,1,3 years,over 65,Yes,Yes,Internal,more than 5,2 to 3 years,1 vehicle,1994,Liability,1
Nov,2,Monday,Nissan,Rural,Monday,Sep,1,Female,Widow,66,Third Party,Utility - All Perils,Sedan,20000 to 29000,560,14,700,3,15 to 30,8 to 15,2 to 4,3 years,51 to 65,No,No,Internal,more than 5,1 year,3 to 4,1994,Collision,1
Jul,2,Thursday,Mazda,Rural,Wednesday,Jan,2,Female,Widow,50,Policy Holder,Utility - All Perils,Utility,40000 to 59000,561,7,300,1,none,none,none,more than 7,16 to 17,No,Yes,External,none,1 year,1 vehicle,1995,Liability,0
Jan,2,Monday,Chevrolet,Rural,Tuesday,Oct,2,Female,Widow,24,Policy Holder,Sport - Liability,Sport,20000 to 29000,562,11,300,4,none,15 to 30,2 to 4,7 years,18 to 20,No,Yes,Internal,3 to 5,under 6 months,3 to 4,1995,Liability,0
Jun,2,Saturday,Toyota,Urban,Wednesday,Mar,3,Male,Divorced,42,Policy Holder,Sport - Liability,Utility,20000 to 29000,563,7,300,4,more than 30,8 to 15,1,7 years,26 to 30,Yes,Yes,Internal,none,under 6 months,5 to 8,1996,Collision,0
Mar,1,Monday,Mazda,Urban,Sunday,Apr,5,Female,Single,64,Third Party,Sedan - Liability,Sedan,more than 69000,564,13,500,1,none,8 to 15,more than 4,3 years,41 to 50,No,Yes,External,none,no change,1 vehicle,1995,Liability,1
Nov,4,Monday,BMW,Rural,Wednesday,May,3,Female,Single,58,Policy Holder,Sport - Liability,Utility,60000 to 69000,565,16,500,1,1 to 7,15 to 30,1,6 years,31 to 35,No,No,Internal,none,4 to 8 years,more than 8,1994,Liability,0
Mar,3,Friday,Pontiac,Rural,Friday,Jul,2,Male,Single,54,Policy Holder,Utility - All Perils,Utility,20000 to 29000,566,12,500,3,more than 30,more than 30,none,3 years,16 to 17,Yes,Yes,External,more than 5,under 6 months,5 to 8,1995,All Perils,0
Mar,5,Tuesday,Toyota,Urban,Saturday,Nov,1,Female,Divorced,50,Third Party,Sedan - Collision,Sport,less than 20000,567,6,500,4,8 to 15,8 to 15,2 to 4,5 years,36 to 40,No,No,Internal,3 to 5,2 to 3 years,more than 8,1995,Collision,0
Mar,4,Wednesday,Chevrolet,Urban,Monday,Mar,5,Female,Widow,49,Policy Holder,Sport - Liability,Utility,more than 69000,568,14,300,2,none,15 to 30,none,4 years,36 to 40,No,No,Internal,more than 5,no change,5 to 8,1994,Liability,1
Aug,1,Wednesday,Mercedes,Rural,Thursday,Apr,2,Female,Single,80,Third Party,Sedan - All Perils,Sedan,60000 to 69000,569,1,400,4,more than 30,15 to 30,none,5 years,over 65,No,Yes,External,3 to 5,no change,more than 8,1995,All Perils,0
Jul,1,Tuesday,Toyota,Urban,Thursday,May,3,Male,Single,55,Third Party,Sedan - Collision,Sedan,30000 to 39000,570,16,500,2,1 to 7,15 to 30,1,6 years,21 to 25,Yes,No,External,3 to 5,under 6 months,3 to 4,1995,Collision,0
Dec,3,Saturday,Honda,Rural,Thursday,Nov,1,Male,Married,55,Third Party,Sport - Liability,Sedan,60000 to 69000,571,14,500,2,15 to 30,8 to 15,2 to 4,3 years,16 to 17,Yes,Yes,External,none,no change,1 vehicle,1995,All Perils,0
May,3,Friday,Mazda,Urban,Tuesday,Dec,2,Male,Single,39,Third Party,Sedan - Liability,Sedan,20000 to 29000,572,11,400,2,15 to 30,none,2 to 4,new,41 to 50,No,No,External,3 to 5,4 to 8 years,1 vehicle,1994,Collision,1
Apr,2,Tuesday,Pontiac,Urban,Thursday,Jun,3,Male,Widow,48,Third Party,Sedan - All Perils,Utility,30000 to 39000,573,10,700,2,1 to 7,none,none,new,41 to 50,Yes,Yes,External,more than 5,no change,1 vehicle,1994,Collision,1
Jan,4,Friday,Ford,Rural,Monday,Sep,5,Female,Married,62,Third Party,Utility - All Perils,Sport,30000 to 39000,574,5,700,2,1 to 7,none,2 to 4,more than 7,31 to 35,Yes,No,Internal,1 to 2,1 year,1 vehicle,1996,All Perils,0
Jan,3,Friday,Mercedes,Rural,Sunday,Dec,2,Male,Married,72,Third Party,Sedan - Liability,Sport,60000 to 69000,575,7,700,1,8 to 15,none,none,more than 7,41 to 50,Yes,No,Internal,3 to 5,under 6 months,more than 8,1994,Collision,0
May,4,Thursday,Mercedes,Rural,Friday,Nov,3,Female,Single,67,Policy Holder,Sedan - Liability,Utility,20000 to 29000,576,2,700,2,1 to 7,more than 30,more than 4,6 years,18 to 20,No,Yes,External,3 to 5,under 6 months,more than 8,1994,All Perils,1
Dec,1,Friday,Chevrolet,Rural,Monday,Sep,5,Male,Widow,59,Policy Holder,Utility - All Perils,Utility,30000 to 39000,577,6,700,2,none,none,none,new,18 to 20,No,No,Internal,3 to 5,no change,5 to 8,1996,All Perils,0
Jul,5,Sunday,Mazda,Urban,Thursday,Jul,2,Male,Divorced,67,Third Party,Sport - Liability,Sport,more than 69000,578,10,700,1,15 to 30,more than 30,none,5 years,26 to 30,No,No,External,more than 5,under 6 months,1 vehicle,1995,All Perils,0
Nov,2,Thursday,Honda,Rural,Sunday,Dec,2,Female,Widow,20,Policy Holder,Sedan - All Perils,Sport,20000 to 29000,579,6,500,2,15 to 30,more than 30,2 to 4,4 years,over 65,No,No,External,1 to 2,no change,more than 8,1996,Collision,0
Feb,3,Wednesday,Mercedes,Rural,Saturday,Mar,1,Male,Divorced,34,Policy Holder,Sedan - All Perils,Sedan,less than 20000,580,13,400,1,15 to 30,none,more than 4,2 years,31 to 35,No,No,External,more than 5,1 year,2 vehicles,1995,Liability,0
Feb,3,Thursday,Nissan,Rural,Tuesday,May,5,Male,Divorced,33,Policy Holder,Utility - All Perils,Utility,60000 to 69000,581,14,400,1,15 to 30,8 to 15,more than 4,4 years,36 to 40,No,No,External,more than 5,under 6 months,more than 8,1996,Liability,1
Nov,5,Saturday,Mazda,Urban,Sunday,Sep,1,Male,Divorced,59,Third Party,Sport - Liability,Utility,more than 69000,582,9,700,3,8 to 15,8 to 15,2 to 4,7 years,over 65,Yes,No,Internal,none,no change,5 to 8,1995,Collision,1
Feb,2,Friday,Chevrolet,Rural,Tuesday,Jan,2,Male,Widow,65,Third Party,Utility - All Perils,Sport,30000 to 39000,583,6,400,1,more than 30,8 to 15,none,more than 7,21 to 25,Yes,No,Internal,3 to 5,no change,3 to 4,1994,Collision,0
Jan,2,Monday,BMW,Urban,Tuesday,Jul,1,Female,Single,27,Third Party,Sedan - Liability,Sport,less than 20000,584,5,500,2,more than 30,8 to 15,more than 4,7 years,31 to 35,Yes,Yes,Internal,none,4 to 8 years,5 to 8,1996,Liability,0
May,2,Thursday,BMW,Rural,Tuesday,Nov,4,Female,Married,30,Third Party,Sport - Collision,Utility,40000 to 59000,585,9,500,3,more than 30,8 to 15,none,2 years,41 to 50,Yes,Yes,External,1 to 2,under 6 months,5 to 8,1995,Collision,0
Dec,2,Saturday,Toyota,Rural,Sunday,Mar,2,Female,Married,49,Third Party,Sport - Liability,Sport,20000 to 29000,586,12,400,1,none,15 to 30,1,5 years,18 to 20,Yes,Yes,Internal,1 to 2,1 year,more than 8,1996,Collision,1
Sep,1,Tuesday,BMW,Urban,Saturday,Oct,4,Female,Widow,79,Third Party,Sedan - Liability,Sport,40000 to 59000,587,3,400,3,none,8 to 15,more than 4,5 years,26 to 30,Yes,No,Internal,3 to 5,1 year,5 to 8,1994,Collision,0
Feb,1,Sunday,Nissan,Rural,Thursday,May,4,Male,Divorced,18,Third Party,Sport - Collision,Utility,less than 20000,588,8,300,1,8 to 15,none,2 to 4,3 years,31 to 35,No,No,Internal,1 to 2,1 year,2 vehicles,1995,Collision,0
Nov,2,Saturday,BMW,Rural,Friday,Nov,1,Female,Widow,73,Third Party,Sedan - Liability,Sport,60000 to 69000,589,8,500,1,15 to 30,8 to 15,more than 4,4 years,21 to 25,No,Yes,External,1 to 2,4 to 8 years,1 vehicle,1996,Liability,1
Nov,3,Saturday,Chevrolet,Rural,Tuesday,Aug,2,Male,Married,30,Third Party,Utility - All Perils,Utility,60000 to 69000,590,5,300,1,1 to 7,more than 30,more than 4,4 years,18 to 20,No,Yes,External,more than 5,2 to 3 years,more than 8,1995,Collision,0
Oct,2,Monday,Chevrolet,Rural,Monday,Feb,1,Male,Divorced,34,Policy Holder,Sport - Liability,Sedan,40000 to 59000,591,4,300,4,none,more than 30,more than 4,new,26 to 30,No,Yes,External,more than 5,1 year,5 to 8,1994,Collision,1
Nov,2,Friday,Ford,Rural,Saturday,Sep,1,Female,Widow,57,Policy Holder,Sedan - Collision,Sport,40000 to 59000,592,14,400,1,none,none,2 to 4,4 years,51 to 65,Yes,No,External,none,under 6 months,1 vehicle,1994,All Perils,0
Mar,4,Thursday,Pontiac,Urban,Sunday,Jan,3,Male,Divorced,63,Policy Holder,Sport - Collision,Sport,20000 to 29000,593,7,500,1,8 to 15,15 to 30,more than 4,3 years,26 to 30,Yes,Yes,External,1 to 2,4 to 8 years,5 to 8,1994,Liability,0
Dec,2,Friday,Ford,Rural,Monday,Mar,2,Female,Widow,73,Third Party,Sedan - Liability,Sedan,more than 69000,594,10,400,4,more than 30,more than 30,none,3 years,51 to 65,No,Yes,External,more than 5,no change,more than 8,1995,All Perils,1
Apr,5,Saturday,Mazda,Rural,Monday,Nov,1,Female,Widow,18,Third Party,Sport - Liability,Utility,20000 to 29000,595,1,700,3,8 to 15,none,none,5 years,41 to 50,No,No,Internal,none,1 year,5 to 8,1996,All Perils,0
Oct,4,Wednesday,Ford,Urban,Thursday,Nov,3,Male,Married,21,Third Party,Sedan - Collision,Sport,30000 to 39000,596,5,700,3,15 to 30,none,none,6 years,18 to 20,Yes,No,External,3 to 5,2 to 3 years,2 vehicles,1995,Liability,1
Jul,1,Thursday,Mazda,Urban,Monday,Jan,3,Male,Married,48,Third Party,Sport - Collision,Utility,more than 69000,597,4,400,1,none,none,none,new,over 65,Yes,Yes,Internal,1 to 2,4 to 8 years,1 vehicle,1994,Collision,0
Oct,2,Friday,Mazda,Urban,Saturday,May,5,Female,Married,53,Policy Holder,Sedan - Liability,Sedan,less than 20000,598,6,700,2,1 to 7,8 to 15,none,3 years,36 to 40,Yes,Yes,External,3 to 5,no change,more than 8,1996,All Perils,0
Aug,1,Saturday,Honda,Rural,Sunday,Feb,4,Female,Married,34,Policy Holder,Sedan - Liability,Sport,less than 20000,599,14,300,3,15 to 30,more than 30,more than 4,new,36 to 40,No,Yes,Internal,3 to 5,under 6 months,2 vehicles,1996,Collision,0
Aug,2,Saturday,BMW,Urban,Tuesday,Apr,2,Female,Widow,58,Policy Holder,Utility - All Perils,Sport,60000 to 69000,600,10,300,3,8 to 15,8 to 15,1,7 years,41 to 50,Yes,No,External,3 to 5,no change,more than 8,1995,All Perils,0
Aug,2,Wednesday,Mazda,Rural,Wednesday,Dec,3,Female,Married,34,Third Party,Sedan - All Perils,Sport,30000 to 39000,601,15,400,3,none,8 to 15,1,more than 7,16 to 17,No,Yes,Internal,1 to 2,under 6 months,3 to 4,1994,Liability,1
Oct,1,Sunday,Nissan,Rural,Sunday,Mar,1,Male,Single,76,Policy Holder,Sedan - Liability,Sedan,40000 to 59000,602,7,700,1,1 to 7,8 to 15,2 to 4,4 years,21 to 25,No,Yes,Internal,more than 5,4 to 8 years,5 to 8,1995,All Perils,1
Sep,1,Monday,Toyota,Urban,Wednesday,Aug,2,Male,Single,29,Policy Holder,Sport - Liability,Sedan,40000 to 59000,603,13,500,4,15 to 30,8 to 15,1,more than 7,51 to 65,No,Yes,External,1 to 2,no change,2 vehicles,1995,All Perils,1
Feb,3,Thursday,BMW,Rural,Tuesday,Oct,3,Female,Divorced,59,Third Party,Sedan - Collision,Sport,60000 to 69000,604,3,500,3,15 to 30,more than 30,2 to 4,6 years,36 to 40,No,Yes,External,1 to 2,2 to 3 years,5 to 8,1996,Liability,0
Oct,4,Friday,Toyota,Rural,Monday,Nov,1,Male,Married,51,Policy Holder,Sport - Collision,Sedan,40000 to 59000,605,14,500,1,more than 30,none,none,7 years,26 to 30,Yes,Yes,External,1 to 2,4 to 8 years,3 to 4,1995,Liability,0
Jul,2,Monday,Chevrolet,Rural,Saturday,May,5,Female,Widow,24,Third Party,Sport - Liability,Utility,30000 to 39000,606,10,400,4,1 to 7,8 to 15,2 to 4,more than 7,31 to 35,No,Yes,Internal,1 to 2,no change,2 vehicles,1994,Collision,0
Apr,5,Thursday,Chevrolet,Rural,Sunday,Sep,3,Female,Divorced,56,Third Party,Sport - Liability,Sport,40000 to 59000,607,1,700,2,more than 30,15 to 30,more than 4,5 years,36 to 40,Yes,Yes,External,3 to 5,under 6 months,5 to 8,1996,Liability,1
Jul,2,Friday,Chevrolet,Urban,Monday,Jun,4,Female,Single,27,Third Party,Sedan - Collision,Utility,60000 to 69000,608,12,700,1,more than 30,none,none,4 years,31 to 35,Yes,Yes,Internal,3 to 5,4 to 8 years,3 to 4,1996,Collision,0
Dec,5,Friday,Pontiac,Urban,Saturday,Feb,2,Male,Divorced,51,Policy Holder,Sedan - Collision,Sedan,30000 to 39000,609,8,400,4,1 to 7,none,none,6 years,31 to 35,Yes,Yes,Internal,more than 5,2 to 3 years,5 to 8,1994,Collision,0
Nov,2,Monday,Mercedes,Urban,Tuesday,Mar,5,Female,Widow,58,Policy Holder,Sedan - Collision,Utility,20000 to 29000,610,1,500,1,1 to 7,more than 30,none,2 years,31 to 35,Yes,No,Internal,1 to 2,no change,1 vehicle,1995,Collision,0
Nov,3,Tuesday,Ford,Urban,Monday,Sep,2,Male,Widow,22,Policy Holder,Sport - Collision,Sport,30000 to 39000,611,14,500,1,more than 30,8 to 15,2 to 4,3 years,21 to 25,No,Yes,External,more than 5,4 to 8 years,1 vehicle,1994,All Perils,1
Jun,4,Tuesday,Mercedes,Rural,Wednesday,Sep,5,Female,Married,31,Policy Holder,Sport - Liability,Sedan,more than 69000,612,9,500,3,1 to 7,none,more than 4,5 years,36 to 40,No,No,Internal,1 to 2,4 to 8 years,5 to 8,1994,Collision,1
Oct,1,Friday,Toyota,Urban,Thursday,Jul,3,Male,Widow,36,Third Party,Sport - Collision,Utility,less than 20000,613,10,300,2,8 to 15,8 to 15,more than 4,2 years,41 to 50,No,No,External,more than 5,under 6 months,more than 8,1994,Collision,0
May,5,Wednesday,Ford,Rural,Saturday,Oct,4,Female,Single,76,Third Party,Sedan - All Perils,Sedan,20000 to 29000,614,10,300,1,more than 30,none,more than 4,4 years,41 to 50,Yes,Yes,Internal,more than 5,1 year,1 vehicle,1994,Liability,1
Sep,2,Friday,Ford,Rural,Friday,Sep,2,Male,Married,31,Policy Holder,Sedan - Liability,Sedan,more than 69000,615,2,700,1,1 to 7,none,2 to 4,7 years,36 to 40,Yes,No,External,3 to 5,under 6 months,1 vehicle,1994,Liability,0
Aug,3,Saturday,Nissan,Urban,Tuesday,May,5,Male,Divorced,76,Policy Holder,Utility - All Perils,Sport,60000 to 69000,616,6,300,1,more than 30,none,2 to 4,7 years,31 to 35,No,Yes,External,3 to 5,1 year,2 vehicles,1995,Liability,0
Mar,4,Saturday,Toyota,Rural,Friday,Apr,1,Male,Married,51,Policy Holder,Sport - Collision,Utility,less than 20000,617,12,500,4,none,15 to 30,1,more than 7,36 to 40,Yes,Yes,External,3 to 5,2 to 3 years,1 vehicle,1995,Liability,0
Apr,4,Tuesday,Mazda,Urban,Sunday,Dec,1,Female,Widow,77,Policy Holder,Sport - Collision,Sedan,20000 to 29000,618,6,700,3,1 to 7,8 to 15,2 to 4,7 years,41 to 50,No,No,Internal,none,2 to 3 years,2 vehicles,1994,All Perils,0
Jan,1,Sunday,Mazda,Rural,Friday,Dec,3,Male,Divorced,70,Third Party,Sedan - Liability,Sport,60000 to 69000,619,15,500,4,1 to 7,8 to 15,none,3 years,21 to 25,Yes,No,External,more than 5,4 to 8 years,5 to 8,1995,All Perils,1
Feb,5,Tuesday,Mercedes,Urban,Tuesday,Jan,5,Male,Widow,36,Policy Holder,Sedan - Collision,Sedan,60000 to 69000,620,6,300,3,8 to 15,more than 30,more than 4,6 years,31 to 35,No,No,External,3 to 5,no change,5 to 8,1996,Liability,0
Jun,4,Monday,Chevrolet,Urban,Monday,Oct,5,Male,Married,53,Policy Holder,Sedan - Collision,Sedan,60000 to 69000,621,8,700,3,1 to 7,8 to 15,none,3 years,41 to 50,Yes,No,External,1 to 2,4 to 8 years,5 to 8,1995,Collision,0
Jun,5,Monday,Nissan,Urban,Thursday,Feb,5,Male,Divorced,63,Policy Holder,Sport - Collision,Utility,more than 69000,622,8,300,1,more than 30,none,more than 4,more than 7,36 to 40,Yes,No,External,1 to 2,4 to 8 years,3 to 4,1994,Liability,1
Feb,3,Tuesday,BMW,Rural,Thursday,Nov,3,Male,Divorced,22,Third Party,Sport - Liability,Sedan,40000 to 59000,623,1,500,4,15 to 30,none,1,2 years,31 to 35,Yes,Yes,Internal,3 to 5,under 6 months,1 vehicle,1996,All Perils,0
Jun,4,Sunday,BMW,Urban,Wednesday,Aug,5,Male,Widow,59,Policy Holder,Utility - All Perils,Sport,more than 69000,624,13,400,4,15 to 30,15 to 30,2 to 4,3 years,21 to 25,No,Yes,Internal,1 to 2,no change,3 to 4,1995,Collision,0
Aug,3,Tuesday,BMW,Rural,Monday,Sep,3,Female,Single,46,Policy Holder,Sport - Collision,Sport,40000 to 59000,625,3,500,3,15 to 30,15 to 30,none,more than 7,over 65,No,No,External,more than 5,under 6 months,more than 8,1994,All Perils,1
Mar,5,Friday,Toyota,Urban,Monday,Sep,3,Female,Married,20,Third Party,Sedan - All Perils,Sedan,30000 to 39000,626,8,400,1,15 to 30,8 to 15,1,2 years,31 to 35,No,Yes,Internal,none,4 to 8 years,2 vehicles,1995,Collision,0
May,5,Wednesday,Chevrolet,Urban,Thursday,Aug,1,Female,Married,72,Third Party,Sedan - All Perils,Utility,40000 to 59000,627,15,500,4,15 to 30,none,more than 4,5 years,31 to 35,Yes,Yes,Internal,3 to 5,no change,3 to 4,1996,Liability,1
May,5,Monday,Pontiac,Rural,Sunday,Apr,4,Female,Single,34,Policy Holder,Sport - Liability,Sport,30000 to 39000,628,16,400,2,15 to 30,none,none,3 years,31 to 35,No,Yes,External,none,no change,2 vehicles,1994,Collision,0
Jul,3,Thursday,Toyota,Rural,Friday,Oct,2,Male,Married,73,Third Party,Sedan - Collision,Sport,40000 to 59000,629,4,500,1,15 to 30,8 to 15,none,3 years,41 to 50,No,No,Internal,3 to 5,no change,2 vehicles,1995,All Perils,0
May,4,Monday,Toyota,Urban,Thursday,Jul,1,Female,Single,31,Policy Holder,Sedan - All Perils,Utility,more than 69000,630,7,700,3,more than 30,15 to 30,2 to 4,6 years,21 to 25,No,No,Internal,1 to 2,no change,3 to 4,1994,All Perils,0
Sep,2,Thursday,Toyota,Urban,Sunday,Jul,2,Male,Widow,52,Policy Holder,Sport - Liability,Sport,more than 69000,631,10,700,4,none,15 to 30,more than 4,7 years,over 65,No,Yes,Internal,none,2 to 3 years,1 vehicle,1995,All Perils,0
Apr,3,Thursday,Mercedes,Urban,Friday,Apr,4,Female,Married,41,Third Party,Sport - Collision,Utility,40000 to 59000,632,12,400,3,8 to 15,15 to 30,1,2 years,16 to 17,No,Yes,Internal,3 to 5,no change,1 vehicle,1995,Collision,0
Jun,4,Thursday,Pontiac,Rural,Saturday,Jan,2,Male,Widow,74,Policy Holder,Sedan - All Perils,Sedan,less than 20000,633,5,700,1,none,none,none,more than 7,16 to 17,No,No,External,3 to 5,4 to 8 years,1 vehicle,1994,Collision,0
May,1,Tuesday,Ford,Urban,Friday,Jul,2,Male,Married,78,Third Party,Sport - Liability,Sedan,40000 to 59000,634,9,700,3,none,15 to 30,none,new,31 to 35,No,No,External,1 to 2,under 6 months,5 to 8,1995,Liability,1
Mar,4,Saturday,BMW,Urban,Saturday,May,2,Male,Widow,66,Policy Holder,Sedan - Collision,Sedan,20000 to 29000,635,14,500,4,more than 30,more than 30,more than 4,new,51 to 65,No,No,Internal,more than 5,1 year,more than 8,1996,Collision,1
Sep,1,Friday,BMW,Rural,Thursday,Aug,3,Female,Widow,71,Third Party,Sedan - Liability,Sport,20000 to 29000,636,13,500,3,8 to 15,none,none,more than 7,16 to 17,Yes,No,External,none,1 year,3 to 4,1995,Liability,0
Mar,3,Tuesday,Mercedes,Urban,Friday,May,4,Male,Single,66,Policy Holder,Sport - Liability,Utility,more than 69000,637,14,300,2,15 to 30,15 to 30,2 to 4,new,41 to 50,No,Yes,External,1 to 2,4 to 8 years,5 to 8,1996,Liability,0
Apr,3,Thursday,Nissan,Urban,Friday,Dec,4,Female,Married,36,Third Party,Sedan - All Perils,Utility,30000 to 39000,638,15,500,3,15 to 30,none,more than 4,3 years,26 to 30,Yes,Yes,External,none,2 to 3 years,more than 8,1995,Collision,0
Oct,3,Monday,Mercedes,Rural,Saturday,Sep,1,Male,Widow,75,Third Party,Sedan - Collision,Sport,60000 to 69000,639,14,300,1,none,more than 30,1,new,16 to 17,No,No,Internal,more than 5,no change,5 to 8,1995,Collision,1
Dec,3,Sunday,Toyota,Urban,Sunday,Jun,2,Male,Widow,51,Third Party,Sedan - Liability,Sedan,30000 to 39000,640,9,300,4,8 to 15,15 to 30,none,2 years,26 to 30,No,Yes,Internal,none,4 to 8 years,2 vehicles,1995,Collision,0
Sep,3,Saturday,BMW,Urban,Wednesday,Sep,4,Female,Single,39,Policy Holder,Utility - All Perils,Sport,40000 to 59000,641,16,700,4,none,15 to 30,more than 4,new,36 to 40,No,No,External,none,no change,5 to 8,1994,Collision,0
Nov,3,Wednesday,Mazda,Urban,Friday,Aug,2,Female,Divorced,30,Third Party,Sport - Liability,Sport,40000 to 59000,642,8,400,3,1 to 7,15 to 30,more than 4,3 years,36 to 40,Yes,Yes,Internal,3 to 5,1 year,2 vehicles,1996,All Perils,1
Nov,3,Friday,Mazda,Rural,Monday,Aug,1,Female,Single,62,Policy Holder,Sedan - Collision,Sport,more than 69000,643,12,500,1,none,15 to 30,2 to 4,3 years,51 to 65,Yes,Yes,External,1 to 2,4 to 8 years,more than 8,1995,All Perils,0
Jun,3,Friday,Pontiac,Rural,Thursday,Jul,2,Female,Divorced,35,Third Party,Sport - Collision,Utility,20000 to 29000,644,16,700,2,15 to 30,8 to 15,more than 4,2 years,over 65,Yes,Yes,External,1 to 2,1 year,more than 8,1995,Collision,0
Oct,4,Friday,Pontiac,Rural,Sunday,Dec,4,Female,Widow,59,Third Party,Sedan - All Perils,Sport,40000 to 59000,645,1,500,1,none,more than 30,more than 4,6 years,16 to 17,No,Yes,Internal,none,1 year,1 vehicle,1994,Collision,1
Apr,3,Monday,Mazda,Rural,Friday,Apr,4,Male,Married,22,Policy Holder,Sedan - Collision,Utility,30000 to 39000,646,15,700,4,8 to 15,none,2 to 4,new,51 to 65,Yes,No,Internal,3 to 5,under 6 months,more than 8,1996,Collision,0
Jun,4,Sunday,Nissan,Urban,Tuesday,Jun,1,Female,Single,57,Policy Holder,Sedan - Collision,Sport,30000 to 39000,647,14,700,3,1 to 7,more than 30,1,4 years,16 to 17,Yes,No,External,3 to 5,2 to 3 years,2 vehicles,1994,All Perils,0
Jul,5,Sunday,Toyota,Urban,Friday,Apr,4,Female,Divorced,58,Third Party,Sedan - Liability,Sedan,more than 69000,648,16,400,2,more than 30,more than 30,none,3 years,over 65,No,No,Internal,1 to 2,2 to 3 years,3 to 4,1994,All Perils,0
Dec,5,Sunday,Honda,Urban,Wednesday,Jul,1,Male,Widow,51,Third Party,Utility - All Perils,Sedan,less than 20000,649,13,700,4,15 to 30,more than 30,2 to 4,6 years,41 to 50,No,No,Internal,more than 5,4 to 8 years,5 to 8,1995,Liability,0
Nov,1,Sunday,Honda,Urban,Thursday,Dec,4,Male,Divorced,59,Policy Holder,Utility - All Perils,Utility,40000 to 59000,650,3,700,4,1 to 7,none,more than 4,3 years,over 65,Yes,No,External,1 to 2,4 to 8 years,1 vehicle,1995,All Perils,1
Jun,4,Sunday,Mercedes,Rural,Tuesday,Aug,3,Female,Divorced,80,Policy Holder,Utility - All Perils,Sport,30000 to 39000,651,5,400,4,1 to 7,8 to 15,2 to 4,4 years,16 to 17,Yes,Yes,External,more than 5,1 year,1 vehicle,1994,Liability,0
Aug,2,Saturday,Mazda,Urban,Friday,Mar,1,Male,Single,70,Policy Holder,Sedan - Collision,Sedan,more than 69000,652,1,700,2,15 to 30,15 to 30,2 to 4,7 years,16 to 17,Yes,No,Internal,3 to 5,under 6 months,3 to 4,1995,All Perils,0
Mar,1,Monday,Mazda,Rural,Tuesday,Dec,2,Female,Widow,45,Third Party,Utility - All Perils,Sedan,20000 to 29000,653,10,300,1,15 to 30,15 to 30,2 to 4,2 years,over 65,No,Yes,External,none,1 year,3 to 4,1996,Collision,0
Oct,4,Thursday,Pontiac,Rural,Thursday,Oct,5,Male,Married,72,Policy Holder,Sedan - Collision,Sedan,20000 to 29000,654,7,300,2,8 to 15,15 to 30,1,4 years,21 to 25,No,Yes,Internal,3 to 5,under 6 months,3 to 4,1995,Collision,0
Jul,1,Tuesday,Mazda,Urban,Sunday,Jun,3,Male,Divorced,78,Third Party,Sport - Liability,Utility,less than 20000,655,8,500,2,none,15 to 30,none,5 years,26 to 30,Yes,Yes,Internal,more than 5,under 6 months,more than 8,1995,All Perils,1
Jul,5,Tuesday,Pontiac,Rural,Saturday,Feb,4,Male,Single,28,Policy Holder,Sedan - Liability,Sedan,30000 to 39000,656,12,500,3,none,none,2 to 4,6 years,21 to 25,Yes,Yes,External,3 to 5,under 6 months,2 vehicles,1994,Liability,0
Oct,4,Saturday,Honda,Rural,Wednesday,May,4,Male,Single,40,Third Party,Sedan - Collision,Sedan,less than 20000,657,14,500,2,15 to 30,more than 30,more than 4,5 years,18 to 20,No,Yes,Internal,1 to 2,1 year,5 to 8,1996,Liability,1
Aug,5,Saturday,Toyota,Urban,Sunday,Oct,1,Male,Widow,64,Policy Holder,Sport - Collision,Sport,40000 to 59000,658,2,700,3,8 to 15,8 to 15,none,6 years,16 to 17,No,No,Internal,1 to 2,under 6 months,1 vehicle,1994,Collision,1
Jan,4,Thursday,Nissan,Urban,Monday,Jul,5,Male,Widow,50,Policy Holder,Utility - All Perils,Sport,20000 to 29000,659,15,400,1,more than 30,more than 30,none,7 years,18 to 20,Yes,Yes,Internal,more than 5,under 6 months,3 to 4,1994,All Perils,0
Apr,5,Saturday,Chevrolet,Urban,Sunday,Mar,2,Female,Widow,26,Third Party,Sedan - Collision,Sedan,30000 to 39000,660,6,700,1,none,15 to 30,2 to 4,7 years,51 to 65,Yes,Yes,External,1 to 2,1 year,3 to 4,1994,Liability,0
Mar,1,Monday,Toyota,Rural,Wednesday,Feb,4,Female,Married,47,Third Party,Sedan - All Perils,Sedan,40000 to 59000,661,13,700,4,none,15 to 30,1,5 years,16 to 17,No,Yes,Internal,1 to 2,no change,3 to 4,1995,Collision,1
Sep,5,Tuesday,Mazda,Rural,Saturday,Dec,3,Male,Married,41,Policy Holder,Utility - All Perils,Utility,60000 to 69000,662,10,300,2,15 to 30,15 to 30,more than 4,more than 7,over 65,Yes,No,External,3 to 5,no change,1 vehicle,1994,Collision,1
Jan,1,Sunday,Mazda,Urban,Sunday,Jun,3,Male,Divorced,64,Policy Holder,Sedan - All Perils,Sedan,less than 20000,663,8,400,1,more than 30,more than 30,1,new,18 to 20,Yes,No,Internal,more than 5,2 to 3 years,1 vehicle,1996,Liability,1
Mar,2,Thursday,Ford,Rural,Friday,Sep,2,Female,Divorced,50,Policy Holder,Sport - Liability,Utility,less than 20000,664,4,300,4,15 to 30,more than 30,2 to 4,4 years,36 to 40,No,No,External,more than 5,4 to 8 years,more than 8,1995,All Perils,0
Aug,1,Thursday,Ford,Urban,Friday,May,5,Female,Divorced,26,Third Party,Sedan - All Perils,Sport,20000 to 29000,665,4,500,1,none,15 to 30,none,7 years,21 to 25,No,No,Internal,3 to 5,under 6 months,more than 8,1994,Collision,0
Sep,3,Thursday,BMW,Urban,Saturday,Feb,1,Female,Married,21,Policy Holder,Sedan - Liability,Sedan,40000 to 59000,666,12,400,4,none,15 to 30,more than 4,new,over 65,No,No,External,1 to 2,no change,1 vehicle,1995,Collision,1
Jul,4,Tuesday,Honda,Urban,Tuesday,May,5,Female,Divorced,36,Third Party,Sedan - Collision,Sedan,more than 69000,667,6,400,2,more than 30,none,1,7 years,16 to 17,No,No,Internal,1 to 2,1 year,2 vehicles,1994,Liability,0
Nov,2,Saturday,Ford,Urban,Tuesday,Sep,2,Male,Married,27,Policy Holder,Sport - Collision,Utility,less than 20000,668,4,400,2,8 to 15,none,1,new,41 to 50,Yes,Yes,Internal,3 to 5,no change,more than 8,1994,Liability,0
Dec,5,Saturday,Chevrolet,Urban,Wednesday,May,5,Male,Divorced,73,Third Party,Sedan - Liability,Sport,less than 20000,669,1,400,2,8 to 15,15 to 30,2 to 4,7 years,over 65,No,No,External,none,4 to 8 years,1 vehicle,1995,Liability,0
Feb,4,Friday,Chevrolet,Urban,Thursday,Aug,1,Male,Divorced,35,Third Party,Sedan - Collision,Utility,40000 to 59000,670,14,300,1,more than 30,8 to 15,more than 4,2 years,26 to 30,No,No,External,1 to 2,no change,3 to 4,1995,Liability,0
Dec,4,Wednesday,Mercedes,Urban,Saturday,Jun,1,Female,Single,57,Policy Holder,Utility - All Perils,Utility,more than 69000,671,7,300,2,1 to 7,8 to 15,more than 4,6 years,31 to 35,Yes,No,Internal,1 to 2,1 year,2 vehicles,1995,Collision,0
Aug,5,Friday,Nissan,Rural,Tuesday,May,1,Female,Divorced,26,Policy Holder,Sedan - Liability,Sedan,60000 to 69000,672,6,500,2,1 to 7,15 to 30,more than 4,7 years,18 to 20,Yes,Yes,External,more than 5,under 6 months,more than 8,1995,All Perils,1
Aug,3,Sunday,Ford,Urban,Thursday,Apr,3,Female,Widow,45,Third Party,Sedan - Collision,Sedan,40000 to 59000,673,6,700,2,15 to 30,none,none,7 years,51 to 65,No,No,External,more than 5,1 year,5 to 8,1996,All Perils,0
Feb,2,Friday,Chevrolet,Rural,Monday,Apr,2,Female,Divorced,76,Policy Holder,Sport - Collision,Utility,less than 20000,674,10,500,2,more than 30,8 to 15,none,5 years,over 65,Yes,Yes,Internal,1 to 2,2 to 3 years,5 to 8,1994,Liability,0
Aug,5,Thursday,Honda,Rural,Monday,Apr,3,Female,Widow,58,Policy Holder,Sport - Collision,Sedan,40000 to 59000,675,8,700,3,1 to 7,none,more than 4,more than 7,31 to 35,No,Yes,Internal,3 to 5,under 6 months,1 vehicle,1995,Liability,0
Sep,3,Tuesday,Pontiac,Rural,Sunday,Sep,5,Female,Single,36,Policy Holder,Sedan - Collision,Utility,30000 to 39000,676,9,300,1,none,more than 30,more than 4,2 years,41 to 50,No,Yes,External,1 to 2,4 to 8 years,1 vehicle,1994,Collision,0
Jul,4,Thursday,Toyota,Urban,Saturday,May,1,Male,Divorced,65,Policy Holder,Sedan - Liability,Sedan,30000 to 39000,677,5,700,2,none,15 to 30,2 to 4,2 years,41 to 50,No,Yes,Internal,more than 5,4 to 8 years,5 to 8,1994,All Perils,0
Feb,2,Wednesday,Honda,Rural,Sunday,Sep,3,Male,Single,49,Policy Holder,Utility - All Perils,Utility,30000 to 39000,678,5,500,4,none,none,more than 4,2 years,26 to 30,Yes,Yes,External,1 to 2,1 year,2 vehicles,1995,All Perils,0
Jul,2,Friday,BMW,Urban,Wednesday,Apr,4,Male,Divorced,32,Policy Holder,Sport - Collision,Utility,40000 to 59000,679,14,500,4,1 to 7,15 to 30,1,6 years,16 to 17,Yes,No,External,3 to 5,under 6 months,3 to 4,1994,Collision,0
Dec,1,Monday,Toyota,Urban,Thursday,Apr,3,Female,Single,80,Policy Holder,Sport - Collision,Sport,60000 to 69000,680,8,300,3,8 to 15,none,1,more than 7,18 to 20,Yes,Yes,External,3 to 5,under 6 months,1 vehicle,1995,Liability,0
Sep,2,Tuesday,Chevrolet,Rural,Friday,Dec,5,Male,Divorced,77,Policy Holder,Sedan - Liability,Utility,20000 to 29000,681,16,500,2,8 to 15,more than 30,none,more than 7,over 65,Yes,No,External,more than 5,4 to 8 years,1 vehicle,1996,Collision,0
Feb,1,Saturday,Honda,Urban,Tuesday,Nov,4,Female,Married,53,Policy Holder,Sedan - Collision,Utility,less than 20000,682,14,400,2,1 to 7,none,more than 4,5 years,51 to 65,Yes,Yes,Internal,3 to 5,2 to 3 years,5 to 8,1996,All Perils,0
Dec,4,Wednesday,BMW,Rural,Saturday,May,1,Male,Single,20,Policy Holder,Sedan - Liability,Utility,less than 20000,683,12,700,4,15 to 30,8 to 15,2 to 4,2 years,16 to 17,No,No,External,1 to 2,1 year,1 vehicle,1996,All Perils,1
Dec,1,Thursday,BMW,Urban,Friday,Apr,3,Female,Single,43,Third Party,Utility - All Perils,Utility,30000 to 39000,684,9,700,2,more than 30,more than 30,none,2 years,51 to 65,No,Yes,External,3 to 5,2 to 3 years,1 vehicle,1994,Liability,0
Mar,4,Thursday,Pontiac,Rural,Wednesday,Sep,2,Female,Married,50,Policy Holder,Sport - Liability,Sport,40000 to 59000,685,14,700,4,1 to 7,15 to 30,more than 4,6 years,51 to 65,No,No,Internal,1 to 2,under 6 months,more than 8,1995,All Perils,0
Oct,5,Thursday,Mercedes,Rural,Thursday,Jan,1,Male,Divorced,76,Third Party,Sport - Collision,Sedan,60000 to 69000,686,1,700,1,15 to 30,15 to 30,none,more than 7,31 to 35,No,No,External,3 to 5,2 to 3 years,5 to 8,1995,All Perils,1
May,4,Saturday,Mazda,Rural,Wednesday,Jun,5,Female,Divorced,64,Third Party,Sport - Liability,Utility,30000 to 39000,687,8,500,3,8 to 15,15 to 30,more than 4,more than 7,31 to 35,Yes,Yes,Internal,more than 5,4 to 8 years,2 vehicles,1995,Liability,1
Aug,3,Tuesday,Toyota,Rural,Saturday,Aug,2,Female,Widow,32,Third Party,Sedan - Liability,Sedan,40000 to 59000,688,12,300,3,15 to 30,15 to 30,none,6 years,over 65,No,No,Internal,1 to 2,1 year,more than 8,1995,Liability,0
Jun,1,Saturday,Toyota,Rural,Sunday,Sep,1,Male,Widow,50,Third Party,Utility - All Perils,Sport,more than 69000,689,2,400,2,none,none,more than 4,more than 7,51 to 65,No,Yes,External,more than 5,2 to 3 years,more than 8,1994,Liability,1
Oct,5,Tuesday,Toyota,Urban,Sunday,Feb,2,Male,Married,29,Policy Holder,Sport - Collision,Sport,60000 to 69000,690,3,700,2,15 to 30,8 to 15,1,4 years,26 to 30,Yes,Yes,External,none,1 year,3 to 4,1996,Liability,1
Dec,1,Wednesday,Toyota,Urban,Saturday,Jan,5,Female,Divorced,47,Third Party,Sport - Collision,Sport,60000 to 69000,691,2,500,1,15 to 30,more than 30,none,2 years,31 to 35,Yes,No,External,1 to 2,no change,3 to 4,1996,Liability,0
Oct,4,Friday,Ford,Urban,Wednesday,Apr,3,Female,Married,51,Policy Holder,Utility - All Perils,Sport,30000 to 39000,692,8,700,2,15 to 30,more than 30,none,4 years,over 65,No,No,Internal,more than 5,no change,5 to 8,1996,Liability,0
Dec,4,Sunday,Toyota,Rural,Saturday,Feb,5,Male,Divorced,50,Policy Holder,Sedan - Liability,Sport,less than 20000,693,9,700,2,more than 30,15 to 30,2 to 4,new,over 65,No,No,External,3 to 5,under 6 months,1 vehicle,1995,Liability,0
Dec,1,Tuesday,Pontiac,Rural,Tuesday,Jul,3,Female,Married,44,Third Party,Sedan - All Perils,Sedan,more than 69000,694,8,500,3,15 to 30,more than 30,none,6 years,36 to 40,No,Yes,Internal,1 to 2,under 6 months,more than 8,1994,All Perils,0
Feb,4,Friday,Toyota,Rural,Sunday,Dec,1,Male,Married,45,Policy Holder,Sedan - Liability,Utility,40000 to 59000,695,1,300,3,more than 30,more than 30,1,3 years,36 to 40,No,Yes,External,3 to 5,no change,1 vehicle,1995,Liability,0
Apr,1,Monday,Pontiac,Rural,Tuesday,Apr,2,Female,Married,68,Policy Holder,Sedan - All Perils,Sedan,less than 20000,696,8,700,2,15 to 30,8 to 15,more than 4,3 years,41 to 50,No,Yes,Internal,none,4 to 8 years,5 to 8,1996,Collision,1
Sep,2,Monday,Mazda,Urban,Wednesday,Jun,1,Female,Widow,49,Third Party,Sedan - Collision,Sport,30000 to 39000,697,15,300,3,8 to 15,15 to 30,more than 4,new,21 to 25,No,No,Internal,more than 5,2 to 3 years,3 to 4,1994,Liability,1
Aug,5,Saturday,BMW,Rural,Monday,Mar,3,Male,Widow,20,Third Party,Sedan - All Perils,Utility,less than 20000,698,1,300,3,more than 30,more than 30,1,more than 7,over 65,Yes,No,External,none,no change,1 vehicle,1995,All Perils,0
Jan,5,Saturday,Chevrolet,Rural,Monday,Jan,2,Male,Divorced,64,Third Party,Sport - Liability,Sport,more than 69000,699,13,300,1,15 to 30,none,2 to 4,4 years,21 to 25,No,Yes,External,3 to 5,4 to 8 years,3 to 4,1996,Collision,0
Feb,2,Wednesday,Nissan,Urban,Wednesday,Sep,5,Female,Single,56,Third Party,Sedan - Collision,Utility,40000 to 59000,700,5,300,4,8 to 15,more than 30,more than 4,7 years,51 to 65,No,No,Internal,1 to 2,under 6 months,2 vehicles,1996,Collision,0
Jul,5,Friday,Mazda,Urban,Thursday,Apr,2,Male,Single,61,Third Party,Sedan - Liability,Sport,60000 to 69000,701,2,400,4,8 to 15,8 to 15,2 to 4,5 years,51 to 65,No,No,External,3 to 5,4 to 8 years,more than 8,1995,Collision,0
Aug,5,Wednesday,Ford,Rural,Monday,Jul,2,Male,Divorced,62,Policy Holder,Sedan - Liability,Sedan,30000 to 39000,702,1,700,2,1 to 7,8 to 15,none,6 years,21 to 25,Yes,No,External,1 to 2,under 6 months,3 to 4,1994,All Perils,0
Mar,4,Tuesday,Pontiac,Urban,Saturday,Sep,5,Male,Divorced,28,Policy Holder,Sport - Liability,Utility,less than 20000,703,1,700,4,15 to 30,8 to 15,more than 4,4 years,51 to 65,No,Yes,External,none,no change,2 vehicles,1994,All Perils,0
Mar,1,Thursday,Pontiac,Rural,Monday,Nov,3,Male,Single,79,Policy Holder,Sport - Collision,Sedan,40000 to 59000,704,7,400,2,8 to 15,8 to 15,none,6 years,51 to 65,No,No,External,3 to 5,no change,2 vehicles,1995,Collision,0
Feb,2,Wednesday,Mazda,Rural,Sunday,Mar,1,Male,Divorced,80,Policy Holder,Utility - All Perils,Utility,40000 to 59000,705,8,400,1,none,8 to 15,2 to 4,2 years,31 to 35,No,Yes,Internal,more than 5,under 6 months,1 vehicle,1994,Collision,0
Jul,4,Saturday,Pontiac,Rural,Tuesday,Jul,3,Female,Married,27,Third Party,Utility - All Perils,Sedan,20000 to 29000,706,10,400,4,8 to 15,15 to 30,more than 4,more than 7,31 to 35,Yes,Yes,Internal,3 to 5,4 to 8 years,3 to 4,1995,Collision,0
Jan,5,Wednesday,Chevrolet,Rural,Wednesday,Nov,2,Female,Divorced,31,Third Party,Sedan - Liability,Utility,60000 to 69000,707,2,700,2,more than 30,more than 30,2 to 4,4 years,31 to 35,No,Yes,External,none,1 year,3 to 4,1994,Liability,0
Jul,5,Wednesday,Ford,Rural,Tuesday,Jun,4,Female,Divorced,33,Third Party,Sport - Liability,Sedan,20000 to 29000,708,11,300,2,1 to 7,8 to 15,1,new,16 to 17,Yes,No,External,none,no change,more than 8,1994,Collision,1
Jun,3,Thursday,Ford,Rural,Saturday,Jan,3,Male,Widow,78,Third Party,Sedan - Liability,Utility,60000 to 69000,709,12,300,3,15 to 30,none,1,more than 7,31 to 35,No,No,External,1 to 2,under 6 months,5 to 8,1994,Liability,1
Jun,2,Saturday,Nissan,Rural,Saturday,Apr,4,Male,Single,76,Third Party,Sedan - Liability,Sport,60000 to 69000,710,2,300,2,8 to 15,more than 30,1,new,41 to 50,Yes,No,External,1 to 2,1 year,3 to 4,1996,Liability,0
Sep,5,Tuesday,BMW,Urban,Monday,Oct,5,Female,Divorced,34,Policy Holder,Sport - Liability,Sedan,less than 20000,711,11,700,2,1 to 7,8 to 15,2 to 4,4 years,36 to 40,Yes,No,Internal,none,1 year,2 vehicles,1996,Collision,0
Jul,2,Sunday,Honda,Rural,Monday,Oct,4,Female,Single,57,Policy Holder,Sedan - All Perils,Sedan,20000 to 29000,712,2,300,4,1 to 7,15 to 30,more than 4,7 years,31 to 35,Yes,Yes,Internal,more than 5,4 to 8 years,2 vehicles,1994,All Perils,1
Sep,2,Thursday,Nissan,Rural,Friday,Apr,2,Female,Married,33,Policy Holder,Utility - All Perils,Sedan,less than 20000,713,8,700,2,more than 30,8 to 15,more than 4,3 years,31 to 35,Yes,No,External,3 to 5,no change,5 to 8,1996,Collision,1
Oct,5,Friday,BMW,Rural,Sunday,Mar,2,Male,Widow,20,Third Party,Sedan - Liability,Utility,60000 to 69000,714,11,300,3,none,none,1,2 years,31 to 35,No,No,External,more than 5,no change,1 vehicle,1994,All Perils,0
Dec,3,Sunday,Honda,Urban,Monday,Apr,3,Male,Single,32,Third Party,Sport - Collision,Sport,20000 to 29000,715,14,500,3,15 to 30,8 to 15,none,2 years,over 65,Yes,Yes,External,more than 5,2 to 3 years,1 vehicle,1994,Collision,1
Oct,2,Thursday,BMW,Urban,Tuesday,Mar,3,Female,Married,22,Policy Holder,Sedan - Collision,Sedan,40000 to 59000,716,9,700,4,more than 30,8 to 15,1,6 years,26 to 30,No,No,External,more than 5,no change,more than 8,1994,Liability,0
Jul,1,Tuesday,Pontiac,Rural,Thursday,Sep,2,Male,Divorced,71,Policy Holder,Utility - All Perils,Sedan,30000 to 39000,717,7,300,2,none,more than 30,more than 4,5 years,21 to 25,Yes,No,External,none,2 to 3 years,1 vehicle,1994,Collision,0
Jun,3,Saturday,Nissan,Urban,Monday,Nov,5,Female,Single,67,Policy Holder,Sport - Liability,Sedan,less than 20000,718,14,400,2,15 to 30,15 to 30,2 to 4,5 years,16 to 17,No,No,External,none,under 6 months,2 vehicles,1996,All Perils,0
Mar,5,Monday,Chevrolet,Urban,Wednesday,Jan,5,Female,Married,29,Policy Holder,Sport - Liability,Sedan,more than 69000,719,4,500,4,15 to 30,15 to 30,1,5 years,51 to 65,No,Yes,Internal,3 to 5,under 6 months,3 to 4,1994,All Perils,0
Aug,3,Thursday,Chevrolet,Rural,Monday,Sep,2,Female,Single,53,Third Party,Sedan - Collision,Utility,60000 to 69000,720,4,700,2,1 to 7,none,none,3 years,18 to 20,No,Yes,External,more than 5,no change,1 vehicle,1996,Liability,1
Feb,4,Sunday,Ford,Urban,Thursday,Oct,4,Male,Widow,30,Third Party,Utility - All Perils,Sport,20000 to 29000,721,8,700,2,none,none,1,more than 7,26 to 30,Yes,No,External,3 to 5,2 to 3 years,5 to 8,1996,Liability,1
Dec,2,Wednesday,Ford,Rural,Saturday,Aug,5,Female,Single,53,Third Party,Utility - All Perils,Sport,more than 69000,722,2,300,1,more than 30,8 to 15,2 to 4,2 years,41 to 50,Yes,No,Internal,more than 5,no change,3 to 4,1995,All Perils,1
Nov,4,Friday,Pontiac,Urban,Wednesday,Nov,1,Female,Married,74,Policy Holder,Sport - Liability,Sedan,60000 to 69000,723,1,700,2,none,more than 30,2 to 4,7 years,18 to 20,Yes,No,External,3 to 5,no change,1 vehicle,1996,Collision,0
Feb,4,Thursday,Mercedes,Urban,Tuesday,Jan,2,Female,Widow,73,Policy Holder,Sedan - All Perils,Sport,60000 to 69000,724,6,400,1,more than 30,none,1,7 years,21 to 25,No,No,Internal,1 to 2,1 year,3 to 4,1995,All Perils,0
Oct,4,Tuesday,Nissan,Rural,Wednesday,Sep,4,Female,Single,70,Third Party,Utility - All Perils,Sport,20000 to 29000,725,3,500,2,15 to 30,more than 30,1,new,36 to 40,No,Yes,External,none,no change,more than 8,1996,Collision,0
Feb,4,Wednesday,BMW,Urban,Thursday,Feb,3,Male,Single,33,Policy Holder,Sport - Liability,Sedan,less than 20000,726,11,700,3,more than 30,more than 30,none,2 years,36 to 40,Yes,No,External,3 to 5,no change,2 vehicles,1994,Liability,0
Sep,3,Thursday,Pontiac,Rural,Tuesday,Nov,4,Female,Divorced,30,Policy Holder,Sedan - Liability,Sport,less than 20000,727,9,700,3,1 to 7,8 to 15,more than 4,5 years,21 to 25,Yes,Yes,Internal,1 to 2,under 6 months,5 to 8,1996,Liability,0
Feb,2,Monday,Chevrolet,Rural,Monday,Jun,3,Female,Divorced,28,Policy Holder,Utility - All Perils,Sport,40000 to 59000,728,8,300,1,none,none,1,2 years,31 to 35,No,Yes,External,1 to 2,2 to 3 years,3 to 4,1995,Liability,0
Jun,4,Wednesday,Mazda,Urban,Tuesday,Feb,1,Female,Single,26,Policy Holder,Sedan - Liability,Utility,60000 to 69000,729,8,400,2,15 to 30,none,more than 4,7 years,41 to 50,Yes,No,Internal,more than 5,2 to 3 years,3 to 4,1996,Liability,1
Aug,5,Wednesday,BMW,Rural,Sunday,Sep,3,Male,Divorced,56,Policy Holder,Sport - Liability,Sport,more than 69000,730,2,400,2,1 to 7,none,1,4 years,18 to 20,Yes,Yes,External,3 to 5,4 to 8 years,3 to 4,1996,All Perils,0
Sep,5,Saturday,Ford,Urban,Saturday,Sep,3,Female,Married,59,Policy Holder,Sedan - Collision,Sedan,more than 69000,731,7,500,1,8 to 15,more than 30,2 to 4,7 years,26 to 30,Yes,No,Internal,1 to 2,4 to 8 years,3 to 4,1996,Liability,0
Jun,2,Monday,Ford,Rural,Monday,Jun,5,Male,Single,73,Policy Holder,Utility - All Perils,Utility,40000 to 59000,732,2,700,2,8 to 15,more than 30,2 to 4,new,21 to 25,Yes,No,External,more than 5,under 6 months,1 vehicle,1996,Collision,0
Dec,4,Saturday,Mercedes,Urban,Wednesday,Apr,1,Female,Divorced,23,Third Party,Sport - Liability,Sport,40000 to 59000,733,6,400,3,1 to 7,15 to 30,1,new,over 65,Yes,No,External,3 to 5,under 6 months,3 to 4,1995,Liability,0
Oct,1,Wednesday,Pontiac,Urban,Wednesday,Jan,1,Female,Married,34,Third Party,Sport - Liability,Sport,20000 to 29000,734,11,300,1,15 to 30,none,more than 4,6 years,26 to 30,Yes,Yes,External,1 to 2,under 6 months,3 to 4,1996,Collision,0
Mar,3,Friday,Mazda,Urban,Tuesday,Nov,1,Male,Married,63,Third Party,Sport - Liability,Utility,less than 20000,735,16,300,2,8 to 15,more than 30,1,7 years,51 to 65,Yes,No,External,more than 5,no change,5 to 8,1994,All Perils,1
Sep,3,Thursday,Mercedes,Rural,Saturday,Mar,3,Male,Single,60,Policy Holder,Sport - Collision,Utility,20000 to 29000,736,5,300,2,15 to 30,15 to 30,more than 4,more than 7,51 to 65,No,Yes,Internal,none,no change,5 to 8,1994,All Perils,0
Sep,2,Wednesday,Nissan,Urban,Sunday,Nov,5,Male,Divorced,44,Third Party,Utility - All Perils,Sedan,less than 20000,737,5,400,1,15 to 30,more than 30,more than 4,7 years,18 to 20,Yes,Yes,External,1 to 2,1 year,3 to 4,1996,All Perils,1
May,5,Sunday,Ford,Rural,Tuesday,Aug,4,Male,Married,27,Third Party,Sedan - Collision,Sport,60000 to 69000,738,11,700,3,15 to 30,8 to 15,1,6 years,over 65,Yes,Yes,External,1 to 2,no change,2 vehicles,1996,Liability,0
Sep,5,Tuesday,Chevrolet,Urban,Monday,Sep,5,Male,Widow,48,Policy Holder,Sport - Collision,Sedan,40000 to 59000,739,15,400,3,1 to 7,none,none,new,16 to 17,Yes,Yes,External,none,no change,5 to 8,1994,Liability,0
Nov,1,Monday,Chevrolet,Urban,Tuesday,Sep,5,Female,Single,28,Policy Holder,Sedan - Collision,Utility,60000 to 69000,740,5,400,2,15 to 30,more than 30,more than 4,5 years,26 to 30,Yes,Yes,Internal,3 to 5,under 6 months,more than 8,1996,Liability,0
Oct,2,Saturday,BMW,Rural,Friday,Nov,4,Female,Divorced,51,Third Party,Sedan - Liability,Sedan,less than 20000,741,14,500,1,1 to 7,none,more than 4,6 years,18 to 20,No,Yes,Internal,none,4 to 8 years,more than 8,1996,All Perils,1
Oct,2,Friday,Nissan,Urban,Saturday,Jan,4,Male,Divorced,74,Policy Holder,Utility - All Perils,Utility,more than 69000,742,6,500,4,more than 30,none,more than 4,4 years,16 to 17,No,Yes,External,3 to 5,1 year,2 vehicles,1996,All Perils,0
Aug,5,Sunday,Chevrolet,Urban,Wednesday,Dec,2,Female,Widow,30,Policy Holder,Sedan - All Perils,Sedan,60000 to 69000,743,11,400,1,more than 30,none,more than 4,more than 7,31 to 35,Yes,Yes,External,more than 5,under 6 months,2 vehicles,1995,Collision,1
Apr,3,Thursday,Mercedes,Rural,Tuesday,Jan,5,Male,Married,25,Policy Holder,Sedan - Liability,Sport,more than 69000,744,4,300,1,8 to 15,none,none,more than 7,36 to 40,Yes,No,External,1 to 2,no change,3 to 4,1995,All Perils,0
Oct,4,Monday,Pontiac,Rural,Tuesday,Dec,4,Female,Widow,64,Policy Holder,Sport - Liability,Sedan,40000 to 59000,745,5,300,1,none,15 to 30,more than 4,7 years,36 to 40,Yes,No,External,none,2 to 3 years,5 to 8,1995,Liability,0
May,5,Monday,Mercedes,Urban,Monday,Apr,5,Male,Married,19,Policy Holder,Utility - All Perils,Utility,30000 to 39000,746,16,300,1,more than 30,none,none,more than 7,26 to 30,Yes,No,External,more than 5,under 6 months,5 to 8,1994,Collision,1
Jul,4,Thursday,Mazda,Rural,Monday,Nov,5,Male,Divorced,79,Policy Holder,Sport - Collision,Sport,40000 to 59000,747,7,300,4,8 to 15,more than 30,none,5 years,51 to 65,Yes,Yes,External,3 to 5,4 to 8 years,5 to 8,1994,Liability,0
Apr,1,Tuesday,Mazda,Rural,Wednesday,Feb,2,Male,Widow,66,Third Party,Sedan - Collision,Sport,40000 to 59000,748,1,400,4,more than 30,more than 30,none,7 years,31 to 35,No,Yes,External,none,no change,3 to 4,1996,Liability,1
Apr,1,Sunday,Mazda,Urban,Friday,Jun,1,Male,Single,43,Policy Holder,Utility - All Perils,Sport,20000 to 29000,749,13,500,3,none,none,none,new,31 to 35,Yes,No,Internal,3 to 5,2 to 3 years,more than 8,1996,Collision,1
Feb,2,Monday,Nissan,Rural,Monday,Jul,5,Female,Divorced,40,Third Party,Sport - Liability,Sedan,less than 20000,750,3,500,4,1 to 7,more than 30,none,2 years,26 to 30,No,No,Internal,none,2 to 3 years,1 vehicle,1995,All Perils,0
Dec,2,Sunday,Pontiac,Rural,Tuesday,Dec,3,Female,Single,42,Policy Holder,Sedan - Collision,Sport,40000 to 59000,751,2,700,3,1 to 7,none,none,6 years,18 to 20,Yes,Yes,Internal,3 to 5,under 6 months,2 vehicles,1994,Collision,0
Feb,4,Tuesday,Toyota,Rural,Sunday,Feb,5,Female,Married,42,Third Party,Sedan - Collision,Utility,less than 20000,752,14,400,2,more than 30,8 to 15,1,new,36 to 40,No,No,Internal,1 to 2,under 6 months,3 to 4,1994,Liability,1
Feb,1,Monday,Honda,Urban,Sunday,Jan,4,Female,Married,70,Third Party,Utility - All Perils,Sport,less than 20000,753,6,500,3,8 to 15,15 to 30,1,7 years,51 to 65,No,No,Internal,3 to 5,4 to 8 years,3 to 4,1995,Liability,0
Dec,2,Tuesday,Chevrolet,Urban,Friday,Aug,2,Female,Single,68,Policy Holder,Utility - All Perils,Sedan,less than 20000,754,3,700,2,none,none,1,2 years,21 to 25,No,Yes,Internal,more than 5,2 to 3 years,more than 8,1994,Liability,1
Jul,2,Tuesday,Mercedes,Rural,Thursday,Jan,2,Male,Divorced,30,Policy Holder,Sport - Liability,Utility,40000 to 59000,755,16,300,4,15 to 30,none,none,3 years,31 to 35,No,Yes,Internal,more than 5,no change,5 to 8,1994,Liability,0
Jun,1,Wednesday,Chevrolet,Rural,Friday,Oct,4,Male,Divorced,29,Third Party,Sedan - Liability,Sport,more than 69000,756,5,700,4,none,none,more than 4,3 years,over 65,Yes,Yes,External,more than 5,1 year,3 to 4,1995,Liability,1
Sep,1,Wednesday,Pontiac,Urban,Wednesday,Jan,2,Female,Single,52,Policy Holder,Sedan - Collision,Sedan,30000 to 39000,757,11,300,4,8 to 15,15 to 30,1,5 years,18 to 20,No,Yes,External,3 to 5,2 to 3 years,3 to 4,1996,Liability,0
May,1,Thursday,Mercedes,Urban,Tuesday,Dec,2,Female,Married,58,Third Party,Sedan - All Perils,Sedan,less than 20000,758,5,500,3,more than 30,none,1,new,26 to 30,Yes,No,External,more than 5,under 6 months,1 vehicle,1996,All Perils,1
Feb,3,Thursday,Chevrolet,Rural,Wednesday,Jul,2,Female,Married,63,Policy Holder,Sport - Collision,Sedan,40000 to 59000,759,10,700,3,8 to 15,none,none,7 years,21 to 25,No,No,Internal,more than 5,2 to 3 years,2 vehicles,1995,Collision,0
Sep,3,Monday,Nissan,Rural,Friday,Dec,4,Male,Widow,37,Policy Holder,Utility - All Perils,Sedan,30000 to 39000,760,12,400,1,8 to 15,none,none,more than 7,26 to 30,No,Yes,Internal,more than 5,2 to 3 years,1 vehicle,1996,Liability,0
Mar,3,Monday,Pontiac,Urban,Friday,Feb,1,Male,Widow,48,Policy Holder,Utility - All Perils,Utility,40000 to 59000,761,13,500,3,none,more than 30,none,6 years,31 to 35,No,Yes,External,more than 5,under 6 months,1 vehicle,1995,Collision,0
Jul,3,Tuesday,BMW,Urban,Friday,Apr,1,Female,Widow,24,Third Party,Sedan - Collision,Sedan,30000 to 39000,762,7,500,1,8 to 15,more than 30,more than 4,2 years,over 65,Yes,No,Internal,1 to 2,no change,3 to 4,1996,Liability,1
Dec,4,Tuesday,Mercedes,Rural,Friday,Jun,1,Male,Single,46,Policy Holder,Sedan - Liability,Sedan,40000 to 59000,763,10,500,3,more than 30,more than 30,none,3 years,16 to 17,Yes,No,External,1 to 2,no change,1 vehicle,1994,All Perils,0
Dec,5,Monday,Pontiac,Rural,Monday,Jan,4,Female,Widow,61,Third Party,Sedan - Collision,Sedan,20000 to 29000,764,14,500,1,more than 30,none,2 to 4,2 years,26 to 30,Yes,Yes,External,1 to 2,2 to 3 years,1 vehicle,1995,Collision,0
May,3,Wednesday,Honda,Rural,Friday,Feb,1,Female,Single,37,Policy Holder,Sedan - Collision,Sedan,more than 69000,765,14,700,2,more than 30,8 to 15,2 to 4,5 years,51 to 65,No,Yes,Internal,3 to 5,2 to 3 years,more than 8,1996,All Perils,0
Oct,4,Thursday,Mazda,Rural,Sunday,Apr,3,Male,Single,38,Third Party,Utility - All Perils,Sedan,40000 to 59000,766,12,300,4,1 to 7,more than 30,none,more than 7,16 to 17,No,Yes,External,3 to 5,under 6 months,more than 8,1996,Collision,0
Aug,4,Wednesday,Toyota,Rural,Friday,Sep,1,Female,Divorced,47,Third Party,Sedan - Liability,Sport,20000 to 29000,767,7,400,2,none,15 to 30,1,more than 7,31 to 35,Yes,No,External,1 to 2,1 year,3 to 4,1996,Collision,1
Jun,4,Wednesday,Chevrolet,Urban,Friday,Sep,3,Female,Single,72,Third Party,Sport - Liability,Sedan,less than 20000,768,9,700,3,1 to 7,none,none,more than 7,18 to 20,Yes,Yes,External,1 to 2,1 year,more than 8,1994,Liability,0
Feb,1,Thursday,Toyota,Urban,Tuesday,Feb,1,Male,Single,56,Policy Holder,Sport - Collision,Utility,60000 to 69000,769,16,400,2,1 to 7,none,none,6 years,36 to 40,No,No,External,3 to 5,4 to 8 years,1 vehicle,1995,Liability,0
May,5,Thursday,Chevrolet,Urban,Saturday,Jan,1,Female,Married,75,Third Party,Sedan - Liability,Sport,30000 to 39000,770,4,400,2,none,more than 30,2 to 4,2 years,41 to 50,Yes,Yes,External,3 to 5,1 year,more than 8,1994,Collision,0
Aug,1,Wednesday,Mazda,Urban,Thursday,Aug,3,Male,Widow,21,Third Party,Sport - Liability,Sedan,20000 to 29000,771,12,500,1,15 to 30,more than 30,2 to 4,4 years,36 to 40,Yes,No,Internal,none,1 year,3 to 4,1995,Liability,0
Dec,3,Tuesday,Honda,Rural,Tuesday,May,4,Male,Widow,71,Policy Holder,Sport - Collision,Sport,30000 to 39000,772,13,700,1,8 to 15,8 to 15,1,3 years,36 to 40,No,Yes,Internal,none,1 year,2 vehicles,1994,Collision,0
Jan,4,Wednesday,Toyota,Rural,Thursday,Oct,1,Male,Single,20,Policy Holder,Sedan - Liability,Sedan,30000 to 39000,773,8,400,2,15 to 30,none,none,new,41 to 50,Yes,No,External,1 to 2,no change,5 to 8,1996,Liability,0
Sep,3,Monday,Chevrolet,Urban,Monday,Apr,3,Female,Divorced,38,Third Party,Sedan - Collision,Utility,60000 to 69000,774,14,700,1,none,none,2 to 4,7 years,31 to 35,No,Yes,External,1 to 2,2 to 3 years,3 to 4,1996,Collision,0
Nov,2,Thursday,Honda,Urban,Sunday,May,5,Female,Married,44,Policy Holder,Sedan - All Perils,Sport,40000 to 59000,775,7,500,4,15 to 30,none,more than 4,5 years,36 to 40,No,Yes,Internal,3 to 5,4 to 8 years,5 to 8,1994,All Perils,0
Dec,5,Sunday,Mercedes,Urban,Friday,Mar,4,Female,Widow,32,Third Party,Sedan - Collision,Utility,60000 to 69000,776,14,300,3,none,more than 30,more than 4,more than 7,16 to 17,Yes,Yes,Internal,1 to 2,no change,2 vehicles,1996,Liability,0
Jun,1,Wednesday,BMW,Urban,Wednesday,Apr,4,Female,Single,80,Policy Holder,Sport - Collision,Sport,40000 to 59000,777,11,700,1,15 to 30,more than 30,none,7 years,16 to 17,No,Yes,Internal,1 to 2,no change,3 to 4,1996,All Perils,0
Feb,2,Monday,BMW,Urban,Saturday,Sep,2,Male,Divorced,74,Policy Holder,Sport - Collision,Sedan,more than 69000,778,1,400,4,more than 30,8 to 15,2 to 4,6 years,18 to 20,No,No,Internal,none,1 year,1 vehicle,1996,All Perils,0
Apr,5,Friday,Toyota,Urban,Monday,Jun,5,Female,Married,53,Third Party,Sedan - Collision,Sedan,less than 20000,779,14,400,2,1 to 7,more than 30,none,new,31 to 35,No,Yes,External,none,2 to 3 years,2 vehicles,1995,All Perils,1
Nov,4,Monday,Mercedes,Rural,Wednesday,Aug,1,Male,Divorced,46,Third Party,Sedan - Liability,Sport,30000 to 39000,780,12,500,3,1 to 7,more than 30,more than 4,4 years,26 to 30,No,No,Internal,more than 5,no change,3 to 4,1996,All Perils,1
Nov,1,Tuesday,Pontiac,Urban,Friday,Jan,4,Female,Married,65,Policy Holder,Sport - Collision,Utility,60000 to 69000,781,4,500,3,8 to 15,more than 30,1,4 years,26 to 30,Yes,Yes,Internal,more than 5,2 to 3 years,more than 8,1996,Liability,0
Aug,4,Tuesday,Mazda,Rural,Monday,Jul,3,Female,Widow,62,Third Party,Sedan - All Perils,Sport,less than 20000,782,12,500,4,8 to 15,more than 30,2 to 4,6 years,31 to 35,Yes,No,External,none,under 6 months,1 vehicle,1995,Liability,0
Feb,5,Sunday,Honda,Urban,Friday,Jun,1,Female,Widow,48,Policy Holder,Sedan - Collision,Utility,30000 to 39000,783,9,300,1,8 to 15,15 to 30,2 to 4,5 years,over 65,Yes,No,Internal,1 to 2,no change,3 to 4,1995,All Perils,0
Feb,1,Sunday,Chevrolet,Urban,Saturday,Nov,5,Female,Single,70,Policy Holder,Sedan - Collision,Sport,30000 to 39000,784,16,700,2,none,more than 30,2 to 4,7 years,26 to 30,Yes,Yes,Internal,more than 5,no change,1 vehicle,1996,Collision,0
Jun,3,Thursday,Mercedes,Rural,Friday,Jun,4,Female,Single,30,Third Party,Sedan - Liability,Sedan,60000 to 69000,785,5,400,2,1 to 7,15 to 30,more than 4,new,26 to 30,Yes,Yes,External,3 to 5,1 year,3 to 4,1994,Collision,0
Aug,3,Friday,Honda,Rural,Tuesday,Feb,2,Female,Married,35,Third Party,Utility - All Perils,Sport,more than 69000,786,5,300,3,8 to 15,more than 30,none,new,31 to 35,Yes,No,Internal,none,1 year,more than 8,1995,Liability,0
Jan,1,Friday,Honda,Urban,Saturday,Sep,1,Male,Single,19,Policy Holder,Utility - All Perils,Sedan,less than 20000,787,1,500,4,15 to 30,8 to 15,more than 4,more than 7,41 to 50,Yes,Yes,External,1 to 2,1 year,2 vehicles,1994,Liability,0
Sep,2,Friday,Mazda,Urban,Wednesday,Feb,4,Female,Widow,25,Third Party,Sport - Collision,Utility,20000 to 29000,788,13,500,2,15 to 30,none,1,4 years,41 to 50,No,Yes,External,more than 5,2 to 3 years,5 to 8,1996,Collision,1
Jul,1,Thursday,Chevrolet,Urban,Saturday,Nov,3,Female,Single,30,Policy Holder,Sedan - All Perils,Sedan,60000 to 69000,789,16,300,2,15 to 30,15 to 30,none,7 years,over 65,Yes,Yes,External,1 to 2,4 to 8 years,2 vehicles,1994,Collision,1
Jan,1,Sunday,Chevrolet,Urban,Friday,May,1,Female,Widow,57,Third Party,Sedan - Collision,Sport,20000 to 29000,790,12,700,1,8 to 15,8 to 15,1,7 years,36 to 40,Yes,No,Internal,3 to 5,4 to 8 years,more than 8,1996,All Perils,0
Feb,3,Saturday,Mazda,Rural,Monday,Oct,5,Female,Single,71,Third Party,Sedan - Collision,Sport,30000 to 39000,791,6,500,3,8 to 15,8 to 15,none,new,over 65,No,No,External,1 to 2,2 to 3 years,5 to 8,1995,All Perils,0
Jun,3,Monday,Ford,Urban,Monday,Aug,4,Male,Single,55,Third Party,Utility - All Perils,Sport,more than 69000,792,15,700,2,1 to 7,15 to 30,2 to 4,6 years,36 to 40,Yes,No,External,none,1 year,2 vehicles,1995,Liability,1
Sep,2,Wednesday,Honda,Urban,Monday,Jun,3,Male,Married,46,Policy Holder,Sedan - Liability,Sport,more than 69000,793,5,500,3,1 to 7,15 to 30,1,2 years,31 to 35,Yes,Yes,Internal,more than 5,under 6 months,2 vehicles,1995,All Perils,0
Oct,2,Sunday,Honda,Urban,Monday,Aug,2,Male,Widow,35,Policy Holder,Sport - Liability,Utility,more than 69000,794,12,300,4,1 to 7,8 to 15,1,2 years,36 to 40,No,No,External,none,2 to 3 years,more than 8,1994,All Perils,0
Jun,1,Wednesday,Honda,Urban,Wednesday,Mar,2,Male,Married,24,Policy Holder,Sedan - Collision,Utility,less than 20000,795,10,300,3,8 to 15,none,1,2 years,31 to 35,Yes,No,External,3 to 5,2 to 3 years,3 to 4,1996,Collision,0
Apr,4,Tuesday,BMW,Urban,Monday,Jan,3,Male,Married,54,Third Party,Sedan - Collision,Sedan,less than 20000,796,14,700,1,none,15 to 30,2 to 4,7 years,18 to 20,No,No,Internal,1 to 2,4 to 8 years,2 vehicles,1994,Collision,1
Dec,2,Sunday,Mercedes,Urban,Sunday,Oct,1,Female,Married,26,Third Party,Sport - Liability,Utility,20000 to 29000,797,16,500,4,1 to 7,8 to 15,more than 4,new,26 to 30,No,No,External,3 to 5,2 to 3 years,3 to 4,1996,Liability,0
Jun,5,Friday,Mazda,Rural,Sunday,Dec,2,Female,Married,67,Third Party,Utility - All Perils,Utility,60000 to 69000,798,6,300,2,none,none,1,6 years,36 to 40,No,No,Internal,more than 5,no change,1 vehicle,1996,Liability,1
Apr,3,Thursday,Honda,Urban,Tuesday,Nov,2,Female,Married,43,Policy Holder,Utility - All Perils,Utility,20000 to 29000,799,2,300,2,8 to 15,none,none,4 years,36 to 40,Yes,No,External,3 to 5,1 year,1 vehicle,1995,All Perils,0
Jun,5,Wednesday,Mazda,Urban,Wednesday,Apr,1,Female,Divorced,40,Third Party,Sedan - Collision,Utility,30000 to 39000,800,3,500,4,8 to 15,15 to 30,2 to 4,3 years,18 to 20,Yes,Yes,Internal,none,2 to 3 years,3 to 4,1995,Liability,0
Jan,4,Monday,Nissan,Rural,Saturday,May,1,Female,Widow,19,Third Party,Sport - Collision,Utility,60000 to 69000,801,12,500,3,none,8 to 15,more than 4,2 years,51 to 65,Yes,Yes,External,1 to 2,4 to 8 years,2 vehicles,1996,All Perils,0
Apr,2,Wednesday,Ford,Rural,Friday,May,2,Female,Married,33,Policy Holder,Sedan - Collision,Sedan,30000 to 39000,802,6,300,4,none,8 to 15,1,3 years,41 to 50,Yes,No,External,none,under 6 months,3 to 4,1995,Liability,0
Jul,4,Thursday,Chevrolet,Urban,Friday,Sep,2,Female,Widow,18,Policy Holder,Sedan - Collision,Utility,more than 69000,803,3,300,4,8 to 15,none,none,3 years,31 to 35,No,No,External,3 to 5,4 to 8 years,2 vehicles,1995,All Perils,0
Dec,2,Sunday,Chevrolet,Urban,Sunday,Aug,2,Male,Widow,63,Policy Holder,Sedan - All Perils,Utility,30000 to 39000,804,14,500,2,1 to 7,none,more than 4,3 years,31 to 35,Yes,Yes,Internal,3 to 5,under 6 months,3 to 4,1996,All Perils,0
Sep,1,Wednesday,Ford,Rural,Friday,Oct,4,Female,Divorced,48,Policy Holder,Sedan - Liability,Sedan,30000 to 39000,805,11,400,4,more than 30,15 to 30,1,5 years,36 to 40,No,Yes,Internal,none,under 6 months,5 to 8,1995,Liability,0
Oct,2,Tuesday,Mazda,Urban,Friday,Dec,3,Female,Widow,67,Third Party,Sedan - Liability,Utility,more than 69000,806,3,300,1,none,more than 30,1,more than 7,36 to 40,No,No,Internal,3 to 5,4 to 8 years,5 to 8,1995,Collision,0
Jul,2,Wednesday,Chevrolet,Rural,Thursday,May,1,Female,Single,53,Third Party,Sport - Collision,Utility,40000 to 59000,807,12,300,4,8 to 15,8 to 15,1,4 years,26 to 30,No,No,Internal,1 to 2,no change,2 vehicles,1994,Collision,1
Feb,1,Sunday,Chevrolet,Urban,Thursday,Aug,5,Female,Widow,78,Policy Holder,Sport - Liability,Sport,20000 to 29000,808,11,300,4,more than 30,more than 30,2 to 4,2 years,51 to 65,No,Yes,External,1 to 2,under 6 months,2 vehicles,1994,All Perils,0
May,1,Thursday,BMW,Urban,Wednesday,Jul,4,Male,Divorced,67,Third Party,Sedan - Collision,Utility,40000 to 59000,809,16,500,1,none,15 to 30,none,5 years,18 to 20,Yes,Yes,External,more than 5,4 to 8 years,5 to 8,1994,Liability,1
Dec,5,Wednesday,Pontiac,Rural,Thursday,Dec,3,Male,Single,27,Policy Holder,Sport - Collision,Sedan,60000 to 69000,810,16,400,1,8 to 15,8 to 15,2 to 4,7 years,26 to 30,Yes,Yes,Internal,none,4 to 8 years,more than 8,1996,Liability,1
Jan,3,Friday,Honda,Urban,Sunday,May,1,Male,Single,25,Third Party,Sport - Liability,Utility,more than 69000,811,16,300,1,8 to 15,15 to 30,1,5 years,26 to 30,No,Yes,External,3 to 5,no change,3 to 4,1995,Liability,0
Nov,3,Friday,Honda,Rural,Wednesday,Mar,5,Male,Widow,74,Third Party,Utility - All Perils,Utility,less than 20000,812,15,700,2,8 to 15,none,1,5 years,16 to 17,No,No,External,3 to 5,4 to 8 years,1 vehicle,1995,Liability,1
Sep,5,Wednesday,Mazda,Rural,Monday,May,4,Male,Divorced,34,Third Party,Sport - Collision,Sedan,less than 20000,813,13,500,4,more than 30,8 to 15,none,6 years,16 to 17,No,No,Internal,1 to 2,1 year,3 to 4,1996,All Perils,1
Apr,2,Sunday,Nissan,Urban,Friday,Aug,3,Female,Married,66,Third Party,Sedan - Collision,Sport,40000 to 59000,814,11,500,1,8 to 15,15 to 30,more than 4,more than 7,over 65,No,No,External,none,4 to 8 years,5 to 8,1995,Collision,1
Oct,3,Friday,Honda,Urban,Saturday,Dec,1,Male,Widow,57,Third Party,Sport - Liability,Sport,60000 to 69000,815,9,300,1,1 to 7,more than 30,1,new,41 to 50,Yes,No,Internal,none,1 year,more than 8,1995,Collision,0
Nov,5,Monday,Honda,Urban,Sunday,Oct,1,Female,Widow,62,Third Party,Sedan - Collision,Sedan,40000 to 59000,816,13,500,2,1 to 7,none,more than 4,more than 7,26 to 30,Yes,Yes,Internal,3 to 5,1 year,more than 8,1996,Collision,1
Jan,4,Wednesday,BMW,Rural,Thursday,Jan,2,Female,Widow,34,Policy Holder,Sedan - Liability,Utility,30000 to 39000,817,16,700,2,15 to 30,more than 30,more than 4,more than 7,21 to 25,Yes,No,Internal,3 to 5,under 6 months,5 to 8,1994,Liability,0
Feb,2,Sunday,Chevrolet,Urban,Saturday,Jul,2,Female,Single,37,Third Party,Sedan - All Perils,Sport,60000 to 69000,818,2,500,3,1 to 7,15 to 30,more than 4,more than 7,26 to 30,Yes,Yes,External,1 to 2,1 year,3 to 4,1995,Liability,0
Aug,2,Wednesday,Ford,Rural,Tuesday,Feb,2,Male,Married,52,Third Party,Sedan - Collision,Sedan,40000 to 59000,819,3,400,3,15 to 30,none,1,4 years,41 to 50,Yes,No,Internal,1 to 2,1 year,1 vehicle,1996,Liability,0
Dec,1,Thursday,Toyota,Rural,Wednesday,May,3,Male,Divorced,19,Third Party,Sedan - Liability,Sport,more than 69000,820,8,400,4,1 to 7,more than 30,more than 4,7 years,21 to 25,Yes,No,External,more than 5,1 year,more than 8,1994,Liability,1
Jan,1,Friday,Pontiac,Rural,Wednesday,Dec,1,Female,Divorced,37,Policy Holder,Sedan - Liability,Sedan,30000 to 39000,821,5,700,2,none,more than 30,2 to 4,new,16 to 17,No,No,Internal,3 to 5,under 6 months,3 to 4,1995,All Perils,0
Aug,1,Friday,Chevrolet,Urban,Wednesday,Dec,2,Female,Divorced,49,Policy Holder,Utility - All Perils,Sedan,60000 to 69000,822,9,300,2,8 to 15,8 to 15,1,4 years,26 to 30,No,Yes,External,3 to 5,1 year,5 to 8,1994,All Perils,0
Feb,4,Sunday,Pontiac,Urban,Saturday,Feb,5,Female,Single,30,Third Party,Sport - Liability,Utility,less than 20000,823,5,300,1,1 to 7,none,1,more than 7,36 to 40,Yes,Yes,External,none,no change,5 to 8,1996,Collision,1
Aug,4,Tuesday,Ford,Rural,Sunday,Feb,5,Male,Married,36,Third Party,Sport - Liability,Utility,60000 to 69000,824,13,300,4,1 to 7,8 to 15,more than 4,3 years,31 to 35,Yes,No,Internal,3 to 5,4 to 8 years,1 vehicle,1996,Collision,1
Aug,3,Thursday,Chevrolet,Rural,Wednesday,Sep,1,Male,Single,79,Third Party,Sedan - Liability,Sedan,60000 to 69000,825,15,500,1,1 to 7,more than 30,1,7 years,18 to 20,No,Yes,External,1 to 2,1 year,2 vehicles,1996,Liability,0
Feb,4,Thursday,Mercedes,Urban,Monday,May,4,Male,Married,36,Third Party,Sport - Liability,Sedan,20000 to 29000,826,5,400,3,none,none,more than 4,3 years,51 to 65,Yes,No,External,more than 5,under 6 months,5 to 8,1995,Liability,1
Sep,1,Tuesday,Ford,Rural,Saturday,Jun,5,Female,Divorced,74,Third Party,Sedan - All Perils,Utility,less than 20000,827,13,300,4,1 to 7,8 to 15,none,5 years,36 to 40,Yes,Yes,External,none,4 to 8 years,3 to 4,1996,Collision,1
Nov,2,Friday,Mazda,Urban,Saturday,Nov,3,Female,Married,76,Third Party,Sport - Liability,Sport,more than 69000,828,2,700,3,more than 30,8 to 15,more than 4,6 years,41 to 50,Yes,No,External,more than 5,1 year,5 to 8,1996,All Perils,1
Nov,2,Monday,Toyota,Rural,Sunday,Dec,2,Male,Single,60,Third Party,Sedan - All Perils,Sedan,less than 20000,829,13,500,3,1 to 7,none,1,more than 7,over 65,No,Yes,External,more than 5,2 to 3 years,3 to 4,1995,All Perils,1
Jan,5,Thursday,Pontiac,Rural,Tuesday,Nov,3,Male,Widow,27,Policy Holder,Sedan - Collision,Utility,30000 to 39000,830,12,300,1,15 to 30,15 to 30,more than 4,3 years,31 to 35,No,Yes,External,more than 5,4 to 8 years,1 vehicle,1995,Collision,1
Mar,4,Wednesday,Honda,Urban,Saturday,Oct,2,Female,Divorced,30,Third Party,Sedan - Collision,Sedan,less than 20000,831,12,700,3,8 to 15,more than 30,more than 4,7 years,36 to 40,No,No,External,3 to 5,4 to 8 years,2 vehicles,1996,Collision,1
Mar,5,Tuesday,Ford,Urban,Saturday,Dec,2,Female,Widow,76,Policy Holder,Sedan - Liability,Sedan,30000 to 39000,832,8,500,1,none,none,2 to 4,4 years,41 to 50,No,No,External,3 to 5,under 6 months,3 to 4,1994,All Perils,0
Jun,2,Saturday,BMW,Urban,Saturday,Sep,5,Female,Divorced,18,Third Party,Sport - Liability,Sport,60000 to 69000,833,2,300,3,more than 30,more than 30,more than 4,4 years,41 to 50,Yes,Yes,Internal,more than 5,1 year,2 vehicles,1996,Liability,1
Feb,5,Tuesday,Honda,Urban,Saturday,Nov,4,Male,Widow,49,Third Party,Sedan - All Perils,Utility,40000 to 59000,834,14,700,3,more than 30,more than 30,2 to 4,new,51 to 65,No,Yes,External,more than 5,4 to 8 years,1 vehicle,1995,All Perils,0
Nov,1,Tuesday,Nissan,Urban,Sunday,Jul,3,Female,Widow,55,Third Party,Sport - Liability,Sport,20000 to 29000,835,2,300,2,1 to 7,more than 30,more than 4,new,41 to 50,Yes,No,External,more than 5,1 year,1 vehicle,1994,Liability,1
Oct,2,Saturday,Mazda,Rural,Thursday,Jan,1,Male,Divorced,70,Third Party,Sport - Liability,Sport,30000 to 39000,836,8,700,3,none,15 to 30,2 to 4,7 years,16 to 17,Yes,No,Internal,none,under 6 months,2 vehicles,1995,Liability,0
Oct,3,Sunday,Mazda,Urban,Monday,Oct,5,Female,Married,74,Policy Holder,Sedan - Collision,Sedan,less than 20000,837,3,400,3,more than 30,8 to 15,none,new,26 to 30,Yes,Yes,Internal,1 to 2,1 year,more than 8,1995,All Perils,0
Mar,1,Monday,Chevrolet,Urban,Tuesday,Dec,1,Male,Married,35,Third Party,Sedan - Collision,Sport,40000 to 59000,838,14,400,1,none,none,1,new,36 to 40,Yes,No,Internal,more than 5,no change,more than 8,1996,All Perils,0
Jan,5,Tuesday,Pontiac,Urban,Sunday,Apr,4,Male,Widow,49,Third Party,Sedan - Liability,Utility,less than 20000,839,10,300,2,more than 30,more than 30,none,2 years,31 to 35,No,No,External,none,4 to 8 years,more than 8,1994,Collision,0
Nov,5,Friday,Chevrolet,Urban,Saturday,Jun,2,Female,Widow,57,Third Party,Sedan - Liability,Sport,30000 to 39000,840,9,700,2,none,15 to 30,2 to 4,3 years,16 to 17,Yes,No,Internal,3 to 5,1 year,more than 8,1995,Liability,0
Apr,3,Saturday,Mercedes,Rural,Monday,Jul,2,Female,Married,78,Policy Holder,Utility - All Perils,Sedan,less than 20000,841,6,500,1,more than 30,8 to 15,none,2 years,21 to 25,No,Yes,External,1 to 2,under 6 months,more than 8,1995,Liability,0
Aug,2,Sunday,Nissan,Urban,Wednesday,Aug,1,Male,Married,53,Third Party,Sport - Collision,Utility,20000 to 29000,842,13,500,2,more than 30,8 to 15,1,5 years,21 to 25,Yes,No,Internal,3 to 5,1 year,5 to 8,1995,Liability,1
Nov,1,Thursday,Toyota,Rural,Tuesday,Sep,2,Female,Single,25,Policy Holder,Sedan - All Perils,Sedan,less than 20000,843,4,700,1,1 to 7,none,more than 4,7 years,16 to 17,Yes,No,Internal,more than 5,no change,1 vehicle,1996,Collision,1
Jan,4,Monday,BMW,Urban,Wednesday,May,4,Male,Widow,76,Policy Holder,Sedan - Collision,Utility,more than 69000,844,12,500,2,1 to 7,8 to 15,2 to 4,5 years,41 to 50,No,Yes,External,more than 5,2 to 3 years,2 vehicles,1996,Collision,0
Jan,3,Sunday,Ford,Rural,Friday,Nov,3,Male,Single,50,Third Party,Sport - Collision,Utility,60000 to 69000,845,16,400,1,none,more than 30,1,6 years,26 to 30,No,No,Internal,1 to 2,1 year,5 to 8,1995,All Perils,0
Jan,4,Tuesday,Nissan,Rural,Thursday,Oct,1,Male,Married,29,Third Party,Sport - Collision,Sedan,more than 69000,846,5,700,1,15 to 30,15 to 30,2 to 4,more than 7,51 to 65,No,Yes,External,3 to 5,no change,2 vehicles,1994,All Perils,1
Feb,4,Monday,Ford,Urban,Thursday,Dec,2,Female,Married,29,Third Party,Sedan - Collision,Sedan,60000 to 69000,847,11,500,4,1 to 7,8 to 15,2 to 4,more than 7,51 to 65,No,Yes,External,none,1 year,2 vehicles,1996,Liability,0
Jan,1,Friday,Ford,Urban,Thursday,Jul,1,Male,Divorced,30,Third Party,Sedan - Liability,Sport,30000 to 39000,848,5,300,1,15 to 30,none,1,6 years,51 to 65,No,No,Internal,3 to 5,no change,1 vehicle,1996,Liability,0
Oct,1,Friday,BMW,Rural,Friday,Jan,3,Female,Married,63,Third Party,Sedan - All Perils,Utility,20000 to 29000,849,15,700,1,15 to 30,8 to 15,2 to 4,new,over 65,Yes,Yes,Internal,none,under 6 months,2 vehicles,1994,All Perils,0
Aug,4,Monday,Mercedes,Rural,Friday,Nov,5,Female,Single,77,Policy Holder,Sport - Collision,Sport,more than 69000,850,15,700,2,8 to 15,none,none,7 years,31 to 35,Yes,No,External,more than 5,4 to 8 years,2 vehicles,1995,Liability,0
Dec,1,Tuesday,Toyota,Urban,Monday,Jan,5,Male,Widow,45,Policy Holder,Sport - Liability,Sedan,more than 69000,851,6,300,1,1 to 7,8 to 15,1,7 years,21 to 25,No,Yes,Internal,1 to 2,2 to 3 years,more than 8,1996,Collision,0
Oct,5,Friday,Pontiac,Rural,Monday,Mar,5,Male,Single,24,Policy Holder,Sedan - All Perils,Utility,30000 to 39000,852,4,500,4,1 to 7,none,1,3 years,16 to 17,No,No,Internal,3 to 5,1 year,5 to 8,1995,Liability,0
Dec,1,Tuesday,Mazda,Rural,Wednesday,Apr,1,Male,Married,73,Third Party,Sedan - Liability,Sedan,20000 to 29000,853,2,700,4,8 to 15,more than 30,2 to 4,2 years,36 to 40,No,No,Internal,3 to 5,1 year,1 vehicle,1996,All Perils,0
Mar,4,Friday,Pontiac,Rural,Thursday,Mar,3,Male,Married,57,Third Party,Utility - All Perils,Utility,30000 to 39000,854,12,700,4,none,none,2 to 4,2 years,18 to 20,No,Yes,External,1 to 2,1 year,3 to 4,1994,Liability,1
Apr,5,Wednesday,Pontiac,Urban,Sunday,Sep,1,Female,Single,53,Third Party,Sedan - All Perils,Utility,30000 to 39000,855,15,300,4,8 to 15,none,more than 4,3 years,21 to 25,No,No,Internal,more than 5,no change,more than 8,1996,Liability,1
Nov,3,Friday,Nissan,Rural,Sunday,Jun,3,Female,Divorced,21,Third Party,Sport - Liability,Sport,more than 69000,856,3,700,1,15 to 30,15 to 30,1,6 years,21 to 25,Yes,Yes,Internal,none,under 6 months,3 to 4,1994,Liability,0
Mar,1,Thursday,Nissan,Rural,Friday,Mar,3,Male,Married,79,Third Party,Sedan - Liability,Sedan,less than 20000,857,14,300,3,8 to 15,8 to 15,none,more than 7,21 to 25,No,Yes,External,more than 5,4 to 8 years,more than 8,1994,Liability,1
Jan,5,Wednesday,Pontiac,Rural,Monday,Jan,4,Male,Widow,22,Policy Holder,Sedan - Liability,Utility,40000 to 59000,858,13,500,1,1 to 7,more than 30,none,2 years,26 to 30,Yes,Yes,External,3 to 5,4 to 8 years,1 vehicle,1996,Liability,0
Sep,1,Wednesday,BMW,Urban,Monday,Mar,2,Female,Divorced,56,Policy Holder,Sedan - Liability,Utility,60000 to 69000,859,8,500,2,more than 30,8 to 15,more than 4,4 years,21 to 25,No,No,Internal,1 to 2,no change,2 vehicles,1996,Collision,0
Oct,3,Friday,Nissan,Rural,Thursday,Sep,1,Female,Married,55,Policy Holder,Sport - Liability,Sport,60000 to 69000,860,4,300,2,8 to 15,15 to 30,1,7 years,31 to 35,Yes,No,External,none,4 to 8 years,more than 8,1995,All Perils,1
Dec,5,Thursday,Toyota,Urban,Friday,Oct,3,Male,Divorced,50,Policy Holder,Sedan - Collision,Sedan,20000 to 29000,861,11,500,3,15 to 30,more than 30,more than 4,new,over 65,No,Yes,External,none,no change,5 to 8,1994,Liability,0
Dec,4,Friday,BMW,Urban,Friday,Apr,3,Male,Married,52,Policy Holder,Sport - Liability,Sedan,30000 to 39000,862,10,400,2,none,more than 30,1,more than 7,36 to 40,No,Yes,Internal,3 to 5,1 year,2 vehicles,1996,All Perils,0
Feb,1,Friday,BMW,Urban,Monday,Jan,4,Female,Divorced,43,Third Party,Utility - All Perils,Sedan,30000 to 39000,863,13,700,2,more than 30,more than 30,1,new,41 to 50,Yes,No,External,3 to 5,4 to 8 years,more than 8,1994,Collision,0
Oct,5,Tuesday,Toyota,Urban,Sunday,Jul,1,Female,Married,54,Third Party,Sport - Collision,Sport,30000 to 39000,864,10,700,4,15 to 30,15 to 30,none,3 years,18 to 20,Yes,Yes,External,more than 5,under 6 months,2 vehicles,1995,All Perils,1
Nov,1,Sunday,Mercedes,Rural,Thursday,Oct,4,Female,Single,40,Policy Holder,Utility - All Perils,Sport,less than 20000,865,1,500,1,more than 30,more than 30,more than 4,new,18 to 20,Yes,No,External,more than 5,4 to 8 years,5 to 8,1994,Collision,0
Sep,4,Thursday,BMW,Rural,Friday,Jan,3,Male,Divorced,47,Third Party,Utility - All Perils,Sport,less than 20000,866,4,500,2,15 to 30,8 to 15,1,7 years,18 to 20,No,Yes,External,1 to 2,4 to 8 years,2 vehicles,1995,Liability,1
Oct,4,Saturday,Mazda,Urban,Monday,Oct,4,Male,Divorced,60,Third Party,Sport - Liability,Sport,less than 20000,867,7,300,2,8 to 15,more than 30,1,4 years,51 to 65,Yes,Yes,Internal,3 to 5,1 year,2 vehicles,1994,Collision,0
Nov,2,Sunday,Chevrolet,Urban,Saturday,Mar,5,Male,Divorced,64,Policy Holder,Sport - Liability,Sport,more than 69000,868,8,700,4,8 to 15,more than 30,2 to 4,4 years,18 to 20,Yes,No,External,more than 5,4 to 8 years,2 vehicles,1995,Liability,0
Jun,3,Sunday,Chevrolet,Urban,Thursday,Apr,2,Female,Single,27,Policy Holder,Sport - Collision,Sedan,30000 to 39000,869,6,500,3,15 to 30,8 to 15,2 to 4,5 years,over 65,No,No,External,3 to 5,no change,2 vehicles,1995,Liability,1
Jan,1,Friday,Nissan,Rural,Tuesday,Aug,4,Male,Divorced,80,Third Party,Sedan - Collision,Sport,20000 to 29000,870,15,400,1,8 to 15,none,2 to 4,3 years,41 to 50,Yes,No,External,3 to 5,1 year,3 to 4,1996,Collision,0
Jun,5,Saturday,Nissan,Urban,Wednesday,Jan,1,Female,Married,24,Third Party,Sedan - Liability,Utility,60000 to 69000,871,5,300,1,15 to 30,15 to 30,none,7 years,51 to 65,No,Yes,External,3 to 5,under 6 months,more than 8,1996,All Perils,0
Mar,2,Thursday,Mercedes,Urban,Wednesday,Apr,5,Female,Divorced,35,Policy Holder,Sedan - All Perils,Utility,30000 to 39000,872,11,500,4,1 to 7,none,more than 4,4 years,21 to 25,No,No,Internal,more than 5,2 to 3 years,5 to 8,1996,Collision,0
Feb,2,Saturday,Pontiac,Rural,Monday,Feb,3,Male,Divorced,39,Policy Holder,Sedan - All Perils,Utility,30000 to 39000,873,6,700,4,15 to 30,none,none,7 years,18 to 20,No,Yes,External,1 to 2,under 6 months,1 vehicle,1995,Collision,0
Feb,3,Wednesday,Honda,Rural,Sunday,Mar,4,Male,Single,38,Policy Holder,Sedan - All Perils,Utility,less than 20000,874,16,700,4,1 to 7,more than 30,none,6 years,18 to 20,No,Yes,Internal,none,1 year,3 to 4,1994,Collision,0
Sep,4,Friday,Nissan,Urban,Saturday,Oct,4,Male,Married,40,Policy Holder,Sedan - Liability,Sedan,30000 to 39000,875,15,300,1,8 to 15,15 to 30,none,6 years,51 to 65,Yes,No,Internal,more than 5,2 to 3 years,3 to 4,1995,Liability,0
Jul,3,Monday,Toyota,Urban,Sunday,Mar,4,Female,Married,38,Policy Holder,Sport - Collision,Sedan,40000 to 59000,876,13,700,3,none,15 to 30,1,more than 7,26 to 30,No,No,Internal,1 to 2,under 6 months,1 vehicle,1995,Liability,0
Jul,3,Sunday,Toyota,Urban,Wednesday,Jan,2,Female,Married,45,Third Party,Sedan - All Perils,Sport,40000 to 59000,877,13,300,3,more than 30,more than 30,1,5 years,26 to 30,No,Yes,External,none,4 to 8 years,2 vehicles,1995,All Perils,1
Sep,3,Tuesday,Honda,Rural,Thursday,Mar,4,Female,Widow,66,Third Party,Utility - All Perils,Sport,30000 to 39000,878,11,400,4,15 to 30,more than 30,none,3 years,21 to 25,No,Yes,Internal,3 to 5,2 to 3 years,more than 8,1996,All Perils,0
Jul,5,Friday,Nissan,Rural,Thursday,Feb,3,Female,Married,70,Third Party,Utility - All Perils,Utility,40000 to 59000,879,10,400,2,1 to 7,more than 30,2 to 4,6 years,26 to 30,Yes,No,External,more than 5,under 6 months,2 vehicles,1996,Collision,0
Aug,2,Monday,Chevrolet,Urban,Thursday,Aug,4,Male,Widow,39,Third Party,Sport - Collision,Utility,60000 to 69000,880,10,300,2,none,none,2 to 4,6 years,26 to 30,Yes,Yes,Internal,more than 5,2 to 3 years,5 to 8,1994,Collision,0
Feb,5,Tuesday,Ford,Urban,Friday,Dec,4,Male,Widow,34,Policy Holder,Utility - All Perils,Utility,more than 69000,881,1,300,3,more than 30,8 to 15,more than 4,4 years,41 to 50,No,No,Internal,1 to 2,under 6 months,1 vehicle,1996,Collision,1
Nov,4,Sunday,Honda,Urban,Thursday,Mar,3,Male,Single,60,Policy Holder,Sedan - Collision,Sedan,40000 to 59000,882,15,700,1,none,more than 30,none,3 years,51 to 65,No,Yes,External,more than 5,1 year,more than 8,1994,Collision,0
Jun,5,Saturday,Mazda,Urban,Saturday,Sep,1,Female,Single,21,Policy Holder,Utility - All Perils,Utility,20000 to 29000,883,16,500,3,8 to 15,none,none,more than 7,31 to 35,Yes,No,External,none,2 to 3 years,more than 8,1995,All Perils,0
Feb,5,Tuesday,BMW,Rural,Monday,May,2,Male,Widow,46,Third Party,Utility - All Perils,Utility,less than 20000,884,9,700,2,none,none,none,3 years,26 to 30,No,No,Internal,more than 5,4 to 8 years,1 vehicle,1996,Collision,1
Oct,4,Monday,Nissan,Urban,Tuesday,Jan,5,Male,Single,31,Policy Holder,Sedan - Liability,Utility,less than 20000,885,14,500,1,15 to 30,15 to 30,1,new,31 to 35,No,Yes,External,none,under 6 months,5 to 8,1996,All Perils,0
Sep,2,Saturday,Chevrolet,Rural,Sunday,Sep,3,Female,Single,56,Third Party,Sport - Liability,Sport,less than 20000,886,7,400,4,1 to 7,8 to 15,2 to 4,6 years,18 to 20,Yes,No,Internal,none,1 year,more than 8,1995,Liability,0
Jan,4,Sunday,Pontiac,Urban,Sunday,Mar,4,Male,Widow,22,Policy Holder,Sedan - All Perils,Sedan,40000 to 59000,887,2,300,2,8 to 15,none,none,new,16 to 17,Yes,No,External,1 to 2,1 year,more than 8,1994,Collision,0
Mar,4,Tuesday,Mercedes,Rural,Saturday,Jul,2,Female,Married,70,Third Party,Sedan - Collision,Sedan,20000 to 29000,888,14,500,4,8 to 15,more than 30,1,7 years,21 to 25,Yes,Yes,External,1 to 2,4 to 8 years,5 to 8,1996,Liability,1
Jan,2,Friday,Nissan,Urban,Wednesday,Jul,4,Female,Single,35,Third Party,Sedan - All Perils,Utility,20000 to 29000,889,9,700,2,1 to 7,8 to 15,2 to 4,7 years,16 to 17,No,Yes,Internal,none,4 to 8 years,5 to 8,1996,Liability,0
Apr,4,Tuesday,Ford,Rural,Thursday,Aug,3,Female,Married,50,Third Party,Utility - All Perils,Utility,60000 to 69000,890,16,300,2,15 to 30,8 to 15,2 to 4,6 years,16 to 17,Yes,Yes,Internal,3 to 5,under 6 months,3 to 4,1995,All Perils,0
Feb,2,Saturday,Nissan,Urban,Monday,Feb,2,Female,Widow,54,Policy Holder,Utility - All Perils,Utility,20000 to 29000,891,4,400,2,8 to 15,15 to 30,2 to 4,2 years,21 to 25,No,Yes,Internal,none,no change,1 vehicle,1994,Liability,0
Sep,3,Wednesday,Chevrolet,Urban,Tuesday,Apr,1,Male,Divorced,47,Third Party,Sedan - All Perils,Sport,60000 to 69000,892,8,400,3,8 to 15,15 to 30,2 to 4,more than 7,over 65,Yes,Yes,Internal,none,4 to 8 years,1 vehicle,1995,Collision,1
Jul,4,Monday,Nissan,Urban,Saturday,Sep,2,Female,Divorced,46,Third Party,Sedan - All Perils,Sport,less than 20000,893,11,700,1,1 to 7,8 to 15,more than 4,new,18 to 20,No,No,Internal,none,no change,2 vehicles,1996,Liability,1
Dec,1,Wednesday,Toyota,Rural,Wednesday,Dec,3,Female,Widow,34,Policy Holder,Sport - Collision,Sedan,30000 to 39000,894,3,300,1,8 to 15,more than 30,more than 4,new,41 to 50,No,No,External,more than 5,under 6 months,2 vehicles,1995,Liability,0
Sep,2,Thursday,Honda,Urban,Thursday,Jan,2,Female,Divorced,66,Policy Holder,Sport - Liability,Sport,less than 20000,895,16,300,1,1 to 7,8 to 15,more than 4,3 years,18 to 20,Yes,No,External,none,no change,more than 8,1994,All Perils,1
Aug,4,Saturday,Mercedes,Urban,Monday,May,2,Male,Widow,50,Policy Holder,Sedan - All Perils,Sedan,40000 to 59000,896,10,300,1,8 to 15,more than 30,1,5 years,31 to 35,No,Yes,Internal,3 to 5,no change,more than 8,1995,Liability,0
Jul,3,Monday,BMW,Rural,Thursday,Nov,2,Male,Married,31,Policy Holder,Sedan - All Perils,Utility,less than 20000,897,3,300,2,15 to 30,more than 30,1,6 years,36 to 40,Yes,Yes,Internal,3 to 5,no change,2 vehicles,1995,Collision,0
Jan,5,Sunday,Toyota,Rural,Saturday,Apr,2,Male,Divorced,34,Third Party,Utility - All Perils,Utility,20000 to 29000,898,12,700,3,8 to 15,none,1,3 years,36 to 40,Yes,No,External,more than 5,2 to 3 years,2 vehicles,1996,Liability,0
Jan,1,Friday,Nissan,Rural,Friday,Jun,4,Female,Married,45,Policy Holder,Sedan - All Perils,Sedan,60000 to 69000,899,15,400,4,none,more than 30,1,more than 7,51 to 65,No,No,External,1 to 2,1 year,5 to 8,1996,All Perils,0
Aug,4,Sunday,Honda,Urban,Thursday,Nov,3,Male,Divorced,71,Third Party,Sedan - Collision,Utility,more than 69000,900,6,400,2,more than 30,none,2 to 4,7 years,21 to 25,Yes,Yes,External,more than 5,no change,5 to 8,1996,All Perils,0
Jan,5,Sunday,BMW,Urban,Sunday,Dec,3,Female,Divorced,78,Third Party,Sedan - Collision,Utility,40000 to 59000,901,10,400,2,15 to 30,8 to 15,2 to 4,2 years,41 to 50,No,No,Internal,1 to 2,2 to 3 years,more than 8,1995,Collision,0
Jan,5,Tuesday,Toyota,Urban,Tuesday,Aug,1,Male,Married,42,Third Party,Sedan - Collision,Sport,more than 69000,902,12,700,1,more than 30,more than 30,none,new,26 to 30,No,No,External,none,no change,5 to 8,1996,All Perils,1
Mar,1,Monday,Honda,Urban,Wednesday,Sep,3,Female,Widow,42,Third Party,Sport - Collision,Sport,60000 to 69000,903,3,500,1,none,none,more than 4,6 years,31 to 35,No,No,Internal,more than 5,1 year,5 to 8,1994,Collision,0
Nov,5,Saturday,Mercedes,Rural,Friday,Aug,5,Female,Divorced,26,Third Party,Sport - Collision,Sedan,60000 to 69000,904,9,400,4,more than 30,15 to 30,none,2 years,21 to 25,Yes,No,Internal,1 to 2,2 to 3 years,5 to 8,1994,Collision,1
Jun,2,Tuesday,Mercedes,Rural,Thursday,Apr,4,Male,Divorced,52,Third Party,Sedan - Liability,Utility,more than 69000,905,9,700,3,8 to 15,more than 30,1,3 years,over 65,Yes,No,External,none,1 year,more than 8,1996,All Perils,0
Sep,2,Tuesday,Honda,Rural,Sunday,Nov,3,Female,Single,33,Third Party,Utility - All Perils,Sedan,less than 20000,906,5,300,3,more than 30,8 to 15,1,7 years,51 to 65,Yes,Yes,External,3 to 5,under 6 months,2 vehicles,1996,All Perils,0
May,2,Thursday,Honda,Rural,Monday,Jan,2,Male,Divorced,69,Policy Holder,Sedan - Collision,Utility,20000 to 29000,907,5,500,2,15 to 30,none,1,2 years,31 to 35,Yes,No,External,1 to 2,4 to 8 years,2 vehicles,1996,Collision,0
Mar,4,Sunday,Pontiac,Urban,Monday,Jan,2,Male,Widow,51,Third Party,Sedan - Liability,Sport,30000 to 39000,908,11,400,3,more than 30,none,none,3 years,41 to 50,No,No,External,more than 5,4 to 8 years,more than 8,1996,Collision,0
May,4,Saturday,Honda,Rural,Wednesday,Aug,1,Male,Single,31,Policy Holder,Sport - Liability,Utility,40000 to 59000,909,13,400,4,none,15 to 30,2 to 4,more than 7,over 65,Yes,Yes,Internal,none,4 to 8 years,1 vehicle,1996,Collision,0
Feb,3,Thursday,BMW,Rural,Thursday,Nov,1,Male,Single,75,Third Party,Sedan - Collision,Sport,more than 69000,910,7,300,1,8 to 15,none,none,6 years,21 to 25,Yes,Yes,External,3 to 5,no change,2 vehicles,1994,All Perils,0
Oct,1,Tuesday,Nissan,Rural,Sunday,Oct,4,Female,Widow,69,Policy Holder,Sport - Liability,Utility,less than 20000,911,3,300,2,15 to 30,none,2 to 4,5 years,21 to 25,No,Yes,Internal,more than 5,under 6 months,1 vehicle,1996,Collision,0
Mar,5,Wednesday,BMW,Rural,Thursday,Sep,5,Female,Married,36,Policy Holder,Utility - All Perils,Sport,20000 to 29000,912,13,500,1,8 to 15,more than 30,2 to 4,more than 7,41 to 50,No,No,External,none,under 6 months,more than 8,1995,Collision,0
May,2,Friday,Ford,Urban,Thursday,May,5,Female,Single,25,Third Party,Sport - Liability,Sport,20000 to 29000,913,3,700,1,more than 30,15 to 30,more than 4,7 years,21 to 25,No,No,External,3 to 5,no change,more than 8,1995,All Perils,1
Dec,1,Tuesday,Toyota,Urban,Tuesday,May,4,Female,Widow,34,Third Party,Sport - Liability,Sport,60000 to 69000,914,1,700,3,15 to 30,8 to 15,more than 4,4 years,16 to 17,Yes,Yes,Internal,3 to 5,under 6 months,3 to 4,1994,All Perils,1
Aug,3,Thursday,BMW,Urban,Thursday,Jun,5,Male,Widow,41,Policy Holder,Sedan - All Perils,Utility,more than 69000,915,6,300,3,none,none,more than 4,6 years,36 to 40,Yes,No,External,more than 5,under 6 months,1 vehicle,1995,Collision,1
Jun,3,Monday,Honda,Rural,Thursday,Apr,3,Male,Single,43,Third Party,Sedan - All Perils,Sport,more than 69000,916,14,700,4,none,more than 30,none,5 years,18 to 20,No,No,External,1 to 2,1 year,2 vehicles,1994,All Perils,1
Jul,4,Wednesday,Chevrolet,Urban,Friday,Jun,2,Female,Married,69,Policy Holder,Sport - Collision,Sport,60000 to 69000,917,13,300,1,15 to 30,15 to 30,more than 4,3 years,36 to 40,No,No,External,1 to 2,2 to 3 years,3 to 4,1995,All Perils,0
Oct,5,Tuesday,Chevrolet,Urban,Friday,Feb,2,Male,Married,78,Policy Holder,Sedan - All Perils,Sport,60000 to 69000,918,5,700,1,1 to 7,none,2 to 4,more than 7,16 to 17,Yes,No,External,1 to 2,1 year,2 vehicles,1996,Collision,0
Apr,1,Friday,BMW,Urban,Thursday,Apr,2,Female,Divorced,65,Third Party,Utility - All Perils,Sport,30000 to 39000,919,9,500,3,1 to 7,more than 30,none,5 years,31 to 35,Yes,Yes,Internal,1 to 2,2 to 3 years,5 to 8,1994,Liability,0
Aug,2,Sunday,Toyota,Urban,Tuesday,Dec,4,Female,Widow,71,Policy Holder,Sedan - All Perils,Sport,40000 to 59000,920,16,700,4,more than 30,none,more than 4,6 years,21 to 25,Yes,No,External,more than 5,under 6 months,5 to 8,1996,Liability,0
Nov,3,Tuesday,BMW,Rural,Tuesday,Sep,1,Female,Single,25,Policy Holder,Sedan - All Perils,Sport,20000 to 29000,921,12,300,4,none,15 to 30,more than 4,4 years,31 to 35,Yes,No,External,3 to 5,1 year,3 to 4,1995,Liability,0
Jul,4,Saturday,BMW,Rural,Tuesday,Feb,5,Female,Widow,27,Third Party,Sport - Liability,Sedan,40000 to 59000,922,13,700,4,8 to 15,15 to 30,1,2 years,21 to 25,No,Yes,External,none,under 6 months,5 to 8,1994,Liability,0
Jun,4,Friday,Ford,Rural,Friday,Apr,4,Female,Divorced,75,Third Party,Sedan - Collision,Utility,20000 to 29000,923,2,400,4,1 to 7,8 to 15,more than 4,new,21 to 25,Yes,Yes,External,more than 5,no change,1 vehicle,1995,Liability,1
Feb,2,Sunday,Mazda,Urban,Saturday,Apr,2,Female,Single,56,Third Party,Sport - Collision,Sport,more than 69000,924,4,500,4,none,more than 30,2 to 4,7 years,over 65,Yes,Yes,External,none,no change,1 vehicle,1994,Liability,0
Mar,4,Sunday,Honda,Urban,Sunday,Apr,4,Male,Divorced,32,Third Party,Sport - Liability,Utility,30000 to 39000,925,2,500,2,1 to 7,15 to 30,1,5 years,over 65,No,Yes,Internal,more than 5,no change,2 vehicles,1996,All Perils,0
Dec,5,Monday,Chevrolet,Urban,Wednesday,Sep,1,Male,Single,67,Policy Holder,Sport - Liability,Sport,30000 to 39000,926,16,500,3,8 to 15,8 to 15,none,5 years,21 to 25,No,No,Internal,1 to 2,2 to 3 years,1 vehicle,1994,Liability,0
Jul,3,Saturday,Ford,Rural,Monday,Nov,3,Female,Widow,29,Third Party,Sedan - Collision,Sport,30000 to 39000,927,6,500,3,8 to 15,none,2 to 4,new,36 to 40,Yes,No,External,3 to 5,no change,1 vehicle,1994,Collision,0
Apr,5,Friday,Toyota,Rural,Friday,Sep,1,Female,Married,66,Policy Holder,Sedan - Liability,Sport,more than 69000,928,8,400,2,none,8 to 15,more than 4,7 years,26 to 30,No,No,External,more than 5,1 year,5 to 8,1996,Collision,0
Jun,4,Monday,Pontiac,Urban,Monday,Jun,1,Female,Widow,73,Third Party,Sedan - Collision,Utility,more than 69000,929,9,400,4,15 to 30,8 to 15,none,3 years,18 to 20,Yes,No,External,more than 5,no change,1 vehicle,1995,Collision,1
Jul,2,Tuesday,Pontiac,Urban,Friday,Feb,1,Male,Divorced,48,Policy Holder,Sport - Liability,Sedan,30000 to 39000,930,9,300,4,1 to 7,15 to 30,none,5 years,16 to 17,No,No,External,none,under 6 months,2 vehicles,1995,Collision,0
Jul,2,Sunday,Honda,Urban,Wednesday,Feb,4,Female,Divorced,59,Policy Holder,Sedan - Collision,Sport,more than 69000,931,1,500,3,8 to 15,8 to 15,none,3 years,over 65,No,No,External,1 to 2,under 6 months,5 to 8,1996,Collision,0
Sep,4,Thursday,Toyota,Rural,Saturday,Oct,4,Female,Divorced,64,Policy Holder,Sedan - Liability,Sedan,60000 to 69000,932,15,500,2,8 to 15,none,1,2 years,16 to 17,Yes,Yes,External,none,under 6 months,2 vehicles,1995,Liability,0
Apr,2,Wednesday,Honda,Urban,Friday,Sep,5,Male,Divorced,73,Third Party,Sport - Collision,Utility,more than 69000,933,7,500,4,8 to 15,15 to 30,1,2 years,31 to 35,Yes,Yes,External,3 to 5,1 year,2 vehicles,1996,Liability,0
Aug,2,Wednesday,BMW,Rural,Saturday,Jul,5,Male,Married,54,Third Party,Utility - All Perils,Sport,more than 69000,934,15,500,1,8 to 15,8 to 15,more than 4,7 years,18 to 20,Yes,Yes,Internal,1 to 2,4 to 8 years,5 to 8,1995,All Perils,0
Jun,2,Saturday,Mazda,Urban,Wednesday,Jul,5,Female,Married,36,Policy Holder,Sedan - Collision,Utility,20000 to 29000,935,13,400,1,1 to 7,8 to 15,more than 4,new,41 to 50,No,Yes,Internal,more than 5,2 to 3 years,1 vehicle,1994,All Perils,0
Dec,4,Tuesday,Honda,Urban,Saturday,Nov,5,Male,Widow,30,Third Party,Sedan - Liability,Sedan,40000 to 59000,936,12,300,2,8 to 15,15 to 30,2 to 4,new,18 to 20,No,Yes,External,3 to 5,under 6 months,2 vehicles,1996,Liability,0
Feb,2,Tuesday,Toyota,Rural,Thursday,Oct,1,Male,Single,40,Third Party,Sedan - Liability,Sedan,20000 to 29000,937,12,700,1,8 to 15,more than 30,none,3 years,36 to 40,Yes,Yes,External,1 to 2,4 to 8 years,3 to 4,1996,Collision,0
Feb,4,Friday,Nissan,Rural,Friday,Feb,4,Male,Widow,21,Third Party,Sedan - Liability,Sport,20000 to 29000,938,16,700,2,none,none,none,more than 7,26 to 30,Yes,No,Internal,none,4 to 8 years,1 vehicle,1994,Liability,0
Jun,5,Sunday,Ford,Rural,Wednesday,May,4,Female,Widow,62,Third Party,Sedan - Collision,Sedan,30000 to 39000,939,5,700,2,15 to 30,more than 30,none,6 years,31 to 35,Yes,Yes,Internal,1 to 2,2 to 3 years,5 to 8,1995,Collision,0
Jul,5,Tuesday,BMW,Urban,Thursday,Jan,1,Male,Divorced,41,Policy Holder,Sedan - Collision,Sport,less than 20000,940,6,300,3,8 to 15,15 to 30,more than 4,7 years,18 to 20,Yes,No,Internal,more than 5,under 6 months,3 to 4,1994,Liability,0
Sep,5,Tuesday,Chevrolet,Urban,Saturday,May,1,Female,Single,62,Policy Holder,Sport - Collision,Sedan,20000 to 29000,941,11,500,2,1 to 7,15 to 30,none,2 years,18 to 20,No,Yes,External,none,no change,2 vehicles,1994,All Perils,0
May,1,Thursday,Toyota,Rural,Wednesday,Aug,5,Male,Single,21,Policy Holder,Sedan - Collision,Sedan,60000 to 69000,942,4,500,4,none,none,more than 4,more than 7,18 to 20,No,No,External,more than 5,4 to 8 years,3 to 4,1995,All Perils,1
Nov,3,Tuesday,Ford,Rural,Monday,Mar,5,Male,Single,38,Third Party,Sport - Collision,Sedan,less than 20000,943,13,300,2,1 to 7,15 to 30,2 to 4,new,36 to 40,No,No,Internal,3 to 5,4 to 8 years,1 vehicle,1995,Liability,1
Jun,2,Friday,Honda,Urban,Wednesday,Feb,2,Female,Widow,42,Policy Holder,Sedan - All Perils,Sport,40000 to 59000,944,1,700,2,8 to 15,15 to 30,1,new,36 to 40,Yes,Yes,External,3 to 5,1 year,5 to 8,1996,Collision,0
Feb,5,Tuesday,BMW,Rural,Wednesday,Jun,1,Male,Widow,23,Policy Holder,Sport - Collision,Utility,60000 to 69000,945,15,700,3,more than 30,15 to 30,more than 4,4 years,over 65,Yes,No,External,1 to 2,1 year,3 to 4,1994,Liability,0
Feb,4,Monday,Mazda,Rural,Wednesday,Jul,2,Female,Widow,70,Third Party,Sport - Collision,Sport,20000 to 29000,946,6,400,2,15 to 30,more than 30,none,4 years,over 65,No,Yes,Internal,none,1 year,1 vehicle,1996,Liability,1
Dec,2,Tuesday,Chevrolet,Rural,Monday,Sep,1,Female,Single,55,Policy Holder,Sport - Collision,Sedan,30000 to 39000,947,1,500,3,8 to 15,more than 30,1,3 years,41 to 50,Yes,Yes,External,none,4 to 8 years,5 to 8,1995,All Perils,0
Feb,3,Sunday,Toyota,Urban,Monday,Jan,4,Female,Married,71,Third Party,Utility - All Perils,Sedan,more than 69000,948,10,700,4,none,more than 30,1,2 years,16 to 17,Yes,No,External,3 to 5,under 6 months,3 to 4,1996,Liability,0
Dec,4,Sunday,Mercedes,Rural,Wednesday,Mar,2,Male,Married,68,Policy Holder,Sedan - Collision,Utility,more than 69000,949,5,700,2,1 to 7,8 to 15,none,3 years,41 to 50,No,No,Internal,1 to 2,2 to 3 years,1 vehicle,1996,Liability,0
Apr,3,Thursday,Toyota,Rural,Wednesday,Oct,1,Male,Single,20,Policy Holder,Sport - Collision,Utility,more than 69000,950,5,700,1,more than 30,15 to 30,more than 4,3 years,41 to 50,Yes,Yes,Internal,none,4 to 8 years,2 vehicles,1996,Collision,0
Feb,3,Wednesday,Pontiac,Urban,Monday,Sep,5,Female,Divorced,72,Third Party,Sedan - All Perils,Sport,40000 to 59000,951,8,700,1,none,none,2 to 4,5 years,41 to 50,Yes,Yes,External,more than 5,under 6 months,5 to 8,1996,Liability,0
Apr,1,Saturday,Mercedes,Urban,Wednesday,Nov,5,Male,Single,22,Third Party,Sport - Collision,Sport,more than 69000,952,10,500,1,15 to 30,15 to 30,none,3 years,36 to 40,Yes,Yes,Internal,1 to 2,under 6 months,3 to 4,1994,All Perils,0
Aug,3,Tuesday,BMW,Rural,Wednesday,Oct,5,Male,Widow,72,Third Party,Sedan - Liability,Sport,30000 to 39000,953,3,700,2,8 to 15,none,none,2 years,41 to 50,Yes,Yes,External,1 to 2,no change,2 vehicles,1995,Collision,0
Jun,2,Friday,Pontiac,Urban,Monday,Nov,5,Male,Married,60,Policy Holder,Sedan - Collision,Utility,40000 to 59000,954,1,700,4,1 to 7,8 to 15,1,5 years,36 to 40,No,No,External,more than 5,2 to 3 years,1 vehicle,1996,Collision,0
Oct,5,Friday,Mercedes,Urban,Tuesday,Jul,1,Male,Divorced,69,Third Party,Utility - All Perils,Utility,60000 to 69000,955,8,300,2,more than 30,15 to 30,more than 4,5 years,36 to 40,Yes,Yes,Internal,none,under 6 months,1 vehicle,1996,Liability,1
Aug,5,Friday,Toyota,Urban,Tuesday,Dec,4,Male,Widow,49,Policy Holder,Sport - Liability,Sedan,more than 69000,956,6,500,4,1 to 7,8 to 15,none,4 years,41 to 50,No,No,Internal,none,no change,2 vehicles,1996,Collision,0
May,4,Tuesday,Nissan,Rural,Tuesday,May,4,Female,Married,28,Third Party,Sedan - All Perils,Sport,30000 to 39000,957,10,400,4,15 to 30,more than 30,2 to 4,new,16 to 17,Yes,No,External,1 to 2,1 year,2 vehicles,1995,Liability,1
Aug,1,Saturday,Pontiac,Rural,Saturday,Nov,4,Male,Widow,27,Third Party,Sedan - Liability,Utility,more than 69000,958,12,400,3,none,none,none,more than 7,31 to 35,Yes,Yes,External,none,1 year,5 to 8,1994,Collision,1
Dec,5,Friday,Mazda,Rural,Monday,May,2,Female,Single,25,Policy Holder,Sport - Collision,Sport,40000 to 59000,959,10,300,4,more than 30,more than 30,1,5 years,18 to 20,Yes,No,Internal,1 to 2,no change,3 to 4,1995,Liability,0
May,2,Sunday,Ford,Rural,Friday,Jun,2,Female,Single,68,Policy Holder,Sedan - Collision,Utility,less than 20000,960,2,500,2,none,15 to 30,2 to 4,3 years,over 65,Yes,Yes,External,none,2 to 3 years,1 vehicle,1995,Liability,0
Feb,3,Tuesday,BMW,Rural,Friday,Sep,5,Male,Married,51,Third Party,Sedan - Collision,Utility,40000 to 59000,961,16,700,4,1 to 7,8 to 15,none,6 years,over 65,Yes,No,External,3 to 5,1 year,5 to 8,1996,Collision,0
May,5,Friday,Nissan,Urban,Saturday,May,1,Female,Divorced,31,Third Party,Sedan - Liability,Sedan,more than 69000,962,12,400,3,more than 30,none,1,4 years,18 to 20,Yes,No,Internal,none,1 year,more than 8,1994,Collision,0
Nov,5,Saturday,BMW,Urban,Thursday,Feb,4,Male,Divorced,25,Third Party,Sedan - Collision,Sport,30000 to 39000,963,1,500,1,15 to 30,none,1,2 years,over 65,No,Yes,External,none,under 6 months,more than 8,1995,Collision,1
Mar,1,Tuesday,Honda,Urban,Thursday,Nov,4,Male,Married,22,Policy Holder,Sedan - Collision,Sport,40000 to 59000,964,13,400,4,15 to 30,8 to 15,none,6 years,31 to 35,Yes,No,Internal,1 to 2,2 to 3 years,more than 8,1996,Collision,0
Dec,2,Saturday,Chevrolet,Urban,Saturday,Jun,4,Male,Married,34,Policy Holder,Sedan - Liability,Sedan,more than 69000,965,15,500,4,1 to 7,15 to 30,none,new,41 to 50,No,Yes,Internal,3 to 5,2 to 3 years,3 to 4,1996,Collision,0
Aug,4,Monday,BMW,Urban,Saturday,Dec,3,Female,Divorced,65,Third Party,Sport - Collision,Sport,more than 69000,966,10,300,4,15 to 30,15 to 30,none,3 years,36 to 40,Yes,No,External,1 to 2,2 to 3 years,2 vehicles,1994,All Perils,0
Aug,3,Saturday,Mazda,Rural,Tuesday,May,4,Female,Widow,74,Third Party,Utility - All Perils,Sedan,30000 to 39000,967,14,700,2,more than 30,8 to 15,2 to 4,6 years,18 to 20,No,Yes,External,more than 5,under 6 months,1 vehicle,1994,Liability,1
Apr,2,Friday,BMW,Urban,Saturday,Dec,5,Female,Single,56,Policy Holder,Sedan - Liability,Sport,60000 to 69000,968,15,400,1,15 to 30,15 to 30,none,6 years,over 65,No,Yes,Internal,more than 5,1 year,5 to 8,1995,Liability,0
Dec,3,Tuesday,BMW,Urban,Thursday,Aug,4,Female,Single,80,Policy Holder,Sedan - Liability,Sport,40000 to 59000,969,16,500,3,1 to 7,15 to 30,2 to 4,more than 7,36 to 40,No,Yes,External,1 to 2,under 6 months,3 to 4,1995,All Perils,0
Jan,5,Monday,Honda,Rural,Monday,Oct,1,Male,Divorced,42,Policy Holder,Sedan - Liability,Sport,40000 to 59000,970,16,700,4,more than 30,8 to 15,none,6 years,31 to 35,No,No,External,none,under 6 months,5 to 8,1996,Liability,0
Apr,2,Saturday,Pontiac,Urban,Friday,Oct,2,Female,Divorced,38,Policy Holder,Sport - Collision,Sport,60000 to 69000,971,4,300,4,none,8 to 15,none,2 years,36 to 40,Yes,Yes,External,more than 5,4 to 8 years,2 vehicles,1996,Collision,0
Jun,4,Tuesday,Toyota,Rural,Sunday,Mar,2,Female,Divorced,61,Policy Holder,Sport - Liability,Utility,20000 to 29000,972,1,700,3,more than 30,8 to 15,none,6 years,over 65,No,No,Internal,1 to 2,under 6 months,1 vehicle,1995,Collision,0
Jun,4,Thursday,Chevrolet,Rural,Monday,Oct,2,Male,Single,26,Third Party,Sedan - Collision,Utility,20000 to 29000,973,11,500,4,none,15 to 30,1,7 years,36 to 40,No,Yes,Internal,3 to 5,under 6 months,5 to 8,1996,Collision,1
Jun,5,Monday,Mazda,Rural,Monday,Dec,2,Male,Divorced,75,Third Party,Sedan - Liability,Utility,less than 20000,974,11,700,1,none,15 to 30,2 to 4,6 years,36 to 40,No,No,External,more than 5,2 to 3 years,2 vehicles,1994,All Perils,0
Feb,2,Sunday,Mercedes,Rural,Sunday,Aug,2,Male,Single,67,Third Party,Sedan - Liability,Sedan,more than 69000,975,10,500,3,none,none,1,6 years,51 to 65,Yes,Yes,Internal,3 to 5,2 to 3 years,3 to 4,1995,Collision,0
Mar,2,Thursday,Mercedes,Urban,Friday,Dec,4,Male,Divorced,20,Third Party,Sport - Collision,Utility,20000 to 29000,976,4,300,1,none,more than 30,none,7 years,41 to 50,Yes,Yes,External,3 to 5,under 6 months,more than 8,1994,Collision,0
Feb,3,Sunday,Chevrolet,Rural,Tuesday,Nov,1,Male,Divorced,29,Policy Holder,Sedan - All Perils,Utility,60000 to 69000,977,16,500,3,15 to 30,none,none,5 years,18 to 20,No,Yes,Internal,1 to 2,no change,2 vehicles,1995,Liability,0
Jul,3,Tuesday,Chevrolet,Urban,Saturday,Aug,4,Female,Married,57,Third Party,Sedan - All Perils,Utility,60000 to 69000,978,7,500,1,1 to 7,15 to 30,1,more than 7,51 to 65,No,No,Internal,more than 5,2 to 3 years,1 vehicle,1996,All Perils,1
May,3,Tuesday,Pontiac,Rural,Wednesday,Jun,4,Male,Single,64,Third Party,Sedan - Collision,Utility,60000 to 69000,979,12,700,3,none,none,1,6 years,over 65,Yes,No,Internal,none,4 to 8 years,5 to 8,1996,Liability,0
Jul,4,Friday,Pontiac,Rural,Wednesday,Nov,5,Female,Widow,31,Policy Holder,Utility - All Perils,Utility,more than 69000,980,10,500,4,1 to 7,8 to 15,2 to 4,new,41 to 50,No,No,Internal,1 to 2,no change,3 to 4,1996,All Perils,0
Aug,4,Friday,Pontiac,Rural,Wednesday,Mar,1,Female,Single,65,Policy Holder,Sedan - All Perils,Utility,more than 69000,981,15,400,1,more than 30,15 to 30,1,2 years,18 to 20,Yes,No,Internal,1 to 2,under 6 months,2 vehicles,1995,Collision,0
Sep,2,Saturday,Mercedes,Urban,Friday,Jul,2,Male,Widow,47,Policy Holder,Sport - Liability,Utility,less than 20000,982,12,300,2,8 to 15,more than 30,2 to 4,4 years,31 to 35,No,No,External,none,4 to 8 years,3 to 4,1996,All Perils,0
Jul,4,Sunday,Nissan,Rural,Monday,Oct,5,Female,Married,60,Policy Holder,Sport - Liability,Sport,more than 69000,983,11,400,1,15 to 30,15 to 30,1,4 years,16 to 17,No,No,Internal,1 to 2,2 to 3 years,more than 8,1995,All Perils,0
Aug,2,Saturday,Mercedes,Rural,Wednesday,Dec,3,Male,Married,44,Policy Holder,Sedan - Liability,Sport,20000 to 29000,984,14,500,3,1 to 7,none,2 to 4,7 years,41 to 50,Yes,Yes,Internal,none,2 to 3 years,1 vehicle,1994,Collision,0
Aug,3,Monday,Toyota,Rural,Wednesday,Apr,3,Male,Divorced,46,Third Party,Sedan - Collision,Sport,40000 to 59000,985,1,400,4,8 to 15,more than 30,none,6 years,over 65,No,Yes,Internal,none,under 6 months,5 to 8,1994,Collision,1
Aug,1,Wednesday,Chevrolet,Urban,Monday,Feb,1,Female,Divorced,42,Third Party,Utility - All Perils,Utility,60000 to 69000,986,12,400,1,15 to 30,8 to 15,more than 4,new,16 to 17,No,Yes,External,more than 5,1 year,3 to 4,1996,All Perils,1
Aug,2,Sunday,Chevrolet,Rural,Saturday,May,4,Female,Married,27,Third Party,Utility - All Perils,Sport,less than 20000,987,10,300,3,15 to 30,8 to 15,more than 4,4 years,16 to 17,Yes,Yes,External,3 to 5,no change,more than 8,1994,All Perils,0
Apr,5,Thursday,Chevrolet,Urban,Monday,Nov,2,Male,Married,29,Policy Holder,Sedan - All Perils,Sport,20000 to 29000,988,13,700,4,none,none,1,5 years,over 65,No,Yes,Internal,more than 5,4 to 8 years,more than 8,1995,All Perils,0
Mar,3,Sunday,Chevrolet,Urban,Sunday,Jul,5,Female,Divorced,28,Third Party,Sedan - Liability,Utility,more than 69000,989,4,700,1,15 to 30,15 to 30,none,more than 7,51 to 65,No,Yes,External,none,1 year,1 vehicle,1995,All Perils,0
Oct,4,Thursday,BMW,Rural,Monday,Jan,2,Female,Married,68,Policy Holder,Sedan - Collision,Sedan,less than 20000,990,10,400,2,15 to 30,8 to 15,none,6 years,51 to 65,Yes,No,Internal,1 to 2,2 to 3 years,1 vehicle,1995,Collision,0
May,1,Monday,Mazda,Urban,Wednesday,Feb,1,Female,Single,44,Policy Holder,Utility - All Perils,Utility,20000 to 29000,991,5,300,1,none,none,more than 4,2 years,18 to 20,Yes,No,External,3 to 5,4 to 8 years,1 vehicle,1996,Liability,0
Jul,4,Thursday,Ford,Urban,Monday,May,3,Female,Divorced,41,Third Party,Sport - Liability,Sport,less than 20000,992,2,700,4,1 to 7,15 to 30,none,2 years,36 to 40,No,No,Internal,1 to 2,no change,1 vehicle,1994,Collision,1
Mar,2,Saturday,Chevrolet,Rural,Wednesday,May,3,Male,Divorced,71,Third Party,Sedan - Liability,Utility,20000 to 29000,993,10,700,3,15 to 30,none,none,3 years,51 to 65,No,No,Internal,none,4 to 8 years,2 vehicles,1994,Collision,1
Jun,4,Friday,Mercedes,Rural,Friday,Feb,3,Male,Married,73,Third Party,Sport - Liability,Sedan,40000 to 59000,994,1,700,3,none,15 to 30,none,4 years,16 to 17,Yes,No,External,1 to 2,under 6 months,2 vehicles,1994,Liability,0
Jul,5,Monday,Ford,Urban,Monday,Jun,5,Male,Single,32,Policy Holder,Sedan - Liability,Sedan,more than 69000,995,2,500,4,15 to 30,15 to 30,1,new,21 to 25,No,No,External,none,under 6 months,more than 8,1994,Collision,0
Aug,3,Tuesday,Honda,Urban,Thursday,Jun,2,Female,Single,40,Policy Holder,Sedan - Collision,Utility,40000 to 59000,996,9,500,4,more than 30,more than 30,more than 4,7 years,21 to 25,No,Yes,Internal,none,1 year,5 to 8,1994,Collision,1
Jul,1,Saturday,Nissan,Urban,Saturday,Mar,2,Female,Widow,43,Policy Holder,Sedan - All Perils,Utility,20000 to 29000,997,15,500,2,8 to 15,15 to 30,none,new,31 to 35,Yes,No,Internal,3 to 5,under 6 months,2 vehicles,1994,All Perils,0
May,3,Sunday,Toyota,Urban,Thursday,Mar,4,Female,Married,70,Policy Holder,Sedan - All Perils,Sport,more than 69000,998,12,300,3,8 to 15,15 to 30,2 to 4,new,21 to 25,Yes,Yes,Internal,none,under 6 months,3 to 4,1995,All Perils,0
Dec,1,Saturday,Pontiac,Rural,Monday,Aug,1,Female,Widow,60,Policy Holder,Sport - Liability,Sport,30000 to 39000,999,1,500,2,none,none,2 to 4,2 years,26 to 30,No,No,External,1 to 2,2 to 3 years,2 vehicles,1994,Liability,0
Jul,3,Monday,Mercedes,Urban,Friday,Dec,5,Female,Divorced,52,Policy Holder,Sedan - Liability,Sport,20000 to 29000,1000,2,400,3,15 to 30,none,more than 4,2 years,21 to 25,No,No,External,more than 5,under 6 months,3 to 4,1995,All Perils,0
Oct,1,Friday,Ford,Rural,Tuesday,Dec,2,Male,Single,32,Policy Holder,Utility - All Perils,Sport,40000 to 59000,1001,7,700,4,more than 30,15 to 30,2 to 4,5 years,16 to 17,No,No,Internal,more than 5,2 to 3 years,2 vehicles,1996,Collision,0
Sep,4,Saturday,Mazda,Urban,Monday,Jul,2,Male,Divorced,42,Third Party,Sport - Collision,Sedan,less than 20000,1002,7,700,4,more than 30,15 to 30,more than 4,7 years,41 to 50,No,Yes,Internal,none,under 6 months,5 to 8,1995,Collision,1
Jul,2,Friday,Ford,Rural,Thursday,Jan,1,Female,Single,19,Policy Holder,Sedan - Collision,Sport,30000 to 39000,1003,1,300,4,8 to 15,15 to 30,2 to 4,more than 7,36 to 40,No,No,External,1 to 2,under 6 months,2 vehicles,1994,Liability,0
Nov,2,Friday,Toyota,Rural,Tuesday,Nov,2,Male,Single,62,Policy Holder,Utility - All Perils,Sport,60000 to 69000,1004,5,300,2,none,15 to 30,more than 4,7 years,51 to 65,No,No,External,1 to 2,no change,more than 8,1995,All Perils,1
Feb,1,Thursday,Toyota,Rural,Monday,Dec,3,Female,Widow,75,Third Party,Sedan - All Perils,Sedan,40000 to 59000,1005,3,400,4,1 to 7,more than 30,1,6 years,36 to 40,No,Yes,Internal,3 to 5,4 to 8 years,more than 8,1995,Collision,0
Dec,5,Tuesday,Toyota,Urban,Saturday,Apr,4,Male,Widow,67,Third Party,Sedan - All Perils,Sport,more than 69000,1006,10,300,4,1 to 7,15 to 30,1,5 years,41 to 50,Yes,Yes,External,3 to 5,no change,1 vehicle,1995,Liability,0
Nov,5,Tuesday,Chevrolet,Urban,Friday,May,5,Female,Divorced,37,Third Party,Sedan - Liability,Utility,60000 to 69000,1007,11,300,3,none,none,2 to 4,3 years,26 to 30,No,No,Internal,none,1 year,3 to 4,1996,All Perils,1
Jul,5,Saturday,Chevrolet,Rural,Sunday,Jan,4,Female,Widow,48,Policy Holder,Utility - All Perils,Utility,30000 to 39000,1008,7,700,1,none,8 to 15,more than 4,4 years,26 to 30,Yes,No,Internal,1 to 2,under 6 months,more than 8,1995,All Perils,0
Sep,1,Monday,Honda,Urban,Thursday,Oct,2,Female,Married,78,Policy Holder,Utility - All Perils,Sport,60000 to 69000,1009,10,500,1,8 to 15,8 to 15,none,7 years,26 to 30,No,Yes,Internal,1 to 2,4 to 8 years,more than 8,1996,Liability,0
Jul,2,Monday,Mercedes,Rural,Thursday,Oct,5,Female,Widow,44,Third Party,Sedan - Collision,Sport,more than 69000,1010,4,700,3,none,15 to 30,1,new,over 65,No,No,External,more than 5,no change,2 vehicles,1995,Collision,1
Apr,5,Wednesday,BMW,Rural,Saturday,Jan,1,Female,Divorced,70,Third Party,Utility - All Perils,Sedan,40000 to 59000,1011,14,500,4,none,15 to 30,more than 4,7 years,31 to 35,Yes,No,External,1 to 2,1 year,3 to 4,1995,All Perils,0
Oct,3,Saturday,Honda,Urban,Monday,Sep,2,Female,Widow,54,Third Party,Sport - Liability,Sport,60000 to 69000,1012,1,500,4,more than 30,15 to 30,none,7 years,51 to 65,Yes,No,Internal,none,1 year,1 vehicle,1994,Collision,0
Mar,1,Friday,Mercedes,Urban,Wednesday,May,2,Male,Married,49,Third Party,Sedan - All Perils,Sport,40000 to 59000,1013,9,500,1,15 to 30,15 to 30,1,new,21 to 25,No,No,External,3 to 5,4 to 8 years,2 vehicles,1996,Collision,1
Apr,1,Friday,Honda,Urban,Saturday,Jul,3,Female,Divorced,54,Policy Holder,Utility - All Perils,Sedan,more than 69000,1014,6,300,4,more than 30,8 to 15,2 to 4,2 years,41 to 50,No,No,External,more than 5,no change,2 vehicles,1994,Collision,0
Jul,2,Thursday,Pontiac,Urban,Wednesday,Mar,2,Female,Married,32,Third Party,Sport - Collision,Sedan,20000 to 29000,1015,8,300,4,1 to 7,none,none,3 years,21 to 25,No,No,External,more than 5,4 to 8 years,2 vehicles,1996,Liability,1
Nov,5,Monday,Chevrolet,Urban,Sunday,Oct,5,Male,Married,44,Policy Holder,Sport - Liability,Sport,30000 to 39000,1016,9,400,2,1 to 7,more than 30,more than 4,more than 7,26 to 30,Yes,No,External,none,no change,2 vehicles,1995,All Perils,0
May,1,Wednesday,Chevrolet,Rural,Tuesday,May,2,Male,Married,37,Third Party,Sedan - Collision,Utility,20000 to 29000,1017,11,400,2,15 to 30,8 to 15,1,4 years,51 to 65,Yes,No,Internal,3 to 5,under 6 months,5 to 8,1995,Collision,0
Jun,5,Monday,Nissan,Rural,Wednesday,Nov,2,Male,Married,65,Policy Holder,Sedan - Liability,Sport,less than 20000,1018,15,700,2,15 to 30,none,more than 4,7 years,41 to 50,Yes,Yes,Internal,none,4 to 8 years,more than 8,1995,Liability,0
Jan,4,Saturday,Nissan,Urban,Sunday,Feb,4,Female,Single,56,Third Party,Sport - Collision,Utility,40000 to 59000,1019,9,400,3,1 to 7,more than 30,1,5 years,31 to 35,No,No,External,none,under 6 months,3 to 4,1994,Collision,0
Feb,5,Saturday,Ford,Rural,Tuesday,Aug,3,Female,Widow,43,Third Party,Sedan - Collision,Utility,less than 20000,1020,4,400,4,more than 30,none,1,new,26 to 30,No,Yes,Internal,3 to 5,1 year,3 to 4,1995,Collision,0
Jan,5,Tuesday,Pontiac,Urban,Sunday,Apr,3,Male,Widow,69,Third Party,Utility - All Perils,Utility,20000 to 29000,1021,9,500,1,15 to 30,8 to 15,more than 4,6 years,51 to 65,No,Yes,External,more than 5,under 6 months,5 to 8,1994,All Perils,1
Jan,2,Wednesday,Nissan,Urban,Monday,Dec,5,Female,Married,46,Third Party,Sedan - Liability,Utility,60000 to 69000,1022,9,300,2,1 to 7,15 to 30,more than 4,6 years,18 to 20,No,Yes,Internal,more than 5,4 to 8 years,5 to 8,1995,All Perils,1
Nov,5,Wednesday,BMW,Rural,Tuesday,Jul,3,Male,Divorced,78,Policy Holder,Sport - Liability,Sport,20000 to 29000,1023,14,700,1,none,8 to 15,2 to 4,7 years,51 to 65,No,No,External,3 to 5,no change,3 to 4,1994,Liability,0
Nov,1,Sunday,Mercedes,Rural,Friday,Sep,1,Female,Married,56,Third Party,Sport - Collision,Utility,more than 69000,1024,10,300,4,none,more than 30,1,more than 7,36 to 40,Yes,No,External,1 to 2,4 to 8 years,1 vehicle,1994,Liability,1
Oct,2,Thursday,Mazda,Urban,Friday,Feb,4,Male,Married,73,Policy Holder,Utility - All Perils,Sedan,less than 20000,1025,14,700,2,more than 30,8 to 15,more than 4,5 years,21 to 25,No,No,External,3 to 5,under 6 months,3 to 4,1996,Liability,0
Jan,2,Saturday,Ford,Urban,Sunday,Sep,4,Male,Single,80,Policy Holder,Utility - All Perils,Sedan,30000 to 39000,1026,11,500,2,more than 30,15 to 30,2 to 4,more than 7,41 to 50,Yes,Yes,External,1 to 2,1 year,1 vehicle,1994,Collision,1
Jan,1,Thursday,Chevrolet,Rural,Sunday,Feb,2,Male,Divorced,38,Third Party,Utility - All Perils,Sport,less than 20000,1027,10,700,1,8 to 15,8 to 15,more than 4,2 years,over 65,Yes,No,External,none,under 6 months,5 to 8,1995,Collision,0
Apr,1,Friday,Mercedes,Urban,Friday,May,5,Male,Single,34,Policy Holder,Sedan - All Perils,Sedan,less than 20000,1028,6,400,1,15 to 30,8 to 15,1,5 years,26 to 30,Yes,Yes,Internal,1 to 2,2 to 3 years,more than 8,1995,Collision,0
Jul,1,Thursday,Nissan,Urban,Friday,Mar,2,Male,Single,70,Policy Holder,Sport - Liability,Utility,60000 to 69000,1029,5,700,2,more than 30,8 to 15,none,5 years,26 to 30,Yes,Yes,Internal,none,2 to 3 years,5 to 8,1995,Liability,0
May,1,Tuesday,BMW,Urban,Wednesday,Jan,1,Female,Divorced,32,Third Party,Sedan - Liability,Utility,less than 20000,1030,2,700,4,none,more than 30,none,2 years,over 65,No,Yes,Internal,none,no change,more than 8,1995,All Perils,0
Jun,2,Sunday,BMW,Urban,Saturday,Aug,1,Male,Widow,65,Third Party,Sedan - All Perils,Sedan,more than 69000,1031,9,400,2,more than 30,more than 30,2 to 4,5 years,26 to 30,No,Yes,External,3 to 5,under 6 months,3 to 4,1995,Collision,0
Mar,1,Friday,Chevrolet,Rural,Friday,Mar,4,Male,Single,29,Third Party,Sedan - Collision,Utility,40000 to 59000,1032,15,400,2,8 to 15,8 to 15,1,6 years,51 to 65,Yes,Yes,Internal,more than 5,2 to 3 years,3 to 4,1995,All Perils,0
Sep,1,Saturday,Ford,Rural,Monday,Jul,2,Female,Married,72,Third Party,Sedan - Collision,Sedan,30000 to 39000,1033,1,300,3,8 to 15,8 to 15,more than 4,4 years,over 65,Yes,Yes,Internal,3 to 5,1 year,3 to 4,1995,Liability,0
Apr,5,Sunday,Mazda,Urban,Saturday,Oct,3,Male,Widow,61,Third Party,Sport - Collision,Sedan,more than 69000,1034,16,300,2,none,8 to 15,more than 4,6 years,36 to 40,No,Yes,Internal,more than 5,1 year,2 vehicles,1994,Liability,1
Jan,1,Tuesday,Chevrolet,Urban,Wednesday,Mar,4,Male,Single,50,Policy Holder,Sedan - Liability,Utility,30000 to 39000,1035,14,500,3,15 to 30,15 to 30,none,6 years,16 to 17,Yes,Yes,Internal,1 to 2,under 6 months,more than 8,1996,Collision,0
Sep,1,Monday,Mercedes,Urban,Thursday,Sep,5,Female,Divorced,46,Third Party,Sport - Collision,Utility,30000 to 39000,1036,8,700,2,15 to 30,15 to 30,more than 4,5 years,16 to 17,Yes,Yes,External,3 to 5,2 to 3 years,1 vehicle,1996,All Perils,0
Nov,1,Friday,Chevrolet,Urban,Thursday,Apr,3,Male,Widow,58,Policy Holder,Sedan - All Perils,Utility,30000 to 39000,1037,6,500,2,none,15 to 30,2 to 4,4 years,21 to 25,No,Yes,External,none,4 to 8 years,more than 8,1995,Liability,0
Jan,1,Wednesday,Mercedes,Urban,Saturday,Apr,5,Female,Single,42,Third Party,Sedan - Collision,Sport,40000 to 59000,1038,10,700,4,15 to 30,8 to 15,1,3 years,16 to 17,Yes,No,External,1 to 2,no change,more than 8,1995,Collision,0
Jun,3,Thursday,Honda,Rural,Tuesday,Jul,2,Male,Widow,43,Policy Holder,Sport - Collision,Sport,more than 69000,1039,14,700,4,none,8 to 15,none,6 years,41 to 50,No,Yes,Internal,none,2 to 3 years,more than 8,1996,Collision,0
Oct,5,Tuesday,BMW,Rural,Wednesday,Aug,5,Female,Single,30,Third Party,Sport - Liability,Sedan,40000 to 59000,1040,1,500,3,1 to 7,15 to 30,none,more than 7,36 to 40,Yes,Yes,External,3 to 5,4 to 8 years,1 vehicle,1995,Collision,0
Sep,4,Wednesday,Chevrolet,Rural,Monday,Aug,2,Male,Widow,27,Third Party,Sport - Collision,Utility,20000 to 29000,1041,8,500,2,15 to 30,more than 30,1,4 years,31 to 35,Yes,No,External,1 to 2,under 6 months,more than 8,1996,Collision,1
Nov,3,Wednesday,Nissan,Urban,Wednesday,Mar,1,Female,Married,74,Third Party,Sedan - Liability,Utility,more than 69000,1042,1,700,4,15 to 30,more than 30,none,5 years,51 to 65,Yes,No,External,3 to 5,1 year,2 vehicles,1995,Liability,0
May,1,Wednesday,Chevrolet,Urban,Monday,Jul,4,Female,Single,65,Third Party,Sport - Collision,Sport,40000 to 59000,1043,11,700,2,none,none,none,more than 7,18 to 20,No,Yes,Internal,more than 5,1 year,2 vehicles,1995,Liability,1
May,4,Saturday,Chevrolet,Urban,Friday,Apr,4,Female,Widow,45,Third Party,Sport - Collision,Utility,60000 to 69000,1044,2,300,2,8 to 15,none,more than 4,3 years,31 to 35,Yes,Yes,External,none,2 to 3 years,5 to 8,1995,Liability,1
Sep,1,Friday,Toyota,Urban,Sunday,Apr,5,Male,Married,70,Third Party,Sport - Liability,Sport,30000 to 39000,1045,6,500,3,1 to 7,15 to 30,1,7 years,26 to 30,Yes,Yes,External,1 to 2,2 to 3 years,2 vehicles,1994,Liability,0
Feb,4,Thursday,Mercedes,Urban,Thursday,Dec,5,Male,Married,56,Third Party,Sedan - All Perils,Utility,20000 to 29000,1046,12,400,2,15 to 30,none,2 to 4,3 years,16 to 17,No,Yes,Internal,1 to 2,4 to 8 years,more than 8,1996,Collision,0
Mar,3,Monday,BMW,Urban,Sunday,Feb,1,Female,Divorced,55,Policy Holder,Sedan - Liability,Sport,more than 69000,1047,13,700,4,more than 30,15 to 30,1,3 years,31 to 35,Yes,Yes,External,3 to 5,1 year,3 to 4,1996,Collision,0
Aug,5,Thursday,Mercedes,Rural,Sunday,May,4,Male,Widow,25,Third Party,Sedan - Liability,Sedan,60000 to 69000,1048,4,300,1,15 to 30,8 to 15,2 to 4,3 years,18 to 20,Yes,Yes,Internal,3 to 5,4 to 8 years,1 vehicle,1994,Liability,1
Sep,2,Tuesday,Honda,Urban,Monday,Jun,4,Male,Married,51,Policy Holder,Sedan - Collision,Sport,20000 to 29000,1049,9,700,1,15 to 30,none,1,new,16 to 17,No,Yes,External,3 to 5,1 year,2 vehicles,1994,All Perils,0
Feb,4,Wednesday,Toyota,Urban,Thursday,Mar,4,Female,Single,24,Policy Holder,Sport - Collision,Sport,more than 69000,1050,3,400,2,8 to 15,15 to 30,none,4 years,18 to 20,No,No,External,more than 5,under 6 months,5 to 8,1994,All Perils,1
Jul,3,Wednesday,Mercedes,Rural,Thursday,Oct,1,Male,Widow,61,Third Party,Sport - Liability,Sedan,less than 20000,1051,10,700,4,8 to 15,15 to 30,2 to 4,3 years,18 to 20,Yes,Yes,Internal,1 to 2,2 to 3 years,3 to 4,1994,Collision,0
May,3,Monday,Honda,Rural,Wednesday,Jun,1,Male,Single,22,Third Party,Sport - Liability,Utility,more than 69000,1052,1,700,1,1 to 7,15 to 30,none,2 years,36 to 40,No,Yes,Internal,1 to 2,1 year,2 vehicles,1994,Liability,0
Jul,5,Wednesday,Chevrolet,Rural,Saturday,Sep,4,Female,Divorced,50,Third Party,Sedan - Collision,Sedan,40000 to 59000,1053,14,400,4,more than 30,more than 30,2 to 4,7 years,51 to 65,Yes,Yes,External,1 to 2,2 to 3 years,2 vehicles,1995,Liability,1
Dec,4,Tuesday,Mazda,Urban,Wednesday,May,5,Female,Single,41,Third Party,Sedan - All Perils,Utility,40000 to 59000,1054,1,700,1,1 to 7,more than 30,more than 4,5 years,31 to 35,No,Yes,External,more than 5,2 to 3 years,5 to 8,1996,All Perils,1
Jan,3,Saturday,Nissan,Urban,Monday,Nov,1,Female,Widow,26,Third Party,Sedan - Liability,Utility,less than 20000,1055,10,300,3,more than 30,8 to 15,2 to 4,2 years,36 to 40,No,Yes,External,1 to 2,no change,2 vehicles,1996,Liability,0
Dec,3,Sunday,Mercedes,Urban,Thursday,Sep,1,Female,Married,47,Policy Holder,Sport - Liability,Sport,20000 to 29000,1056,7,300,2,15 to 30,15 to 30,2 to 4,2 years,16 to 17,No,Yes,Internal,more than 5,1 year,1 vehicle,1996,All Perils,0
Jun,4,Monday,Nissan,Urban,Tuesday,Apr,3,Male,Widow,30,Third Party,Sedan - All Perils,Sport,60000 to 69000,1057,4,500,1,more than 30,more than 30,more than 4,7 years,51 to 65,Yes,No,External,none,no change,3 to 4,1994,Collision,1
Oct,2,Friday,Ford,Rural,Wednesday,Dec,2,Male,Married,33,Third Party,Sport - Collision,Sport,40000 to 59000,1058,9,400,3,15 to 30,more than 30,none,3 years,31 to 35,No,Yes,Internal,more than 5,1 year,more than 8,1996,Collision,0
Jun,1,Friday,Pontiac,Rural,Thursday,Nov,5,Female,Single,74,Third Party,Sedan - All Perils,Utility,less than 20000,1059,3,300,1,1 to 7,15 to 30,more than 4,4 years,26 to 30,No,No,External,1 to 2,2 to 3 years,2 vehicles,1996,All Perils,0
Apr,3,Wednesday,BMW,Rural,Saturday,Aug,5,Female,Divorced,40,Policy Holder,Sedan - Collision,Sedan,40000 to 59000,1060,10,700,2,1 to 7,none,none,new,51 to 65,Yes,No,Internal,more than 5,2 to 3 years,5 to 8,1995,All Perils,0
Oct,1,Thursday,Nissan,Rural,Tuesday,Jan,3,Male,Divorced,43,Third Party,Sedan - Collision,Sport,60000 to 69000,1061,11,300,3,none,8 to 15,none,7 years,21 to 25,Yes,Yes,External,1 to 2,no change,3 to 4,1996,Liability,1
Sep,1,Saturday,Honda,Urban,Wednesday,Aug,5,Female,Single,18,Policy Holder,Utility - All Perils,Sport,20000 to 29000,1062,8,500,3,more than 30,none,none,3 years,26 to 30,No,Yes,Internal,none,4 to 8 years,more than 8,1994,All Perils,0
Feb,3,Wednesday,Nissan,Urban,Monday,Sep,2,Female,Single,36,Policy Holder,Sedan - Liability,Sedan,60000 to 69000,1063,6,400,1,none,none,2 to 4,6 years,over 65,No,No,Internal,1 to 2,2 to 3 years,5 to 8,1995,Liability,0
Sep,4,Monday,Mazda,Rural,Wednesday,May,5,Male,Widow,40,Policy Holder,Utility - All Perils,Utility,more than 69000,1064,8,400,2,more than 30,8 to 15,none,4 years,18 to 20,No,Yes,Internal,1 to 2,under 6 months,3 to 4,1996,All Perils,0
Oct,4,Wednesday,Toyota,Rural,Friday,Feb,3,Female,Divorced,63,Third Party,Sedan - Liability,Sport,30000 to 39000,1065,16,300,3,15 to 30,8 to 15,1,7 years,31 to 35,Yes,No,Internal,none,1 year,2 vehicles,1995,Collision,0
May,2,Tuesday,Pontiac,Rural,Friday,Jul,3,Male,Widow,25,Third Party,Sedan - Liability,Sedan,20000 to 29000,1066,13,400,3,none,more than 30,none,4 years,36 to 40,No,Yes,External,more than 5,no change,more than 8,1994,Collision,1
Dec,3,Wednesday,Mercedes,Rural,Wednesday,Oct,1,Male,Single,76,Policy Holder,Utility - All Perils,Sedan,more than 69000,1067,1,500,3,more than 30,8 to 15,none,more than 7,41 to 50,Yes,No,Internal,1 to 2,under 6 months,1 vehicle,1994,All Perils,0
Aug,1,Tuesday,Toyota,Urban,Monday,Apr,1,Female,Widow,26,Third Party,Utility - All Perils,Sedan,more than 69000,1068,5,400,4,none,none,2 to 4,6 years,over 65,Yes,Yes,Internal,more than 5,2 to 3 years,3 to 4,1994,Collision,1
May,4,Tuesday,Honda,Urban,Friday,Jun,1,Male,Married,59,Third Party,Utility - All Perils,Sport,30000 to 39000,1069,1,500,1,none,none,none,4 years,26 to 30,Yes,Yes,External,more than 5,4 to 8 years,2 vehicles,1996,Liability,0
Jan,2,Sunday,Nissan,Rural,Friday,Jan,3,Male,Widow,18,Third Party,Sport - Liability,Sport,30000 to 39000,1070,4,400,4,8 to 15,none,1,4 years,18 to 20,Yes,Yes,Internal,none,1 year,3 to 4,1996,All Perils,0
Sep,4,Monday,Nissan,Urban,Monday,Sep,1,Female,Married,69,Third Party,Sedan - All Perils,Sport,more than 69000,1071,13,700,4,none,8 to 15,none,5 years,26 to 30,No,No,Internal,1 to 2,under 6 months,more than 8,1995,Liability,1
Mar,5,Friday,Toyota,Rural,Thursday,Nov,1,Male,Single,61,Policy Holder,Sedan - Liability,Sport,less than 20000,1072,14,400,4,none,8 to 15,1,6 years,18 to 20,Yes,No,External,3 to 5,4 to 8 years,1 vehicle,1994,All Perils,0
Oct,4,Saturday,Nissan,Urban,Monday,Oct,4,Male,Single,70,Policy Holder,Sport - Collision,Sport,20000 to 29000,1073,8,400,4,15 to 30,8 to 15,more than 4,6 years,41 to 50,No,No,External,more than 5,1 year,1 vehicle,1994,Collision,1
Jul,2,Friday,Nissan,Urban,Thursday,Jun,5,Female,Widow,76,Third Party,Sport - Collision,Sport,40000 to 59000,1074,12,500,1,more than 30,8 to 15,2 to 4,new,36 to 40,Yes,No,Internal,more than 5,2 to 3 years,more than 8,1996,Collision,1
Jun,5,Sunday,Nissan,Urban,Friday,Jan,1,Male,Widow,70,Policy Holder,Sport - Liability,Sedan,40000 to 59000,1075,6,500,3,none,8 to 15,none,3 years,41 to 50,No,Yes,Internal,none,2 to 3 years,5 to 8,1995,Liability,0
Feb,4,Monday,Toyota,Rural,Saturday,Jun,3,Female,Married,57,Policy Holder,Sedan - Liability,Sedan,40000 to 59000,1076,8,400,2,15 to 30,15 to 30,1,4 years,26 to 30,Yes,No,External,none,under 6 months,3 to 4,1996,Collision,0
Sep,4,Wednesday,Pontiac,Urban,Friday,Dec,5,Male,Single,70,Policy Holder,Sedan - Liability,Utility,30000 to 39000,1077,14,700,4,15 to 30,none,2 to 4,5 years,over 65,Yes,Yes,Internal,none,no change,2 vehicles,1995,Liability,0
Feb,5,Tuesday,Nissan,Urban,Saturday,Feb,3,Female,Divorced,24,Policy Holder,Sport - Collision,Utility,more than 69000,1078,5,500,4,none,more than 30,1,new,over 65,No,Yes,Internal,1 to 2,2 to 3 years,5 to 8,1996,Liability,0
Jun,5,Friday,Nissan,Rural,Tuesday,Mar,1,Male,Single,58,Policy Holder,Utility - All Perils,Sedan,40000 to 59000,1079,6,400,1,none,8 to 15,1,2 years,over 65,No,Yes,Internal,3 to 5,4 to 8 years,2 vehicles,1995,Collision,0
Nov,1,Friday,Pontiac,Urban,Saturday,Nov,1,Female,Single,80,Policy Holder,Utility - All Perils,Sedan,40000 to 59000,1080,3,300,4,8 to 15,none,more than 4,4 years,41 to 50,Yes,Yes,External,1 to 2,4 to 8 years,5 to 8,1996,All Perils,0
Dec,5,Sunday,Toyota,Urban,Wednesday,Jul,5,Female,Married,41,Policy Holder,Sport - Collision,Sport,more than 69000,1081,4,400,3,15 to 30,none,more than 4,4 years,18 to 20,Yes,Yes,External,3 to 5,4 to 8 years,3 to 4,1996,Collision,0
Dec,4,Wednesday,Honda,Rural,Wednesday,Mar,3,Female,Widow,79,Third Party,Sedan - All Perils,Sport,less than 20000,1082,1,300,3,1 to 7,15 to 30,none,5 years,18 to 20,No,Yes,Internal,1 to 2,under 6 months,5 to 8,1995,All Perils,0
Dec,2,Tuesday,Ford,Rural,Saturday,Jan,1,Male,Divorced,49,Policy Holder,Sedan - All Perils,Sport,60000 to 69000,1083,14,300,2,8 to 15,15 to 30,2 to 4,new,over 65,No,Yes,External,3 to 5,4 to 8 years,5 to 8,1996,Liability,0
Jul,2,Sunday,Honda,Rural,Wednesday,May,5,Male,Widow,47,Policy Holder,Sport - Collision,Sport,more than 69000,1084,14,400,2,8 to 15,none,more than 4,7 years,51 to 65,No,No,External,3 to 5,no change,3 to 4,1995,Liability,0
Mar,4,Friday,Toyota,Urban,Monday,Aug,5,Female,Divorced,36,Policy Holder,Sport - Collision,Sedan,40000 to 59000,1085,7,400,4,15 to 30,8 to 15,more than 4,3 years,51 to 65,Yes,Yes,Internal,1 to 2,under 6 months,1 vehicle,1995,Liability,0
Nov,2,Saturday,Honda,Rural,Saturday,Nov,4,Male,Widow,24,Third Party,Sedan - Collision,Sport,40000 to 59000,1086,10,700,4,1 to 7,none,1,5 years,36 to 40,Yes,Yes,External,none,2 to 3 years,5 to 8,1996,Liability,0
Oct,3,Thursday,BMW,Urban,Friday,Nov,1,Female,Divorced,73,Policy Holder,Sedan - All Perils,Utility,30000 to 39000,1087,4,500,3,15 to 30,more than 30,2 to 4,more than 7,51 to 65,No,Yes,External,none,under 6 months,5 to 8,1995,Collision,0
Dec,4,Thursday,Pontiac,Rural,Friday,Jun,1,Female,Single,63,Third Party,Sport - Collision,Sport,20000 to 29000,1088,1,700,4,more than 30,8 to 15,none,4 years,31 to 35,No,Yes,External,more than 5,no change,3 to 4,1996,All Perils,1
Aug,4,Wednesday,Chevrolet,Urban,Tuesday,Jun,2,Female,Single,43,Policy Holder,Utility - All Perils,Utility,40000 to 59000,1089,9,500,1,8 to 15,more than 30,1,3 years,18 to 20,No,Yes,External,3 to 5,no change,3 to 4,1994,Collision,0
Feb,5,Saturday,Mercedes,Rural,Friday,Dec,1,Male,Widow,78,Policy Holder,Sport - Liability,Utility,more than 69000,1090,3,300,2,15 to 30,15 to 30,none,3 years,21 to 25,Yes,No,Internal,none,4 to 8 years,5 to 8,1996,Liability,0
Jul,1,Tuesday,Mazda,Rural,Tuesday,Oct,3,Female,Divorced,29,Policy Holder,Sport - Liability,Utility,30000 to 39000,1091,14,700,3,none,more than 30,2 to 4,6 years,51 to 65,Yes,Yes,External,1 to 2,1 year,2 vehicles,1996,Collision,0
Jun,2,Sunday,Mazda,Urban,Thursday,Mar,2,Female,Widow,67,Third Party,Sedan - Collision,Sport,less than 20000,1092,5,400,1,more than 30,15 to 30,2 to 4,more than 7,36 to 40,No,Yes,Internal,more than 5,no change,3 to 4,1996,All Perils,1
Nov,5,Tuesday,Toyota,Urban,Thursday,Sep,4,Male,Married,46,Policy Holder,Sedan - All Perils,Sport,30000 to 39000,1093,12,400,2,1 to 7,none,1,5 years,over 65,No,No,Internal,more than 5,2 to 3 years,1 vehicle,1996,All Perils,0
May,3,Thursday,Chevrolet,Rural,Saturday,Sep,1,Female,Married,57,Policy Holder,Sport - Collision,Sport,less than 20000,1094,5,500,4,none,15 to 30,1,2 years,over 65,Yes,Yes,External,none,under 6 months,5 to 8,1996,Collision,0
Apr,2,Wednesday,Toyota,Rural,Sunday,Mar,4,Male,Single,20,Policy Holder,Utility - All Perils,Sedan,more than 69000,1095,3,300,3,8 to 15,8 to 15,none,more than 7,41 to 50,Yes,No,Internal,more than 5,under 6 months,1 vehicle,1996,Collision,0
Jan,2,Friday,Pontiac,Rural,Tuesday,Dec,5,Male,Married,56,Policy Holder,Sedan - All Perils,Sport,40000 to 59000,1096,9,400,3,1 to 7,more than 30,more than 4,new,16 to 17,No,Yes,External,more than 5,4 to 8 years,more than 8,1996,Collision,1
Nov,2,Friday,Nissan,Rural,Monday,Apr,1,Male,Widow,60,Third Party,Utility - All Perils,Sedan,20000 to 29000,1097,3,500,1,8 to 15,8 to 15,more than 4,4 years,18 to 20,Yes,Yes,External,none,1 year,5 to 8,1996,Liability,0
Oct,3,Sunday,Chevrolet,Rural,Thursday,Jul,4,Female,Single,79,Policy Holder,Sport - Liability,Sport,40000 to 59000,1098,7,500,1,more than 30,none,none,2 years,26 to 30,Yes,Yes,Internal,1 to 2,no change,3 to 4,1994,Liability,0
Jan,2,Saturday,Ford,Urban,Sunday,Jun,3,Female,Married,39,Policy Holder,Sport - Collision,Sedan,40000 to 59000,1099,5,500,2,8 to 15,none,1,new,16 to 17,Yes,No,External,none,4 to 8 years,3 to 4,1994,All Perils,0
Jun,4,Tuesday,BMW,Urban,Tuesday,Sep,1,Female,Married,22,Third Party,Sport - Liability,Sport,40000 to 59000,1100,15,700,2,1 to 7,15 to 30,2 to 4,more than 7,over 65,Yes,No,Internal,3 to 5,no change,1 vehicle,1996,Liability,1
Jun,3,Tuesday,Mercedes,Rural,Thursday,Nov,2,Female,Married,21,Policy Holder,Sport - Liability,Utility,40000 to 59000,1101,9,700,1,more than 30,none,1,new,21 to 25,No,No,External,more than 5,2 to 3 years,5 to 8,1994,All Perils,1
Jun,4,Sunday,Chevrolet,Urban,Wednesday,May,4,Female,Divorced,27,Third Party,Sport - Liability,Sport,more than 69000,1102,12,300,3,1 to 7,15 to 30,none,more than 7,26 to 30,No,No,External,none,no change,2 vehicles,1996,Collision,1
Dec,1,Thursday,Ford,Rural,Wednesday,May,5,Male,Divorced,36,Third Party,Sport - Liability,Utility,more than 69000,1103,10,300,4,more than 30,none,none,5 years,41 to 50,No,Yes,Internal,1 to 2,under 6 months,5 to 8,1996,Collision,0
Feb,4,Monday,BMW,Urban,Friday,Oct,2,Male,Married,70,Third Party,Sedan - All Perils,Sport,20000 to 29000,1104,15,500,3,more than 30,none,none,3 years,16 to 17,No,Yes,Internal,3 to 5,4 to 8 years,more than 8,1994,Collision,1
Apr,5,Saturday,Toyota,Urban,Wednesday,Dec,1,Male,Divorced,30,Policy Holder,Sedan - All Perils,Utility,20000 to 29000,1105,8,700,1,8 to 15,15 to 30,more than 4,7 years,36 to 40,Yes,No,External,none,no change,more than 8,1996,All Perils,0
Mar,1,Friday,Nissan,Urban,Thursday,Nov,2,Female,Widow,27,Third Party,Sport - Collision,Sedan,more than 69000,1106,14,500,4,15 to 30,8 to 15,2 to 4,new,16 to 17,Yes,Yes,Internal,1 to 2,4 to 8 years,more than 8,1995,All Perils,0
Mar,2,Monday,Ford,Rural,Saturday,Oct,5,Male,Divorced,20,Third Party,Utility - All Perils,Utility,40000 to 59000,1107,15,300,2,15 to 30,15 to 30,1,6 years,over 65,No,Yes,Internal,none,under 6 months,5 to 8,1995,Liability,0
Nov,4,Saturday,Mazda,Urban,Wednesday,Sep,3,Male,Widow,42,Policy Holder,Sport - Collision,Utility,less than 20000,1108,15,500,1,more than 30,none,none,7 years,41 to 50,No,No,External,none,under 6 months,2 vehicles,1995,All Perils,0
Dec,4,Friday,BMW,Urban,Monday,Oct,3,Male,Widow,56,Policy Holder,Utility - All Perils,Utility,40000 to 59000,1109,12,700,2,8 to 15,none,more than 4,3 years,26 to 30,Yes,Yes,External,3 to 5,4 to 8 years,2 vehicles,1995,Liability,0
Jan,4,Friday,Honda,Rural,Sunday,Dec,1,Female,Widow,35,Third Party,Sport - Liability,Sedan,less than 20000,1110,16,300,1,8 to 15,none,1,3 years,41 to 50,No,Yes,External,3 to 5,2 to 3 years,more than 8,1996,All Perils,0
Aug,3,Sunday,Toyota,Urban,Tuesday,Jan,4,Female,Married,49,Third Party,Sedan - All Perils,Utility,less than 20000,1111,12,400,3,1 to 7,8 to 15,1,new,21 to 25,No,No,Internal,none,under 6 months,more than 8,1995,Collision,1
Mar,4,Thursday,Toyota,Rural,Saturday,Aug,3,Female,Widow,33,Policy Holder,Sport - Collision,Utility,20000 to 29000,1112,5,500,3,8 to 15,8 to 15,2 to 4,new,18 to 20,Yes,Yes,External,none,2 to 3 years,2 vehicles,1994,Collision,0
Mar,4,Thursday,Mazda,Rural,Saturday,Jan,3,Male,Widow,68,Third Party,Sport - Collision,Sedan,20000 to 29000,1113,3,400,3,15 to 30,8 to 15,none,new,16 to 17,Yes,No,External,none,1 year,5 to 8,1995,Collision,0
Apr,1,Friday,Chevrolet,Urban,Thursday,Jul,5,Male,Widow,19,Policy Holder,Utility - All Perils,Sport,less than 20000,1114,4,300,1,8 to 15,none,2 to 4,4 years,18 to 20,Yes,No,Internal,more than 5,no change,more than 8,1995,Collision,1
Mar,4,Tuesday,Toyota,Rural,Monday,May,3,Female,Single,30,Policy Holder,Sedan - Collision,Sport,more than 69000,1115,10,500,2,1 to 7,8 to 15,1,5 years,41 to 50,No,No,External,3 to 5,under 6 months,more than 8,1995,Liability,0
Jun,3,Tuesday,Mazda,Urban,Sunday,Apr,5,Male,Widow,53,Third Party,Sedan - Collision,Sedan,30000 to 39000,1116,3,500,2,8 to 15,more than 30,2 to 4,4 years,36 to 40,No,No,Internal,3 to 5,under 6 months,more than 8,1995,Liability,0
Dec,1,Saturday,BMW,Urban,Friday,Nov,3,Female,Widow,71,Third Party,Sedan - Collision,Sport,40000 to 59000,1117,4,500,4,8 to 15,none,2 to 4,6 years,21 to 25,Yes,Yes,External,none,1 year,2 vehicles,1996,All Perils,0
Aug,3,Tuesday,Nissan,Rural,Wednesday,Sep,2,Female,Single,43,Policy Holder,Sedan - Liability,Sport,more than 69000,1118,11,500,3,none,more than 30,none,3 years,41 to 50,No,No,Internal,none,4 to 8 years,3 to 4,1995,All Perils,0
Sep,3,Thursday,Honda,Urban,Saturday,Jul,5,Male,Divorced,22,Third Party,Sport - Liability,Sedan,more than 69000,1119,6,500,3,15 to 30,8 to 15,2 to 4,7 years,26 to 30,Yes,Yes,Internal,more than 5,1 year,3 to 4,1996,Collision,0
Jun,1,Tuesday,Pontiac,Urban,Saturday,Nov,4,Female,Divorced,52,Policy Holder,Utility - All Perils,Sport,60000 to 69000,1120,11,400,2,more than 30,15 to 30,none,6 years,18 to 20,No,No,Internal,more than 5,no change,more than 8,1996,Collision,0
Jan,5,Tuesday,Honda,Urban,Saturday,Feb,4,Male,Widow,35,Third Party,Sport - Collision,Sport,20000 to 29000,1121,16,300,2,1 to 7,15 to 30,2 to 4,more than 7,41 to 50,Yes,Yes,Internal,3 to 5,2 to 3 years,more than 8,1996,Collision,1
Feb,2,Friday,Chevrolet,Rural,Tuesday,Aug,2,Male,Divorced,37,Policy Holder,Sedan - Liability,Utility,60000 to 69000,1122,2,700,4,1 to 7,15 to 30,1,6 years,31 to 35,Yes,No,External,none,1 year,3 to 4,1995,All Perils,0
Apr,2,Saturday,Mercedes,Urban,Friday,Feb,4,Female,Divorced,76,Third Party,Sedan - All Perils,Sedan,more than 69000,1123,11,300,4,none,more than 30,2 to 4,2 years,36 to 40,No,No,External,none,under 6 months,more than 8,1996,Liability,0
Mar,3,Thursday,Mercedes,Urban,Wednesday,Mar,3,Female,Married,77,Policy Holder,Utility - All Perils,Utility,less than 20000,1124,14,700,1,8 to 15,more than 30,none,5 years,36 to 40,No,Yes,Internal,more than 5,under 6 months,2 vehicles,1995,Collision,0
Nov,5,Monday,Ford,Rural,Monday,Mar,1,Male,Divorced,34,Policy Holder,Sedan - Liability,Utility,more than 69000,1125,3,500,3,8 to 15,none,1,6 years,16 to 17,No,Yes,Internal,3 to 5,2 to 3 years,5 to 8,1994,Liability,0
Nov,4,Tuesday,Ford,Urban,Wednesday,Jul,2,Female,Divorced,55,Third Party,Sport - Collision,Utility,more than 69000,1126,13,500,4,more than 30,8 to 15,1,new,16 to 17,No,Yes,Internal,1 to 2,1 year,more than 8,1996,Liability,0
Nov,4,Tuesday,Mercedes,Urban,Monday,Aug,5,Female,Single,52,Policy Holder,Sedan - All Perils,Sedan,more than 69000,1127,9,300,1,more than 30,15 to 30,1,new,16 to 17,Yes,Yes,Internal,none,1 year,more than 8,1996,Liability,0
Aug,2,Sunday,Mercedes,Urban,Monday,Oct,3,Male,Divorced,78,Policy Holder,Utility - All Perils,Sport,30000 to 39000,1128,11,700,3,15 to 30,15 to 30,1,new,21 to 25,No,Yes,Internal,3 to 5,no change,1 vehicle,1994,Collision,0
Jul,5,Wednesday,Ford,Rural,Saturday,Jun,4,Female,Single,77,Third Party,Sport - Collision,Sport,20000 to 29000,1129,1,500,2,1 to 7,more than 30,none,2 years,21 to 25,No,Yes,Internal,more than 5,no change,1 vehicle,1994,Liability,0
Aug,5,Wednesday,Honda,Rural,Thursday,Dec,1,Female,Married,40,Third Party,Sport - Collision,Utility,60000 to 69000,1130,7,700,3,none,15 to 30,1,more than 7,over 65,Yes,No,Internal,more than 5,under 6 months,2 vehicles,1994,All Perils,0
May,3,Monday,Chevrolet,Rural,Wednesday,May,2,Male,Divorced,19,Policy Holder,Sport - Liability,Utility,40000 to 59000,1131,6,700,3,8 to 15,8 to 15,none,2 years,51 to 65,No,No,Internal,3 to 5,2 to 3 years,1 vehicle,1996,Liability,0
Sep,3,Thursday,Pontiac,Urban,Tuesday,Feb,5,Male,Widow,18,Policy Holder,Sport - Liability,Sport,60000 to 69000,1132,3,300,4,15 to 30,more than 30,2 to 4,2 years,51 to 65,No,No,External,none,no change,2 vehicles,1994,All Perils,0
Oct,1,Sunday,Mazda,Rural,Saturday,Jan,3,Female,Married,18,Policy Holder,Sport - Collision,Sedan,20000 to 29000,1133,13,700,1,none,15 to 30,none,4 years,31 to 35,Yes,No,External,more than 5,no change,more than 8,1995,Liability,0
Oct,4,Wednesday,Nissan,Rural,Friday,Feb,5,Male,Widow,67,Third Party,Sport - Liability,Utility,20000 to 29000,1134,9,500,1,8 to 15,more than 30,none,4 years,21 to 25,Yes,Yes,External,3 to 5,4 to 8 years,5 to 8,1996,Collision,0
Aug,5,Friday,Mercedes,Rural,Friday,Jun,5,Female,Single,64,Policy Holder,Sport - Liability,Sport,more than 69000,1135,15,300,2,none,15 to 30,1,more than 7,26 to 30,No,Yes,External,more than 5,under 6 months,1 vehicle,1996,Collision,0
Jan,3,Tuesday,Mercedes,Urban,Tuesday,May,2,Female,Single,70,Third Party,Sport - Collision,Sedan,40000 to 59000,1136,3,500,4,1 to 7,none,1,new,51 to 65,No,Yes,External,none,no change,5 to 8,1996,All Perils,0
Sep,3,Tuesday,Honda,Rural,Monday,Nov,5,Female,Divorced,26,Third Party,Sport - Liability,Utility,more than 69000,1137,12,500,3,1 to 7,more than 30,more than 4,7 years,26 to 30,Yes,No,Internal,more than 5,4 to 8 years,more than 8,1995,Liability,1
May,3,Saturday,Mercedes,Urban,Monday,Feb,4,Male,Single,21,Third Party,Sedan - All Perils,Utility,more than 69000,1138,10,500,1,none,15 to 30,1,2 years,36 to 40,Yes,Yes,Internal,3 to 5,1 year,more than 8,1995,Liability,0
Sep,1,Monday,BMW,Rural,Monday,Apr,1,Male,Divorced,28,Third Party,Sedan - All Perils,Sport,30000 to 39000,1139,11,400,1,1 to 7,none,1,3 years,18 to 20,No,No,Internal,more than 5,no change,more than 8,1996,Collision,0
Jul,4,Thursday,Mazda,Rural,Sunday,Dec,1,Female,Married,57,Third Party,Sedan - Liability,Sport,20000 to 29000,1140,5,700,4,15 to 30,8 to 15,none,4 years,over 65,No,No,External,none,1 year,more than 8,1994,All Perils,1
Nov,4,Wednesday,Pontiac,Urban,Wednesday,Jan,1,Male,Single,18,Policy Holder,Sport - Liability,Sport,more than 69000,1141,12,300,1,more than 30,8 to 15,more than 4,more than 7,36 to 40,No,No,External,more than 5,no change,5 to 8,1995,All Perils,1
May,5,Monday,Mercedes,Urban,Friday,Jun,4,Female,Divorced,59,Third Party,Sedan - Collision,Sedan,60000 to 69000,1142,4,400,1,15 to 30,8 to 15,more than 4,2 years,over 65,Yes,Yes,Internal,none,under 6 months,more than 8,1995,Collision,0
Dec,5,Thursday,Nissan,Rural,Sunday,Mar,1,Female,Single,74,Third Party,Sport - Liability,Utility,40000 to 59000,1143,13,700,2,1 to 7,15 to 30,none,3 years,21 to 25,Yes,No,External,none,4 to 8 years,5 to 8,1996,All Perils,1
Nov,3,Sunday,Chevrolet,Urban,Sunday,Jul,2,Female,Married,27,Third Party,Utility - All Perils,Utility,more than 69000,1144,8,300,3,more than 30,15 to 30,1,6 years,36 to 40,Yes,Yes,External,none,2 to 3 years,5 to 8,1995,All Perils,0
Apr,5,Monday,Honda,Rural,Wednesday,Dec,3,Female,Single,64,Third Party,Utility - All Perils,Utility,20000 to 29000,1145,8,400,2,8 to 15,none,none,6 years,21 to 25,Yes,No,External,none,1 year,1 vehicle,1995,All Perils,0
Jun,3,Saturday,Pontiac,Rural,Thursday,Mar,1,Male,Divorced,52,Third Party,Sedan - Collision,Utility,30000 to 39000,1146,10,400,1,1 to 7,15 to 30,none,3 years,31 to 35,No,No,External,3 to 5,under 6 months,more than 8,1995,Collision,0
Jul,4,Thursday,BMW,Urban,Thursday,May,2,Male,Married,77,Policy Holder,Sport - Collision,Sport,less than 20000,1147,2,700,1,more than 30,8 to 15,none,2 years,21 to 25,No,No,Internal,more than 5,1 year,1 vehicle,1994,Collision,0
Oct,4,Saturday,Honda,Rural,Monday,Jun,4,Male,Widow,33,Policy Holder,Sport - Liability,Utility,30000 to 39000,1148,6,700,2,1 to 7,none,more than 4,7 years,18 to 20,No,No,External,more than 5,2 to 3 years,2 vehicles,1994,All Perils,0
Sep,5,Monday,Mercedes,Rural,Saturday,Oct,5,Female,Single,32,Third Party,Sport - Collision,Utility,30000 to 39000,1149,4,700,4,15 to 30,more than 30,1,more than 7,26 to 30,No,Yes,Internal,none,2 to 3 years,5 to 8,1996,All Perils,1
Nov,4,Sunday,Toyota,Urban,Friday,Dec,3,Female,Widow,19,Policy Holder,Sport - Collision,Sedan,30000 to 39000,1150,16,400,1,none,8 to 15,1,5 years,31 to 35,Yes,No,Internal,more than 5,1 year,5 to 8,1994,All Perils,0
May,1,Monday,Nissan,Urban,Wednesday,Feb,4,Female,Widow,62,Third Party,Sedan - All Perils,Sport,less than 20000,1151,7,400,3,1 to 7,none,none,7 years,18 to 20,Yes,Yes,Internal,none,no change,more than 8,1996,Liability,0
Jul,1,Sunday,Chevrolet,Urban,Thursday,Jun,3,Female,Married,72,Third Party,Sedan - Collision,Sport,60000 to 69000,1152,1,300,1,more than 30,15 to 30,none,3 years,26 to 30,No,Yes,External,3 to 5,4 to 8 years,1 vehicle,1996,Liability,0
Jun,3,Friday,Ford,Urban,Saturday,Oct,3,Male,Divorced,19,Policy Holder,Sport - Collision,Sport,30000 to 39000,1153,1,700,3,1 to 7,more than 30,2 to 4,7 years,16 to 17,Yes,No,External,none,under 6 months,5 to 8,1996,Collision,0
Nov,3,Wednesday,Honda,Rural,Monday,Jan,3,Female,Married,48,Policy Holder,Utility - All Perils,Utility,30000 to 39000,1154,15,400,1,more than 30,none,more than 4,7 years,36 to 40,Yes,Yes,External,more than 5,4 to 8 years,1 vehicle,1995,Collision,0
Apr,4,Monday,Honda,Rural,Friday,Oct,5,Male,Widow,63,Policy Holder,Sedan - Collision,Sport,more than 69000,1155,3,400,1,8 to 15,none,2 to 4,more than 7,21 to 25,No,Yes,External,1 to 2,4 to 8 years,5 to 8,1996,Collision,0
Aug,3,Friday,BMW,Rural,Sunday,Mar,1,Male,Single,67,Policy Holder,Sedan - Liability,Sedan,30000 to 39000,1156,1,500,1,more than 30,more than 30,2 to 4,more than 7,16 to 17,Yes,No,External,more than 5,under 6 months,2 vehicles,1994,Liability,1
Feb,3,Monday,Mazda,Urban,Saturday,Jul,3,Male,Divorced,76,Third Party,Sedan - Liability,Sedan,more than 69000,1157,4,700,3,8 to 15,15 to 30,1,3 years,31 to 35,No,Yes,External,3 to 5,1 year,3 to 4,1994,All Perils,0
Nov,5,Friday,Mercedes,Rural,Friday,Dec,1,Male,Single,63,Third Party,Sport - Collision,Utility,20000 to 29000,1158,4,300,3,8 to 15,8 to 15,more than 4,new,51 to 65,No,No,Internal,3 to 5,2 to 3 years,1 vehicle,1996,All Perils,1
May,2,Saturday,Ford,Rural,Monday,Aug,5,Female,Widow,75,Third Party,Sedan - Collision,Utility,more than 69000,1159,2,700,1,1 to 7,8 to 15,more than 4,6 years,over 65,No,Yes,Internal,1 to 2,under 6 months,1 vehicle,1995,Liability,1
May,3,Tuesday,Nissan,Rural,Saturday,Dec,4,Male,Single,80,Policy Holder,Sedan - All Perils,Sport,more than 69000,1160,16,400,2,1 to 7,15 to 30,more than 4,6 years,over 65,No,No,Internal,none,2 to 3 years,more than 8,1995,All Perils,0
Jul,3,Tuesday,Nissan,Urban,Saturday,Aug,1,Male,Single,76,Policy Holder,Utility - All Perils,Sport,60000 to 69000,1161,1,400,2,more than 30,15 to 30,2 to 4,6 years,18 to 20,No,No,External,3 to 5,1 year,3 to 4,1994,Liability,0
Jun,3,Tuesday,Honda,Rural,Thursday,Mar,4,Female,Single,45,Policy Holder,Sedan - Liability,Sedan,more than 69000,1162,12,300,1,8 to 15,none,2 to 4,6 years,18 to 20,No,Yes,Internal,3 to 5,4 to 8 years,3 to 4,1996,Collision,0
Nov,5,Tuesday,Pontiac,Rural,Friday,Sep,3,Female,Divorced,43,Policy Holder,Sedan - Collision,Sedan,60000 to 69000,1163,14,500,1,8 to 15,8 to 15,none,new,over 65,Yes,Yes,Internal,none,4 to 8 years,2 vehicles,1994,All Perils,0
Jul,5,Monday,Nissan,Urban,Friday,Aug,1,Male,Single,44,Third Party,Sedan - Collision,Utility,40000 to 59000,1164,11,400,4,1 to 7,more than 30,none,6 years,36 to 40,Yes,Yes,Internal,none,4 to 8 years,more than 8,1994,Liability,0
Jul,3,Tuesday,Ford,Rural,Monday,Apr,5,Male,Divorced,77,Third Party,Sedan - All Perils,Sport,60000 to 69000,1165,3,300,3,15 to 30,none,none,4 years,31 to 35,No,Yes,Internal,1 to 2,under 6 months,5 to 8,1994,All Perils,1
Feb,3,Friday,Honda,Urban,Tuesday,Jan,2,Female,Widow,35,Policy Holder,Sport - Liability,Sedan,more than 69000,1166,12,300,3,1 to 7,more than 30,1,new,51 to 65,No,No,Internal,more than 5,2 to 3 years,3 to 4,1996,All Perils,0
Jan,3,Wednesday,Mercedes,Rural,Saturday,Aug,1,Female,Single,65,Third Party,Sedan - Collision,Sport,40000 to 59000,1167,6,500,2,1 to 7,8 to 15,2 to 4,7 years,16 to 17,No,Yes,Internal,1 to 2,2 to 3 years,1 vehicle,1996,Collision,0
May,1,Saturday,Chevrolet,Rural,Sunday,Jul,4,Male,Married,57,Policy Holder,Sedan - Liability,Utility,60000 to 69000,1168,7,300,2,none,none,none,new,31 to 35,Yes,Yes,Internal,1 to 2,1 year,5 to 8,1994,All Perils,0
Dec,3,Saturday,Honda,Rural,Tuesday,Oct,2,Male,Married,21,Third Party,Sedan - Liability,Sport,less than 20000,1169,5,500,4,more than 30,15 to 30,more than 4,2 years,36 to 40,Yes,No,Internal,more than 5,no change,2 vehicles,1994,Collision,0
Dec,2,Saturday,Mercedes,Rural,Wednesday,Feb,4,Male,Married,48,Policy Holder,Sport - Liability,Utility,more than 69000,1170,13,500,2,none,15 to 30,2 to 4,3 years,over 65,Yes,Yes,Internal,1 to 2,under 6 months,2 vehicles,1996,Collision,0
Aug,1,Thursday,BMW,Urban,Sunday,Jul,1,Male,Widow,30,Policy Holder,Sedan - Liability,Sport,60000 to 69000,1171,10,700,1,more than 30,8 to 15,2 to 4,7 years,31 to 35,Yes,Yes,Internal,1 to 2,1 year,5 to 8,1995,Liability,0
Aug,1,Wednesday,Honda,Rural,Tuesday,Oct,5,Female,Divorced,63,Policy Holder,Sport - Collision,Sport,less than 20000,1172,3,300,2,1 to 7,more than 30,more than 4,new,31 to 35,Yes,No,External,more than 5,4 to 8 years,more than 8,1996,All Perils,0
May,3,Sunday,Ford,Urban,Tuesday,Nov,3,Male,Divorced,46,Policy Holder,Sport - Collision,Utility,20000 to 29000,1173,7,400,3,none,none,2 to 4,4 years,51 to 65,Yes,Yes,External,3 to 5,4 to 8 years,2 vehicles,1995,Liability,0
Mar,1,Tuesday,Honda,Rural,Monday,Dec,3,Female,Widow,40,Policy Holder,Sedan - Liability,Sport,20000 to 29000,1174,13,300,3,more than 30,none,none,3 years,21 to 25,No,Yes,External,none,4 to 8 years,1 vehicle,1994,Liability,0
Jan,4,Thursday,Nissan,Urban,Tuesday,Mar,5,Male,Divorced,22,Third Party,Sport - Collision,Sedan,20000 to 29000,1175,16,700,3,15 to 30,15 to 30,more than 4,4 years,16 to 17,No,Yes,Internal,none,4 to 8 years,3 to 4,1996,All Perils,0
May,3,Thursday,Honda,Urban,Friday,Mar,3,Female,Divorced,26,Third Party,Sedan - Collision,Sport,more than 69000,1176,16,500,4,15 to 30,15 to 30,more than 4,7 years,31 to 35,No,No,Internal,more than 5,no change,5 to 8,1994,Collision,0
Apr,2,Saturday,Mercedes,Rural,Wednesday,Jul,1,Female,Single,66,Third Party,Sport - Collision,Sport,30000 to 39000,1177,3,700,1,8 to 15,15 to 30,none,3 years,36 to 40,No,No,External,more than 5,4 to 8 years,5 to 8,1994,Collision,0
Mar,4,Thursday,Chevrolet,Urban,Sunday,Jun,3,Male,Widow,72,Policy Holder,Sedan - Liability,Sport,30000 to 39000,1178,14,300,3,15 to 30,more than 30,2 to 4,3 years,31 to 35,No,No,External,more than 5,1 year,more than 8,1996,All Perils,0
Apr,3,Saturday,Pontiac,Rural,Sunday,Mar,4,Female,Divorced,36,Third Party,Sport - Liability,Sport,60000 to 69000,1179,10,500,4,none,more than 30,1,4 years,41 to 50,No,No,External,1 to 2,no change,2 vehicles,1995,Liability,1
Jan,4,Sunday,Mercedes,Rural,Sunday,Feb,2,Female,Single,70,Policy Holder,Sport - Liability,Utility,30000 to 39000,1180,12,300,4,1 to 7,15 to 30,none,4 years,21 to 25,No,Yes,External,3 to 5,no change,5 to 8,1994,All Perils,0
Aug,4,Wednesday,Nissan,Urban,Saturday,Feb,1,Female,Widow,52,Policy Holder,Sedan - Liability,Sport,more than 69000,1181,7,300,4,8 to 15,15 to 30,1,more than 7,16 to 17,No,No,Internal,none,under 6 months,5 to 8,1995,Collision,0
Dec,1,Sunday,Toyota,Urban,Friday,May,1,Male,Divorced,40,Third Party,Sport - Collision,Sedan,60000 to 69000,1182,11,400,3,15 to 30,more than 30,more than 4,3 years,51 to 65,No,Yes,Internal,3 to 5,under 6 months,more than 8,1994,Liability,1
Sep,2,Tuesday,Honda,Rural,Thursday,Sep,5,Male,Married,46,Third Party,Sport - Collision,Sedan,20000 to 29000,1183,5,400,1,8 to 15,more than 30,1,new,51 to 65,Yes,No,Internal,3 to 5,no change,more than 8,1995,Collision,1
Jun,3,Sunday,Toyota,Rural,Sunday,Jan,1,Female,Divorced,61,Policy Holder,Sedan - Liability,Sport,40000 to 59000,1184,9,400,4,8 to 15,none,2 to 4,4 years,36 to 40,Yes,No,External,none,under 6 months,2 vehicles,1996,Collision,0
Jun,5,Tuesday,BMW,Urban,Monday,Feb,3,Male,Divorced,75,Third Party,Sport - Liability,Utility,30000 to 39000,1185,4,300,1,15 to 30,15 to 30,more than 4,new,21 to 25,No,Yes,External,more than 5,1 year,2 vehicles,1995,All Perils,1
Apr,1,Saturday,Pontiac,Rural,Saturday,Apr,5,Female,Widow,49,Policy Holder,Sport - Collision,Sedan,30000 to 39000,1186,7,500,3,none,more than 30,1,7 years,26 to 30,No,No,Internal,1 to 2,under 6 months,3 to 4,1994,Collision,0
Feb,1,Wednesday,Honda,Rural,Monday,Nov,2,Female,Widow,39,Policy Holder,Sedan - Collision,Sport,more than 69000,1187,7,400,2,8 to 15,none,more than 4,more than 7,31 to 35,Yes,Yes,Internal,more than 5,2 to 3 years,2 vehicles,1996,Liability,0
Aug,5,Sunday,Ford,Urban,Wednesday,Dec,2,Male,Widow,65,Policy Holder,Sedan - All Perils,Sport,30000 to 39000,1188,14,700,3,1 to 7,more than 30,1,7 years,26 to 30,No,No,Internal,more than 5,2 to 3 years,1 vehicle,1995,Liability,0
Jul,5,Monday,Chevrolet,Rural,Tuesday,Jun,4,Male,Married,51,Policy Holder,Sport - Liability,Utility,less than 20000,1189,11,700,4,8 to 15,15 to 30,more than 4,7 years,21 to 25,No,Yes,Internal,1 to 2,under 6 months,2 vehicles,1994,Collision,1
Jan,1,Thursday,BMW,Rural,Friday,Jan,4,Female,Married,42,Policy Holder,Sport - Collision,Utility,30000 to 39000,1190,11,400,3,none,none,none,4 years,26 to 30,Yes,Yes,External,none,no change,2 vehicles,1995,All Perils,0
May,3,Sunday,Mazda,Urban,Saturday,Jan,1,Male,Widow,46,Third Party,Sport - Liability,Sedan,40000 to 59000,1191,5,700,1,more than 30,15 to 30,more than 4,6 years,21 to 25,No,Yes,External,none,under 6 months,5 to 8,1996,Collision,1
Apr,4,Monday,Nissan,Rural,Monday,Nov,3,Male,Married,51,Policy Holder,Sedan - Liability,Sedan,less than 20000,1192,7,500,4,more than 30,8 to 15,none,4 years,31 to 35,Yes,No,External,1 to 2,2 to 3 years,1 vehicle,1994,Liability,0
Mar,1,Tuesday,Nissan,Rural,Friday,Jun,1,Female,Divorced,26,Third Party,Sport - Liability,Utility,60000 to 69000,1193,8,400,4,more than 30,8 to 15,more than 4,7 years,26 to 30,No,Yes,Internal,1 to 2,under 6 months,5 to 8,1996,All Perils,1
Sep,2,Monday,BMW,Rural,Tuesday,Jan,2,Male,Divorced,21,Policy Holder,Sedan - Liability,Sedan,20000 to 29000,1194,13,700,1,more than 30,15 to 30,2 to 4,2 years,31 to 35,No,No,External,1 to 2,1 year,5 to 8,1995,Liability,0
Jul,2,Wednesday,Chevrolet,Urban,Monday,Nov,2,Male,Married,59,Policy Holder,Sport - Collision,Sport,less than 20000,1195,3,500,3,15 to 30,15 to 30,2 to 4,2 years,51 to 65,No,No,External,more than 5,4 to 8 years,1 vehicle,1996,Collision,1
Aug,4,Wednesday,Mercedes,Urban,Wednesday,Jul,5,Male,Widow,29,Third Party,Sedan - All Perils,Sedan,40000 to 59000,1196,1,400,1,1 to 7,more than 30,more than 4,more than 7,21 to 25,No,No,Internal,3 to 5,2 to 3 years,more than 8,1994,All Perils,1
Sep,2,Friday,BMW,Urban,Friday,May,5,Male,Single,51,Third Party,Sedan - Liability,Utility,less than 20000,1197,9,500,3,none,8 to 15,2 to 4,3 years,16 to 17,No,No,Internal,none,2 to 3 years,5 to 8,1996,Liability,0
Dec,3,Tuesday,Chevrolet,Rural,Tuesday,Jun,4,Male,Single,67,Third Party,Sport - Liability,Sedan,60000 to 69000,1198,14,700,1,15 to 30,none,2 to 4,3 years,51 to 65,No,Yes,Internal,3 to 5,no change,5 to 8,1996,Liability,0
Oct,2,Tuesday,Mazda,Rural,Wednesday,Mar,4,Male,Married,31,Policy Holder,Sport - Collision,Sport,less than 20000,1199,12,500,2,more than 30,more than 30,more than 4,6 years,18 to 20,Yes,No,External,none,2 to 3 years,5 to 8,1995,Liability,0
Aug,4,Tuesday,Mercedes,Urban,Sunday,Dec,1,Female,Single,42,Third Party,Sport - Collision,Sport,30000 to 39000,1200,13,500,2,1 to 7,8 to 15,more than 4,3 years,over 65,No,Yes,Internal,none,under 6 months,more than 8,1994,Collision,1
Nov,1,Sunday,Pontiac,Rural,Wednesday,Oct,1,Male,Divorced,79,Policy Holder,Sedan - All Perils,Sedan,less than 20000,1201,7,300,4,more than 30,more than 30,none,6 years,31 to 35,Yes,No,Internal,3 to 5,1 year,3 to 4,1994,All Perils,0
Jun,2,Sunday,Toyota,Rural,Sunday,Mar,4,Female,Single,20,Policy Holder,Sedan - Collision,Utility,30000 to 39000,1202,4,500,4,none,more than 30,more than 4,4 years,31 to 35,No,No,External,none,2 to 3 years,3 to 4,1996,Collision,0
Dec,2,Tuesday,Nissan,Urban,Saturday,Sep,3,Male,Married,65,Policy Holder,Sport - Collision,Sport,more than 69000,1203,11,400,4,1 to 7,none,2 to 4,7 years,26 to 30,Yes,Yes,External,1 to 2,4 to 8 years,5 to 8,1996,All Perils,0
Oct,5,Tuesday,Honda,Urban,Wednesday,Mar,3,Female,Married,28,Third Party,Sedan - Collision,Sport,40000 to 59000,1204,1,700,3,15 to 30,8 to 15,none,new,41 to 50,No,Yes,External,more than 5,2 to 3 years,1 vehicle,1996,Collision,0
Aug,5,Monday,BMW,Urban,Friday,Jun,4,Male,Single,75,Third Party,Sport - Liability,Sedan,40000 to 59000,1205,15,700,2,8 to 15,none,more than 4,6 years,36 to 40,Yes,Yes,External,1 to 2,under 6 months,1 vehicle,1995,Collision,0
Nov,3,Sunday,Pontiac,Rural,Friday,Sep,2,Female,Married,43,Third Party,Sport - Liability,Sedan,less than 20000,1206,12,300,1,15 to 30,15 to 30,more than 4,3 years,over 65,Yes,Yes,Internal,none,1 year,5 to 8,1996,Collision,1
Jul,1,Friday,Pontiac,Urban,Thursday,Jan,4,Male,Widow,18,Third Party,Utility - All Perils,Sedan,20000 to 29000,1207,9,700,3,1 to 7,more than 30,more than 4,4 years,16 to 17,Yes,Yes,External,more than 5,under 6 months,2 vehicles,1996,Liability,1
Sep,4,Saturday,Honda,Rural,Wednesday,Sep,4,Female,Divorced,63,Policy Holder,Sedan - Liability,Sport,30000 to 39000,1208,4,700,2,15 to 30,15 to 30,more than 4,more than 7,18 to 20,Yes,No,Internal,1 to 2,1 year,2 vehicles,1995,Collision,0
Apr,3,Wednesday,Chevrolet,Rural,Wednesday,Mar,2,Female,Single,27,Policy Holder,Sport - Collision,Utility,40000 to 59000,1209,5,700,2,1 to 7,8 to 15,1,4 years,21 to 25,Yes,No,Internal,3 to 5,2 to 3 years,1 vehicle,1996,Liability,0
Dec,5,Friday,Nissan,Rural,Monday,Sep,4,Male,Single,40,Third Party,Sport - Collision,Utility,20000 to 29000,1210,16,400,1,none,more than 30,1,new,18 to 20,No,Yes,External,none,4 to 8 years,3 to 4,1994,All Perils,0
Aug,2,Monday,Ford,Urban,Monday,Jun,1,Female,Married,49,Third Party,Utility - All Perils,Utility,more than 69000,1211,1,400,1,8 to 15,none,1,4 years,over 65,No,Yes,Internal,none,under 6 months,3 to 4,1996,All Perils,0
Oct,5,Friday,BMW,Rural,Wednesday,Jan,2,Male,Married,64,Third Party,Sedan - All Perils,Sport,40000 to 59000,1212,1,500,4,8 to 15,none,1,2 years,16 to 17,No,Yes,External,more than 5,under 6 months,more than 8,1995,All Perils,1
Jun,5,Friday,Mercedes,Urban,Saturday,Oct,4,Male,Divorced,44,Third Party,Utility - All Perils,Sedan,20000 to 29000,1213,6,700,2,8 to 15,8 to 15,none,4 years,18 to 20,Yes,No,External,more than 5,4 to 8 years,3 to 4,1996,Liability,1
Nov,2,Wednesday,Nissan,Urban,Tuesday,Apr,5,Male,Single,72,Policy Holder,Sedan - Collision,Sedan,less than 20000,1214,4,400,4,none,more than 30,2 to 4,2 years,26 to 30,Yes,Yes,External,none,no change,2 vehicles,1996,Liability,0
Jan,4,Friday,Chevrolet,Urban,Tuesday,Dec,1,Female,Married,48,Third Party,Utility - All Perils,Utility,40000 to 59000,1215,11,700,3,8 to 15,more than 30,more than 4,6 years,21 to 25,Yes,No,External,more than 5,under 6 months,5 to 8,1994,Collision,1
Feb,2,Friday,Ford,Rural,Wednesday,Nov,4,Female,Widow,39,Third Party,Sport - Collision,Utility,30000 to 39000,1216,1,400,1,none,15 to 30,more than 4,2 years,21 to 25,Yes,Yes,External,1 to 2,4 to 8 years,2 vehicles,1996,Collision,1
Jul,2,Thursday,BMW,Rural,Friday,Mar,3,Female,Married,39,Policy Holder,Utility - All Perils,Sport,60000 to 69000,1217,13,700,1,more than 30,more than 30,2 to 4,4 years,36 to 40,No,No,Internal,more than 5,4 to 8 years,1 vehicle,1996,Collision,0
Sep,2,Tuesday,Chevrolet,Urban,Tuesday,Aug,4,Female,Widow,68,Policy Holder,Sedan - Collision,Sedan,40000 to 59000,1218,13,300,2,none,more than 30,more than 4,more than 7,36 to 40,Yes,No,Internal,3 to 5,4 to 8 years,1 vehicle,1994,Collision,1
Oct,4,Monday,Pontiac,Urban,Tuesday,May,4,Female,Divorced,59,Policy Holder,Sedan - Collision,Utility,40000 to 59000,1219,4,700,1,more than 30,15 to 30,none,6 years,51 to 65,No,Yes,External,more than 5,4 to 8 years,more than 8,1994,All Perils,0
Jun,2,Sunday,BMW,Rural,Monday,Aug,1,Female,Widow,25,Policy Holder,Sport - Collision,Utility,more than 69000,1220,10,700,4,none,none,1,6 years,31 to 35,Yes,No,Internal,none,under 6 months,5 to 8,1996,Liability,0
Aug,4,Tuesday,BMW,Rural,Wednesday,Jul,4,Female,Married,65,Third Party,Sport - Collision,Sedan,40000 to 59000,1221,11,500,4,15 to 30,more than 30,more than 4,7 years,over 65,Yes,Yes,External,none,no change,1 vehicle,1995,Liability,0
Jul,3,Wednesday,Ford,Urban,Tuesday,Apr,2,Male,Divorced,44,Policy Holder,Sedan - Liability,Utility,60000 to 69000,1222,14,500,3,1 to 7,15 to 30,more than 4,more than 7,18 to 20,Yes,No,External,more than 5,4 to 8 years,2 vehicles,1994,Liability,0
Dec,4,Friday,BMW,Urban,Saturday,Aug,1,Female,Divorced,39,Third Party,Sport - Collision,Sport,30000 to 39000,1223,12,400,2,none,none,more than 4,more than 7,18 to 20,Yes,Yes,External,none,1 year,more than 8,1996,Collision,1
Aug,5,Tuesday,Chevrolet,Rural,Sunday,Apr,3,Male,Divorced,24,Policy Holder,Sedan - All Perils,Utility,more than 69000,1224,16,700,4,1 to 7,more than 30,1,7 years,26 to 30,Yes,Yes,Internal,more than 5,under 6 months,5 to 8,1995,Collision,0
Jun,1,Wednesday,Nissan,Rural,Wednesday,Nov,1,Male,Single,80,Policy Holder,Sedan - Liability,Sport,30000 to 39000,1225,2,300,3,none,8 to 15,none,3 years,18 to 20,No,Yes,External,none,1 year,3 to 4,1995,All Perils,0
Dec,5,Friday,Pontiac,Urban,Monday,Dec,4,Female,Divorced,21,Third Party,Sport - Collision,Sedan,60000 to 69000,1226,10,400,2,15 to 30,more than 30,more than 4,5 years,16 to 17,No,Yes,External,3 to 5,4 to 8 years,2 vehicles,1995,Collision,1
Feb,1,Friday,Nissan,Rural,Monday,Feb,3,Male,Divorced,80,Policy Holder,Sport - Liability,Sport,more than 69000,1227,13,300,4,more than 30,8 to 15,1,7 years,26 to 30,No,No,External,1 to 2,1 year,2 vehicles,1995,Collision,0
Dec,3,Friday,Nissan,Rural,Wednesday,Sep,3,Male,Divorced,22,Third Party,Sedan - Liability,Sedan,30000 to 39000,1228,4,400,1,1 to 7,none,2 to 4,5 years,31 to 35,Yes,No,External,1 to 2,2 to 3 years,5 to 8,1994,All Perils,1
Feb,2,Monday,Nissan,Urban,Thursday,Dec,1,Female,Widow,49,Policy Holder,Utility - All Perils,Sedan,less than 20000,1229,4,500,3,8 to 15,8 to 15,none,2 years,21 to 25,No,No,Internal,3 to 5,1 year,1 vehicle,1995,Collision,0
Apr,4,Thursday,BMW,Rural,Thursday,Feb,4,Female,Married,24,Policy Holder,Sport - Collision,Utility,20000 to 29000,1230,2,400,3,none,8 to 15,more than 4,5 years,21 to 25,Yes,No,External,none,1 year,more than 8,1996,Liability,0
Oct,4,Thursday,Pontiac,Rural,Wednesday,Sep,1,Male,Widow,49,Third Party,Sedan - Collision,Utility,20000 to 29000,1231,16,400,4,8 to 15,more than 30,1,2 years,16 to 17,Yes,Yes,External,1 to 2,4 to 8 years,2 vehicles,1996,Collision,0
Sep,5,Friday,Toyota,Urban,Wednesday,Dec,2,Male,Widow,70,Third Party,Sport - Liability,Sport,less than 20000,1232,14,300,1,more than 30,none,more than 4,6 years,18 to 20,No,No,External,3 to 5,4 to 8 years,2 vehicles,1995,Liability,1
Dec,3,Tuesday,Mazda,Urban,Tuesday,Mar,2,Male,Divorced,55,Policy Holder,Utility - All Perils,Sedan,40000 to 59000,1233,2,400,2,8 to 15,more than 30,2 to 4,7 years,51 to 65,Yes,No,Internal,1 to 2,1 year,2 vehicles,1994,Collision,0
Sep,5,Tuesday,Chevrolet,Urban,Thursday,Jul,4,Male,Married,52,Third Party,Utility - All Perils,Sport,20000 to 29000,1234,4,400,4,more than 30,none,1,6 years,16 to 17,Yes,Yes,External,none,4 to 8 years,5 to 8,1994,All Perils,0
Aug,2,Saturday,Mercedes,Urban,Friday,Oct,3,Male,Widow,25,Policy Holder,Sport - Liability,Sedan,less than 20000,1235,8,300,2,15 to 30,more than 30,1,5 years,41 to 50,No,No,External,none,2 to 3 years,1 vehicle,1994,All Perils,0
May,2,Friday,Pontiac,Rural,Monday,May,5,Female,Divorced,77,Third Party,Sedan - Collision,Sport,less than 20000,1236,15,700,4,none,15 to 30,more than 4,5 years,41 to 50,No,No,Internal,3 to 5,no change,1 vehicle,1994,All Perils,0
Jan,2,Saturday,Mazda,Rural,Thursday,Mar,5,Male,Divorced,41,Third Party,Sedan - Liability,Sport,20000 to 29000,1237,14,700,4,none,8 to 15,2 to 4,5 years,18 to 20,Yes,No,Internal,none,4 to 8 years,2 vehicles,1994,Liability,0
Feb,3,Tuesday,Toyota,Rural,Friday,May,4,Female,Single,51,Third Party,Sedan - Collision,Sedan,30000 to 39000,1238,15,700,2,1 to 7,more than 30,2 to 4,4 years,21 to 25,Yes,Yes,Internal,none,2 to 3 years,1 vehicle,1996,Collision,0
Apr,4,Sunday,BMW,Rural,Friday,May,1,Male,Divorced,74,Third Party,Utility - All Perils,Sport,more than 69000,1239,14,300,2,more than 30,8 to 15,2 to 4,2 years,26 to 30,Yes,Yes,Internal,none,4 to 8 years,2 vehicles,1995,All Perils,0
Jan,5,Tuesday,Mazda,Urban,Thursday,Sep,4,Female,Single,57,Third Party,Sedan - Collision,Sport,60000 to 69000,1240,11,400,2,none,15 to 30,none,6 years,36 to 40,No,No,Internal,3 to 5,2 to 3 years,3 to 4,1996,All Perils,0
Jul,2,Friday,Honda,Rural,Thursday,May,2,Female,Divorced,64,Third Party,Sedan - Collision,Utility,60000 to 69000,1241,5,700,1,none,none,none,3 years,16 to 17,Yes,Yes,Internal,none,4 to 8 years,5 to 8,1994,Liability,0
Oct,2,Tuesday,Ford,Urban,Friday,May,5,Male,Single,29,Third Party,Utility - All Perils,Utility,60000 to 69000,1242,10,400,4,more than 30,none,none,2 years,51 to 65,Yes,No,Internal,1 to 2,1 year,2 vehicles,1994,All Perils,0
Dec,5,Sunday,Mercedes,Urban,Wednesday,Dec,5,Female,Single,46,Third Party,Sedan - Collision,Utility,60000 to 69000,1243,8,300,1,none,8 to 15,1,7 years,26 to 30,No,Yes,Internal,none,no change,3 to 4,1996,Liability,0
Jun,3,Wednesday,Toyota,Urban,Thursday,Jul,1,Male,Widow,52,Policy Holder,Sedan - All Perils,Utility,20000 to 29000,1244,16,500,4,1 to 7,none,2 to 4,5 years,31 to 35,No,No,External,3 to 5,under 6 months,more than 8,1994,Liability,0
Nov,2,Saturday,Mazda,Rural,Wednesday,Dec,1,Female,Widow,29,Third Party,Sedan - Collision,Sedan,less than 20000,1245,8,300,4,15 to 30,none,1,5 years,over 65,Yes,Yes,External,none,no change,3 to 4,1994,Collision,1
Dec,5,Wednesday,Chevrolet,Rural,Thursday,Sep,4,Female,Widow,42,Third Party,Sedan - Collision,Sport,40000 to 59000,1246,13,500,2,none,8 to 15,none,5 years,18 to 20,Yes,No,External,none,under 6 months,more than 8,1995,Collision,0
Nov,3,Saturday,Honda,Urban,Monday,Nov,1,Female,Married,70,Third Party,Sport - Collision,Sport,less than 20000,1247,3,400,1,none,15 to 30,1,new,over 65,Yes,Yes,Internal,1 to 2,1 year,2 vehicles,1996,All Perils,0
Jun,5,Thursday,Toyota,Rural,Wednesday,Mar,5,Female,Single,76,Policy Holder,Sport - Liability,Utility,20000 to 29000,1248,11,500,4,15 to 30,none,none,5 years,36 to 40,Yes,No,External,1 to 2,4 to 8 years,more than 8,1995,All Perils,0
Apr,5,Monday,Nissan,Rural,Monday,Dec,3,Female,Widow,69,Policy Holder,Sedan - Collision,Sport,60000 to 69000,1249,8,500,2,none,more than 30,1,5 years,26 to 30,No,Yes,External,none,2 to 3 years,3 to 4,1996,Liability,0
Dec,5,Tuesday,Pontiac,Urban,Tuesday,Dec,3,Male,Widow,76,Policy Holder,Sedan - Liability,Utility,40000 to 59000,1250,7,500,1,15 to 30,more than 30,2 to 4,5 years,16 to 17,No,Yes,External,1 to 2,1 year,1 vehicle,1995,Collision,0
Mar,3,Friday,Toyota,Rural,Wednesday,Jan,5,Male,Widow,80,Third Party,Sport - Collision,Sport,60000 to 69000,1251,13,500,2,8 to 15,more than 30,1,new,16 to 17,Yes,Yes,External,3 to 5,1 year,more than 8,1996,All Perils,0
May,4,Tuesday,Toyota,Rural,Thursday,May,2,Female,Married,30,Policy Holder,Sport - Collision,Sedan,40000 to 59000,1252,8,300,4,1 to 7,none,none,7 years,51 to 65,No,Yes,External,1 to 2,1 year,5 to 8,1995,All Perils,0
Jan,5,Tuesday,Mazda,Urban,Sunday,May,3,Female,Divorced,71,Third Party,Sport - Collision,Utility,40000 to 59000,1253,1,700,3,15 to 30,more than 30,none,5 years,26 to 30,No,Yes,Internal,1 to 2,1 year,2 vehicles,1994,All Perils,1
Oct,2,Thursday,BMW,Rural,Monday,Jun,5,Male,Divorced,57,Policy Holder,Sedan - All Perils,Utility,20000 to 29000,1254,7,300,3,1 to 7,none,1,7 years,41 to 50,No,No,Internal,more than 5,1 year,5 to 8,1995,All Perils,1
Aug,1,Tuesday,BMW,Rural,Sunday,Oct,1,Female,Single,72,Policy Holder,Sport - Liability,Sedan,20000 to 29000,1255,16,700,3,more than 30,none,none,5 years,51 to 65,No,Yes,External,1 to 2,4 to 8 years,more than 8,1994,All Perils,0
Feb,2,Monday,Toyota,Rural,Wednesday,Sep,1,Male,Single,58,Third Party,Sport - Collision,Sedan,20000 to 29000,1256,16,700,1,8 to 15,15 to 30,more than 4,3 years,26 to 30,Yes,Yes,Internal,1 to 2,no change,1 vehicle,1994,Collision,0
Mar,4,Friday,BMW,Urban,Saturday,Mar,1,Male,Single,25,Policy Holder,Sport - Liability,Utility,60000 to 69000,1257,10,500,4,15 to 30,more than 30,none,7 years,21 to 25,Yes,No,External,3 to 5,under 6 months,1 vehicle,1994,All Perils,0
Jul,3,Friday,Nissan,Urban,Friday,Aug,2,Female,Single,53,Third Party,Sport - Liability,Sedan,more than 69000,1258,11,500,3,1 to 7,none,none,3 years,21 to 25,Yes,No,Internal,none,no change,5 to 8,1995,Liability,0
Jul,1,Saturday,Ford,Rural,Sunday,Dec,1,Female,Widow,65,Policy Holder,Sedan - All Perils,Sedan,less than 20000,1259,5,300,3,more than 30,8 to 15,2 to 4,4 years,36 to 40,Yes,No,External,more than 5,4 to 8 years,2 vehicles,1994,All Perils,0
Oct,3,Sunday,Honda,Urban,Monday,Jun,1,Female,Widow,25,Policy Holder,Sedan - Collision,Sport,40000 to 59000,1260,13,700,3,1 to 7,8 to 15,2 to 4,new,41 to 50,No,Yes,Internal,3 to 5,no change,more than 8,1994,All Perils,0
Apr,1,Monday,Nissan,Urban,Sunday,Dec,5,Female,Married,49,Third Party,Sport - Collision,Sedan,30000 to 39000,1261,10,500,2,8 to 15,15 to 30,2 to 4,2 years,26 to 30,Yes,Yes,Internal,3 to 5,2 to 3 years,5 to 8,1995,Collision,0
Dec,3,Wednesday,Chevrolet,Urban,Monday,Aug,3,Male,Widow,59,Third Party,Sport - Collision,Sedan,40000 to 59000,1262,1,400,3,more than 30,15 to 30,none,new,36 to 40,Yes,Yes,Internal,1 to 2,no change,more than 8,1994,Collision,0
Jun,3,Tuesday,BMW,Rural,Sunday,Dec,2,Female,Divorced,47,Third Party,Sport - Collision,Utility,20000 to 29000,1263,16,500,4,more than 30,15 to 30,2 to 4,4 years,31 to 35,Yes,Yes,Internal,3 to 5,1 year,5 to 8,1996,Collision,0
Oct,4,Sunday,Ford,Urban,Friday,Nov,3,Male,Divorced,68,Policy Holder,Sport - Collision,Sedan,less than 20000,1264,14,500,2,15 to 30,none,more than 4,3 years,18 to 20,Yes,Yes,Internal,more than 5,4 to 8 years,more than 8,1996,Liability,1
Mar,3,Thursday,Ford,Rural,Thursday,Jan,5,Female,Married,25,Third Party,Sedan - All Perils,Utility,20000 to 29000,1265,2,400,1,15 to 30,more than 30,2 to 4,3 years,31 to 35,No,Yes,Internal,3 to 5,4 to 8 years,5 to 8,1994,Liability,0
Jan,3,Monday,Ford,Urban,Wednesday,Oct,3,Female,Widow,39,Third Party,Sedan - Liability,Sport,20000 to 29000,1266,7,400,3,15 to 30,15 to 30,1,7 years,41 to 50,Yes,Yes,Internal,none,no change,1 vehicle,1994,All Perils,0
Jan,4,Friday,Toyota,Urban,Monday,Mar,3,Male,Widow,77,Third Party,Sedan - All Perils,Sedan,less than 20000,1267,12,300,4,8 to 15,15 to 30,1,6 years,over 65,Yes,No,External,3 to 5,2 to 3 years,2 vehicles,1994,Liability,0
May,4,Monday,Chevrolet,Urban,Saturday,Oct,5,Female,Divorced,50,Policy Holder,Utility - All Perils,Sedan,30000 to 39000,1268,12,700,4,15 to 30,8 to 15,more than 4,7 years,26 to 30,No,No,External,more than 5,under 6 months,more than 8,1994,All Perils,1
Dec,5,Tuesday,Honda,Rural,Saturday,Oct,1,Male,Divorced,29,Third Party,Sport - Liability,Sport,60000 to 69000,1269,3,500,4,8 to 15,none,none,7 years,21 to 25,No,No,Internal,3 to 5,2 to 3 years,2 vehicles,1994,Liability,0
Jan,2,Saturday,Mercedes,Urban,Sunday,Apr,3,Female,Married,25,Policy Holder,Sport - Liability,Sport,more than 69000,1270,1,400,2,8 to 15,15 to 30,2 to 4,2 years,over 65,No,No,Internal,3 to 5,1 year,more than 8,1996,Liability,0
May,3,Thursday,Chevrolet,Urban,Saturday,Jan,4,Male,Divorced,55,Policy Holder,Sport - Liability,Utility,40000 to 59000,1271,16,500,4,1 to 7,8 to 15,1,5 years,over 65,No,Yes,Internal,1 to 2,2 to 3 years,more than 8,1996,Collision,0
Feb,2,Saturday,Nissan,Rural,Sunday,Jun,3,Male,Married,76,Third Party,Utility - All Perils,Sedan,20000 to 29000,1272,15,500,1,1 to 7,none,more than 4,7 years,51 to 65,Yes,No,Internal,none,4 to 8 years,5 to 8,1996,Liability,0
Dec,3,Thursday,Chevrolet,Rural,Sunday,Apr,5,Female,Divorced,21,Third Party,Sedan - Collision,Sport,30000 to 39000,1273,12,300,3,none,15 to 30,none,3 years,26 to 30,No,Yes,External,3 to 5,under 6 months,1 vehicle,1996,Collision,0
Sep,1,Saturday,Ford,Urban,Wednesday,Jul,5,Female,Divorced,24,Third Party,Sport - Liability,Utility,20000 to 29000,1274,11,300,4,15 to 30,8 to 15,2 to 4,4 years,21 to 25,No,No,External,1 to 2,no change,1 vehicle,1996,All Perils,1
Oct,3,Thursday,Chevrolet,Urban,Friday,Jan,2,Male,Divorced,41,Policy Holder,Sedan - Liability,Sedan,20000 to 29000,1275,11,300,4,none,more than 30,1,5 years,36 to 40,Yes,Yes,External,none,under 6 months,5 to 8,1995,All Perils,0
Sep,1,Monday,Toyota,Rural,Tuesday,Jan,5,Female,Single,31,Policy Holder,Sedan - Collision,Utility,more than 69000,1276,8,300,3,none,15 to 30,1,7 years,21 to 25,No,No,Internal,1 to 2,under 6 months,3 to 4,1994,All Perils,0
Aug,3,Monday,Mercedes,Urban,Saturday,Jun,2,Female,Single,25,Third Party,Sedan - Liability,Utility,40000 to 59000,1277,11,700,3,1 to 7,8 to 15,1,2 years,41 to 50,Yes,Yes,External,none,no change,3 to 4,1996,Collision,0
Oct,5,Saturday,BMW,Urban,Friday,Oct,2,Female,Divorced,36,Policy Holder,Sedan - All Perils,Sedan,30000 to 39000,1278,5,300,2,none,none,none,4 years,26 to 30,Yes,No,Internal,3 to 5,2 to 3 years,1 vehicle,1995,Collision,0
Jan,5,Monday,Toyota,Urban,Thursday,Apr,5,Female,Single,58,Third Party,Sedan - Liability,Sedan,30000 to 39000,1279,2,700,4,15 to 30,8 to 15,more than 4,2 years,21 to 25,No,No,External,3 to 5,4 to 8 years,3 to 4,1996,All Perils,1
Nov,3,Wednesday,Pontiac,Rural,Friday,Apr,1,Male,Single,70,Policy Holder,Sedan - All Perils,Utility,20000 to 29000,1280,5,500,4,none,none,2 to 4,6 years,51 to 65,No,Yes,Internal,1 to 2,1 year,1 vehicle,1996,Liability,0
Sep,1,Monday,Chevrolet,Urban,Tuesday,Feb,2,Female,Married,37,Third Party,Sedan - Liability,Utility,30000 to 39000,1281,5,300,1,8 to 15,none,2 to 4,2 years,26 to 30,No,No,External,3 to 5,1 year,1 vehicle,1995,All Perils,1
Sep,2,Wednesday,Toyota,Urban,Friday,Apr,4,Female,Married,62,Third Party,Sedan - Liability,Sedan,40000 to 59000,1282,5,700,1,15 to 30,8 to 15,2 to 4,3 years,18 to 20,Yes,Yes,External,3 to 5,1 year,more than 8,1996,Collision,0
May,1,Friday,Toyota,Urban,Thursday,Apr,3,Female,Single,69,Third Party,Sedan - All Perils,Utility,more than 69000,1283,8,300,4,8 to 15,15 to 30,2 to 4,3 years,51 to 65,Yes,Yes,External,1 to 2,4 to 8 years,5 to 8,1995,Collision,0
Oct,4,Tuesday,BMW,Rural,Wednesday,Apr,5,Female,Single,18,Policy Holder,Sedan - All Perils,Sedan,30000 to 39000,1284,3,700,4,8 to 15,none,2 to 4,new,21 to 25,Yes,No,External,3 to 5,no change,more than 8,1994,Collision,0
May,5,Thursday,Ford,Rural,Sunday,May,2,Female,Married,71,Third Party,Sedan - All Perils,Sedan,20000 to 29000,1285,7,300,1,1 to 7,none,1,6 years,36 to 40,Yes,No,Internal,none,1 year,more than 8,1995,Liability,0
Jan,3,Sunday,Chevrolet,Rural,Monday,Apr,3,Female,Widow,29,Policy Holder,Sedan - All Perils,Sport,more than 69000,1286,8,500,2,8 to 15,none,none,3 years,36 to 40,Yes,Yes,External,3 to 5,4 to 8 years,more than 8,1995,Liability,0
Nov,1,Monday,Ford,Urban,Saturday,Sep,1,Female,Widow,61,Third Party,Sedan - All Perils,Utility,20000 to 29000,1287,4,400,3,15 to 30,more than 30,none,4 years,16 to 17,Yes,No,External,none,no change,3 to 4,1994,Liability,0
Mar,1,Monday,Pontiac,Urban,Tuesday,May,2,Female,Divorced,65,Third Party,Sedan - Liability,Sedan,less than 20000,1288,8,500,1,8 to 15,more than 30,2 to 4,6 years,16 to 17,Yes,Yes,External,3 to 5,1 year,2 vehicles,1994,Collision,0
Feb,5,Tuesday,Honda,Urban,Tuesday,Oct,1,Female,Divorced,71,Third Party,Sedan - All Perils,Sport,40000 to 59000,1289,11,700,3,15 to 30,8 to 15,none,7 years,51 to 65,No,Yes,External,none,no change,5 to 8,1996,All Perils,1
Aug,2,Saturday,Mazda,Rural,Tuesday,Aug,4,Female,Single,43,Third Party,Utility - All Perils,Sedan,60000 to 69000,1290,7,700,4,more than 30,8 to 15,1,more than 7,16 to 17,Yes,No,External,more than 5,4 to 8 years,5 to 8,1995,Liability,0
Mar,1,Wednesday,Chevrolet,Rural,Monday,Aug,2,Male,Widow,59,Third Party,Sedan - Liability,Sedan,20000 to 29000,1291,1,400,1,1 to 7,8 to 15,2 to 4,2 years,21 to 25,Yes,Yes,External,none,2 to 3 years,3 to 4,1994,Liability,1
Nov,1,Friday,Mazda,Urban,Monday,Aug,4,Male,Single,19,Policy Holder,Sedan - Liability,Utility,20000 to 29000,1292,12,300,4,none,15 to 30,2 to 4,6 years,41 to 50,Yes,Yes,External,1 to 2,4 to 8 years,3 to 4,1995,All Perils,0
Jun,2,Monday,Pontiac,Rural,Saturday,Dec,2,Female,Married,46,Third Party,Sport - Liability,Sport,20000 to 29000,1293,10,400,1,8 to 15,15 to 30,none,3 years,18 to 20,No,Yes,External,3 to 5,under 6 months,2 vehicles,1996,Collision,0
Jan,4,Saturday,Toyota,Rural,Sunday,Apr,3,Male,Married,78,Third Party,Sport - Collision,Utility,60000 to 69000,1294,7,700,1,1 to 7,8 to 15,2 to 4,7 years,31 to 35,Yes,Yes,External,1 to 2,2 to 3 years,3 to 4,1995,All Perils,1
Dec,5,Monday,Mazda,Rural,Friday,Dec,5,Female,Widow,27,Third Party,Sedan - Collision,Utility,more than 69000,1295,1,500,3,none,15 to 30,more than 4,4 years,18 to 20,No,Yes,External,none,2 to 3 years,more than 8,1996,Collision,1
Jul,2,Friday,BMW,Urban,Monday,Mar,5,Female,Married,27,Policy Holder,Sport - Liability,Utility,more than 69000,1296,2,700,4,15 to 30,none,1,new,36 to 40,Yes,Yes,External,none,no change,3 to 4,1995,All Perils,0
Apr,4,Tuesday,Mazda,Rural,Sunday,Feb,1,Male,Divorced,62,Third Party,Sedan - Collision,Sedan,20000 to 29000,1297,2,400,4,15 to 30,15 to 30,none,7 years,41 to 50,No,No,Internal,more than 5,2 to 3 years,3 to 4,1994,Collision,0
Sep,1,Sunday,Toyota,Urban,Friday,Oct,4,Male,Married,50,Policy Holder,Sport - Collision,Utility,more than 69000,1298,14,500,4,15 to 30,more than 30,2 to 4,7 years,21 to 25,Yes,Yes,Internal,none,2 to 3 years,more than 8,1996,Liability,0
Jul,1,Wednesday,Mercedes,Urban,Thursday,Nov,5,Male,Divorced,46,Policy Holder,Sport - Collision,Utility,20000 to 29000,1299,5,300,4,15 to 30,none,2 to 4,3 years,21 to 25,Yes,Yes,External,3 to 5,2 to 3 years,more than 8,1995,All Perils,0
Jan,1,Tuesday,Mercedes,Urban,Sunday,Feb,4,Male,Divorced,33,Third Party,Sedan - Collision,Sport,more than 69000,1300,7,300,4,8 to 15,15 to 30,1,7 years,31 to 35,No,No,Internal,1 to 2,1 year,5 to 8,1996,Collision,0
Oct,5,Wednesday,BMW,Rural,Wednesday,Aug,1,Female,Widow,28,Policy Holder,Sport - Liability,Sedan,more than 69000,1301,12,500,2,8 to 15,15 to 30,2 to 4,4 years,51 to 65,No,No,External,none,4 to 8 years,1 vehicle,1994,Collision,0
May,3,Monday,Mercedes,Rural,Wednesday,Jul,4,Female,Single,64,Policy Holder,Sport - Collision,Sedan,60000 to 69000,1302,11,300,1,1 to 7,more than 30,more than 4,4 years,31 to 35,No,Yes,External,1 to 2,no change,more than 8,1996,Collision,0
Sep,5,Tuesday,Mercedes,Urban,Saturday,Mar,4,Male,Widow,40,Third Party,Sedan - Collision,Sport,more than 69000,1303,2,400,4,15 to 30,more than 30,2 to 4,3 years,41 to 50,No,Yes,Internal,none,under 6 months,1 vehicle,1994,Collision,0
Nov,1,Friday,BMW,Urban,Thursday,Jul,4,Male,Married,66,Policy Holder,Sport - Liability,Sedan,less than 20000,1304,15,400,1,more than 30,none,more than 4,4 years,26 to 30,No,Yes,External,more than 5,under 6 months,1 vehicle,1994,Collision,0
Aug,1,Wednesday,Chevrolet,Rural,Saturday,Sep,3,Male,Married,45,Third Party,Sport - Collision,Sedan,40000 to 59000,1305,5,500,3,more than 30,none,none,more than 7,18 to 20,Yes,Yes,Internal,more than 5,4 to 8 years,2 vehicles,1996,All Perils,1
Sep,5,Wednesday,Honda,Rural,Friday,Jul,3,Female,Married,43,Third Party,Utility - All Perils,Sport,less than 20000,1306,13,700,4,8 to 15,none,1,new,over 65,Yes,Yes,Internal,none,no change,3 to 4,1996,All Perils,0
Apr,1,Saturday,Pontiac,Urban,Saturday,Jul,4,Female,Married,32,Policy Holder,Sport - Liability,Sport,40000 to 59000,1307,14,700,1,none,15 to 30,2 to 4,5 years,51 to 65,Yes,No,Internal,more than 5,no change,1 vehicle,1996,Collision,0
Mar,1,Monday,Ford,Urban,Wednesday,Nov,3,Male,Married,59,Third Party,Sedan - Collision,Utility,30000 to 39000,1308,9,500,4,more than 30,15 to 30,1,2 years,16 to 17,Yes,No,External,3 to 5,4 to 8 years,3 to 4,1994,All Perils,0
May,3,Wednesday,BMW,Urban,Monday,Mar,4,Female,Divorced,35,Policy Holder,Utility - All Perils,Utility,more than 69000,1309,3,700,2,8 to 15,15 to 30,more than 4,new,21 to 25,Yes,Yes,External,3 to 5,under 6 months,more than 8,1996,Liability,0
Nov,4,Tuesday,Chevrolet,Urban,Thursday,Aug,4,Male,Married,75,Third Party,Sedan - Liability,Sedan,30000 to 39000,1310,9,500,1,15 to 30,8 to 15,2 to 4,new,26 to 30,Yes,Yes,Internal,none,2 to 3 years,5 to 8,1994,All Perils,1
Jul,2,Thursday,Nissan,Rural,Friday,Apr,2,Female,Married,43,Policy Holder,Sedan - All Perils,Sedan,60000 to 69000,1311,4,300,2,1 to 7,none,1,3 years,16 to 17,Yes,Yes,Internal,none,under 6 months,more than 8,1995,Collision,0
May,3,Wednesday,Pontiac,Urban,Saturday,Dec,4,Male,Widow,69,Third Party,Sport - Collision,Sedan,20000 to 29000,1312,14,400,2,more than 30,none,more than 4,6 years,51 to 65,Yes,Yes,External,none,2 to 3 years,more than 8,1995,Liability,0
Oct,4,Monday,Chevrolet,Rural,Tuesday,Apr,4,Female,Single,47,Third Party,Sport - Collision,Sedan,less than 20000,1313,13,700,2,more than 30,8 to 15,more than 4,6 years,18 to 20,Yes,Yes,Internal,more than 5,4 to 8 years,more than 8,1996,All Perils,1
Nov,3,Monday,Nissan,Rural,Saturday,Nov,3,Female,Widow,44,Policy Holder,Sedan - Collision,Sport,60000 to 69000,1314,14,700,1,none,8 to 15,none,7 years,18 to 20,Yes,Yes,External,1 to 2,2 to 3 years,1 vehicle,1996,Collision,0
Nov,2,Saturday,Chevrolet,Rural,Saturday,Aug,4,Male,Divorced,46,Third Party,Sedan - Collision,Utility,20000 to 29000,1315,14,400,1,8 to 15,8 to 15,2 to 4,2 years,21 to 25,No,No,Internal,3 to 5,under 6 months,5 to 8,1995,Liability,0
Apr,1,Monday,Mazda,Rural,Saturday,Mar,1,Female,Divorced,45,Third Party,Sport - Liability,Utility,60000 to 69000,1316,3,400,2,8 to 15,none,1,new,over 65,Yes,No,Internal,1 to 2,2 to 3 years,1 vehicle,1994,Liability,0
Sep,3,Saturday,Mazda,Urban,Saturday,Oct,2,Female,Single,48,Third Party,Utility - All Perils,Utility,30000 to 39000,1317,1,700,1,15 to 30,8 to 15,more than 4,more than 7,21 to 25,Yes,Yes,External,more than 5,4 to 8 years,5 to 8,1995,Collision,1
Aug,5,Sunday,Mercedes,Urban,Sunday,Mar,4,Male,Married,73,Policy Holder,Sport - Liability,Sport,more than 69000,1318,11,300,3,1 to 7,more than 30,1,more than 7,26 to 30,No,No,External,none,4 to 8 years,more than 8,1994,Collision,1
Jun,4,Thursday,BMW,Rural,Friday,Apr,5,Male,Single,62,Policy Holder,Sport - Collision,Sport,30000 to 39000,1319,10,700,4,none,none,1,6 years,41 to 50,Yes,Yes,Internal,more than 5,under 6 months,1 vehicle,1996,All Perils,0
May,5,Wednesday,Toyota,Rural,Wednesday,May,4,Male,Widow,20,Third Party,Sport - Liability,Utility,30000 to 39000,1320,14,500,1,1 to 7,more than 30,more than 4,7 years,18 to 20,Yes,No,External,none,under 6 months,3 to 4,1994,Collision,1
Feb,1,Saturday,Chevrolet,Rural,Thursday,Sep,4,Female,Married,21,Policy Holder,Sedan - Collision,Sedan,60000 to 69000,1321,11,700,1,8 to 15,none,more than 4,7 years,16 to 17,No,Yes,Internal,more than 5,1 year,1 vehicle,1995,All Perils,0
Apr,1,Sunday,Mazda,Urban,Saturday,May,2,Male,Divorced,19,Policy Holder,Utility - All Perils,Sport,60000 to 69000,1322,13,400,3,1 to 7,15 to 30,none,5 years,16 to 17,No,Yes,External,3 to 5,under 6 months,3 to 4,1995,All Perils,0
Jul,3,Monday,Pontiac,Rural,Tuesday,Jul,4,Male,Single,61,Policy Holder,Sedan - Liability,Sport,less than 20000,1323,6,500,1,8 to 15,none,2 to 4,4 years,18 to 20,Yes,No,Internal,1 to 2,2 to 3 years,3 to 4,1995,Collision,0
Nov,1,Sunday,Honda,Urban,Friday,Jul,2,Female,Divorced,30,Policy Holder,Sport - Collision,Sport,60000 to 69000,1324,2,400,3,1 to 7,8 to 15,more than 4,more than 7,21 to 25,Yes,No,Internal,1 to 2,1 year,more than 8,1996,All Perils,1
Nov,3,Sunday,BMW,Urban,Friday,Mar,1,Female,Married,42,Policy Holder,Sedan - All Perils,Sport,30000 to 39000,1325,1,300,2,15 to 30,more than 30,none,6 years,over 65,Yes,No,Internal,3 to 5,1 year,2 vehicles,1994,All Perils,0
Mar,5,Monday,BMW,Rural,Friday,Mar,2,Female,Divorced,70,Policy Holder,Utility - All Perils,Sport,more than 69000,1326,7,400,2,8 to 15,more than 30,2 to 4,more than 7,over 65,Yes,Yes,Internal,1 to 2,4 to 8 years,5 to 8,1995,Liability,0
Sep,2,Monday,Ford,Urban,Wednesday,Apr,4,Male,Single,26,Third Party,Sedan - Collision,Sedan,40000 to 59000,1327,1,700,3,none,15 to 30,more than 4,2 years,36 to 40,No,Yes,External,none,under 6 months,5 to 8,1994,Collision,1
Feb,3,Saturday,Toyota,Urban,Saturday,Mar,5,Female,Married,27,Third Party,Sport - Collision,Utility,60000 to 69000,1328,9,300,4,15 to 30,15 to 30,more than 4,2 years,over 65,No,Yes,Internal,1 to 2,4 to 8 years,5 to 8,1995,All Perils,1
Sep,4,Monday,Pontiac,Urban,Monday,Dec,3,Male,Married,23,Third Party,Sedan - Liability,Utility,30000 to 39000,1329,7,300,1,1 to 7,15 to 30,none,6 years,16 to 17,Yes,Yes,External,more than 5,1 year,more than 8,1996,Collision,1
May,1,Friday,Ford,Urban,Saturday,May,5,Male,Divorced,35,Policy Holder,Sedan - Collision,Utility,20000 to 29000,1330,5,700,1,1 to 7,more than 30,more than 4,more than 7,36 to 40,Yes,No,Internal,1 to 2,4 to 8 years,1 vehicle,1996,All Perils,1
Jun,5,Monday,Nissan,Rural,Saturday,May,4,Female,Widow,23,Third Party,Sedan - All Perils,Utility,60000 to 69000,1331,10,700,3,15 to 30,15 to 30,1,5 years,26 to 30,No,No,Internal,1 to 2,1 year,1 vehicle,1995,All Perils,0
Sep,2,Friday,BMW,Rural,Sunday,Sep,3,Female,Divorced,57,Third Party,Sport - Liability,Sport,less than 20000,1332,11,700,1,1 to 7,15 to 30,1,4 years,18 to 20,Yes,Yes,External,none,2 to 3 years,5 to 8,1995,Collision,0
Jun,5,Tuesday,Nissan,Rural,Sunday,Oct,5,Female,Widow,64,Third Party,Sedan - Collision,Sedan,40000 to 59000,1333,1,700,2,none,none,1,new,31 to 35,No,No,Internal,none,no change,1 vehicle,1996,Collision,1
Oct,4,Monday,Chevrolet,Urban,Wednesday,Sep,3,Male,Divorced,29,Third Party,Sport - Liability,Sedan,more than 69000,1334,8,700,2,1 to 7,more than 30,2 to 4,2 years,31 to 35,Yes,No,External,1 to 2,under 6 months,3 to 4,1995,Collision,1
Jul,1,Monday,Nissan,Rural,Monday,Jul,3,Female,Widow,51,Policy Holder,Sport - Collision,Utility,more than 69000,1335,16,700,2,1 to 7,15 to 30,none,2 years,41 to 50,No,Yes,Internal,more than 5,1 year,3 to 4,1996,All Perils,0
Dec,4,Tuesday,Honda,Rural,Friday,Dec,4,Male,Widow,37,Third Party,Utility - All Perils,Sedan,60000 to 69000,1336,5,700,3,15 to 30,8 to 15,2 to 4,2 years,26 to 30,Yes,No,Internal,3 to 5,under 6 months,5 to 8,1995,Liability,1
Aug,1,Thursday,Ford,Urban,Monday,Nov,4,Male,Divorced,23,Third Party,Sedan - Collision,Sport,30000 to 39000,1337,13,500,1,15 to 30,none,none,6 years,26 to 30,No,Yes,Internal,1 to 2,no change,1 vehicle,1994,All Perils,0
Apr,3,Monday,Honda,Rural,Tuesday,Mar,3,Male,Divorced,47,Policy Holder,Sedan - Collision,Sedan,60000 to 69000,1338,6,400,2,none,15 to 30,more than 4,6 years,21 to 25,No,No,External,3 to 5,1 year,3 to 4,1996,Liability,0
Oct,5,Saturday,BMW,Rural,Friday,Feb,3,Female,Widow,61,Policy Holder,Utility - All Perils,Sedan,less than 20000,1339,5,400,1,15 to 30,more than 30,1,4 years,31 to 35,Yes,No,External,more than 5,under 6 months,5 to 8,1996,Collision,1
May,5,Friday,Chevrolet,Rural,Friday,May,5,Male,Married,32,Policy Holder,Sedan - Collision,Sedan,60000 to 69000,1340,14,400,4,15 to 30,more than 30,2 to 4,more than 7,16 to 17,Yes,Yes,Internal,more than 5,2 to 3 years,1 vehicle,1996,Liability,0
Jul,5,Wednesday,Ford,Rural,Friday,Nov,1,Female,Widow,67,Policy Holder,Sedan - Collision,Sedan,20000 to 29000,1341,6,500,4,none,more than 30,none,4 years,36 to 40,No,No,External,1 to 2,1 year,2 vehicles,1995,All Perils,0
Feb,3,Sunday,Ford,Rural,Saturday,Dec,1,Male,Widow,80,Third Party,Sport - Liability,Sedan,60000 to 69000,1342,14,500,2,1 to 7,more than 30,none,4 years,26 to 30,No,Yes,Internal,more than 5,1 year,2 vehicles,1994,All Perils,1
Feb,3,Friday,Pontiac,Rural,Tuesday,Sep,3,Female,Divorced,21,Third Party,Sport - Liability,Sport,30000 to 39000,1343,11,300,1,15 to 30,15 to 30,none,5 years,21 to 25,No,Yes,Internal,more than 5,4 to 8 years,2 vehicles,1994,Liability,0
Jul,2,Friday,Toyota,Rural,Saturday,Sep,1,Female,Widow,28,Third Party,Sedan - Liability,Utility,60000 to 69000,1344,13,300,2,8 to 15,more than 30,more than 4,5 years,26 to 30,No,No,External,none,no change,3 to 4,1996,Liability,1
Mar,5,Tuesday,Chevrolet,Rural,Friday,Mar,2,Female,Divorced,36,Third Party,Utility - All Perils,Sedan,40000 to 59000,1345,14,500,4,1 to 7,none,none,2 years,over 65,Yes,No,External,more than 5,2 to 3 years,1 vehicle,1995,Collision,0
Dec,3,Friday,Pontiac,Urban,Wednesday,Aug,3,Male,Widow,71,Policy Holder,Sport - Collision,Utility,more than 69000,1346,15,700,4,15 to 30,8 to 15,none,3 years,41 to 50,No,Yes,Internal,none,1 year,3 to 4,1995,Collision,0
Nov,4,Thursday,Ford,Rural,Thursday,Mar,3,Male,Divorced,26,Policy Holder,Sedan - Collision,Sport,60000 to 69000,1347,9,700,3,15 to 30,8 to 15,2 to 4,6 years,51 to 65,Yes,No,Internal,more than 5,2 to 3 years,1 vehicle,1995,Liability,0
Sep,2,Sunday,Ford,Rural,Thursday,Jul,2,Female,Divorced,47,Third Party,Sport - Collision,Utility,more than 69000,1348,16,300,4,8 to 15,15 to 30,more than 4,7 years,26 to 30,Yes,No,External,more than 5,4 to 8 years,1 vehicle,1996,All Perils,1
Sep,4,Thursday,Mazda,Urban,Thursday,Mar,2,Male,Divorced,51,Third Party,Sedan - Collision,Sport,less than 20000,1349,1,500,1,none,8 to 15,none,4 years,26 to 30,No,Yes,External,3 to 5,under 6 months,3 to 4,1995,Collision,1
Aug,2,Friday,Pontiac,Rural,Wednesday,Jan,4,Female,Single,26,Policy Holder,Sedan - Collision,Utility,30000 to 39000,1350,8,500,3,15 to 30,8 to 15,1,new,16 to 17,Yes,No,Internal,1 to 2,under 6 months,more than 8,1995,All Perils,0
Jan,4,Wednesday,Ford,Rural,Tuesday,Dec,5,Male,Divorced,20,Third Party,Sedan - Liability,Utility,30000 to 39000,1351,7,400,4,none,more than 30,2 to 4,7 years,41 to 50,No,No,Internal,more than 5,2 to 3 years,5 to 8,1995,All Perils,0
May,1,Monday,Mazda,Rural,Tuesday,Nov,4,Female,Married,25,Policy Holder,Sedan - Liability,Utility,less than 20000,1352,2,500,1,more than 30,15 to 30,1,5 years,16 to 17,No,Yes,External,1 to 2,2 to 3 years,2 vehicles,1995,Liability,0
Jun,1,Monday,Chevrolet,Rural,Wednesday,Sep,3,Male,Divorced,21,Third Party,Sport - Collision,Sport,less than 20000,1353,14,400,2,none,15 to 30,none,4 years,over 65,Yes,Yes,External,more than 5,no change,2 vehicles,1995,Collision,1
Nov,2,Sunday,Toyota,Urban,Tuesday,Aug,1,Male,Married,49,Policy Holder,Sport - Liability,Utility,less than 20000,1354,13,700,2,none,none,more than 4,5 years,41 to 50,Yes,Yes,Internal,3 to 5,under 6 months,3 to 4,1994,All Perils,0
Mar,3,Saturday,Pontiac,Rural,Thursday,Mar,2,Male,Married,77,Policy Holder,Sedan - All Perils,Utility,60000 to 69000,1355,12,700,1,1 to 7,15 to 30,1,7 years,31 to 35,No,Yes,External,1 to 2,4 to 8 years,1 vehicle,1995,All Perils,1
Jun,4,Wednesday,Toyota,Rural,Sunday,Jul,3,Female,Widow,40,Policy Holder,Sedan - Liability,Sedan,30000 to 39000,1356,11,500,1,1 to 7,8 to 15,2 to 4,new,36 to 40,Yes,Yes,Internal,3 to 5,1 year,5 to 8,1995,Liability,0
May,2,Friday,Toyota,Urban,Monday,Sep,2,Female,Widow,34,Third Party,Sedan - All Perils,Utility,60000 to 69000,1357,10,400,4,1 to 7,15 to 30,1,3 years,over 65,Yes,Yes,Internal,none,4 to 8 years,1 vehicle,1995,Liability,0
Feb,1,Monday,Ford,Rural,Wednesday,Jul,4,Male,Widow,32,Policy Holder,Sport - Liability,Sedan,more than 69000,1358,7,500,3,more than 30,more than 30,2 to 4,more than 7,18 to 20,Yes,Yes,External,none,2 to 3 years,5 to 8,1995,All Perils,0
Feb,2,Monday,Ford,Urban,Monday,Apr,2,Male,Single,79,Policy Holder,Utility - All Perils,Sport,less than 20000,1359,11,700,1,1 to 7,8 to 15,more than 4,3 years,41 to 50,Yes,Yes,Internal,3 to 5,under 6 months,2 vehicles,1995,Collision,0
May,3,Thursday,Honda,Urban,Sunday,May,5,Male,Divorced,78,Third Party,Sport - Liability,Sedan,more than 69000,1360,16,400,3,more than 30,more than 30,1,more than 7,51 to 65,No,No,Internal,none,under 6 months,2 vehicles,1996,Liability,0
Jan,3,Friday,Nissan,Rural,Friday,Nov,2,Female,Married,58,Third Party,Sedan - All Perils,Utility,20000 to 29000,1361,5,700,3,none,15 to 30,more than 4,3 years,36 to 40,Yes,Yes,Internal,3 to 5,4 to 8 years,3 to 4,1996,Collision,0
Jan,4,Sunday,Ford,Rural,Tuesday,Apr,3,Male,Divorced,47,Policy Holder,Sport - Collision,Utility,30000 to 39000,1362,6,500,2,15 to 30,8 to 15,1,4 years,36 to 40,No,No,External,none,2 to 3 years,1 vehicle,1996,Liability,0
May,2,Saturday,Mercedes,Rural,Wednesday,Dec,4,Male,Married,28,Third Party,Sedan - Liability,Utility,more than 69000,1363,2,300,2,none,more than 30,1,new,31 to 35,Yes,No,Internal,3 to 5,1 year,2 vehicles,1995,Collision,0
Mar,4,Tuesday,Nissan,Urban,Saturday,Oct,2,Female,Widow,76,Third Party,Sedan - All Perils,Sedan,20000 to 29000,1364,15,500,3,1 to 7,none,none,6 years,18 to 20,No,No,External,none,2 to 3 years,2 vehicles,1995,All Perils,0
Jul,4,Saturday,Mercedes,Rural,Sunday,Nov,4,Female,Widow,18,Policy Holder,Sport - Collision,Sedan,more than 69000,1365,9,300,4,none,15 to 30,1,2 years,over 65,Yes,Yes,Internal,none,1 year,more than 8,1995,Liability,0
Jan,4,Thursday,Mercedes,Urban,Friday,Jul,3,Female,Single,28,Third Party,Sedan - Liability,Sport,40000 to 59000,1366,10,500,4,1 to 7,8 to 15,2 to 4,7 years,21 to 25,Yes,Yes,External,none,under 6 months,1 vehicle,1996,Liability,0
Apr,3,Saturday,Honda,Rural,Tuesday,Mar,4,Female,Married,60,Policy Holder,Sedan - Liability,Sedan,less than 20000,1367,5,700,2,8 to 15,15 to 30,2 to 4,2 years,26 to 30,No,No,Internal,more than 5,4 to 8 years,1 vehicle,1995,Collision,1
Jun,5,Tuesday,Mazda,Rural,Friday,Jan,3,Female,Widow,29,Third Party,Sport - Liability,Sport,60000 to 69000,1368,1,700,1,more than 30,none,1,new,over 65,No,Yes,Internal,3 to 5,4 to 8 years,2 vehicles,1996,Liability,0
Dec,2,Monday,BMW,Rural,Friday,Jul,5,Female,Divorced,24,Policy Holder,Sedan - Collision,Sedan,less than 20000,1369,13,500,1,15 to 30,15 to 30,1,4 years,16 to 17,No,No,External,3 to 5,4 to 8 years,3 to 4,1996,Collision,0
Aug,4,Monday,Pontiac,Urban,Friday,May,4,Female,Divorced,55,Policy Holder,Sedan - Liability,Sport,40000 to 59000,1370,14,300,1,15 to 30,none,none,new,26 to 30,Yes,No,External,1 to 2,2 to 3 years,5 to 8,1996,Liability,0
Nov,1,Sunday,Honda,Rural,Monday,Feb,1,Female,Married,19,Third Party,Sport - Collision,Sport,30000 to 39000,1371,6,700,1,8 to 15,8 to 15,more than 4,3 years,36 to 40,No,Yes,External,more than 5,4 to 8 years,3 to 4,1995,Collision,1
May,1,Monday,Pontiac,Urban,Friday,Dec,3,Female,Widow,35,Third Party,Sedan - Collision,Sport,less than 20000,1372,13,400,4,1 to 7,more than 30,1,6 years,21 to 25,Yes,No,Internal,none,1 year,3 to 4,1995,Collision,1
Jun,5,Sunday,Mercedes,Rural,Monday,Dec,5,Male,Single,58,Third Party,Utility - All Perils,Utility,40000 to 59000,1373,10,300,3,1 to 7,15 to 30,1,5 years,41 to 50,Yes,Yes,Internal,1 to 2,under 6 months,3 to 4,1996,All Perils,0
Jun,3,Saturday,Mercedes,Urban,Sunday,May,2,Female,Divorced,29,Policy Holder,Utility - All Perils,Utility,30000 to 39000,1374,11,700,1,none,8 to 15,more than 4,5 years,31 to 35,No,No,Internal,none,no change,1 vehicle,1994,All Perils,0
Nov,4,Tuesday,Mazda,Rural,Sunday,Sep,3,Female,Divorced,65,Third Party,Sport - Liability,Sedan,less than 20000,1375,3,300,4,15 to 30,8 to 15,2 to 4,new,21 to 25,Yes,No,Internal,3 to 5,under 6 months,1 vehicle,1994,All Perils,0
Dec,4,Sunday,Ford,Urban,Thursday,May,4,Female,Divorced,23,Third Party,Sedan - Collision,Sport,40000 to 59000,1376,10,400,1,15 to 30,none,more than 4,6 years,18 to 20,Yes,Yes,Internal,more than 5,1 year,5 to 8,1996,Liability,0
Dec,4,Tuesday,Ford,Rural,Friday,Jun,2,Female,Married,56,Third Party,Utility - All Perils,Utility,less than 20000,1377,3,300,3,8 to 15,none,1,new,21 to 25,Yes,No,External,more than 5,no change,more than 8,1996,All Perils,1
Oct,2,Tuesday,Ford,Rural,Monday,Aug,3,Male,Married,22,Policy Holder,Sedan - Collision,Utility,40000 to 59000,1378,4,500,1,8 to 15,15 to 30,1,5 years,51 to 65,Yes,No,Internal,none,under 6 months,1 vehicle,1995,Liability,0
Jul,1,Friday,Mazda,Urban,Sunday,May,3,Male,Divorced,64,Third Party,Sedan - Collision,Sport,20000 to 29000,1379,6,700,3,1 to 7,8 to 15,2 to 4,7 years,31 to 35,No,No,External,more than 5,4 to 8 years,more than 8,1995,Liability,1
Jul,1,Wednesday,Ford,Rural,Tuesday,Oct,1,Female,Widow,65,Third Party,Utility - All Perils,Sedan,60000 to 69000,1380,4,500,3,more than 30,none,more than 4,6 years,51 to 65,No,Yes,Internal,1 to 2,under 6 months,more than 8,1995,All Perils,1
Dec,5,Wednesday,Chevrolet,Urban,Tuesday,Mar,1,Female,Single,68,Policy Holder,Sport - Liability,Sport,more than 69000,1381,15,700,4,more than 30,8 to 15,more than 4,3 years,41 to 50,Yes,No,External,1 to 2,under 6 months,5 to 8,1996,All Perils,0
Apr,2,Tuesday,Honda,Rural,Friday,Sep,3,Female,Widow,35,Policy Holder,Sedan - Liability,Utility,more than 69000,1382,1,700,3,8 to 15,8 to 15,1,2 years,51 to 65,No,No,External,3 to 5,2 to 3 years,3 to 4,1995,Liability,0
May,3,Friday,Ford,Urban,Sunday,Dec,1,Female,Widow,32,Third Party,Utility - All Perils,Sedan,more than 69000,1383,15,700,2,15 to 30,more than 30,2 to 4,7 years,51 to 65,No,No,Internal,1 to 2,4 to 8 years,2 vehicles,1995,All Perils,0
Nov,3,Monday,Ford,Urban,Thursday,Nov,5,Female,Married,79,Third Party,Sedan - Liability,Sport,less than 20000,1384,3,300,3,1 to 7,none,1,2 years,36 to 40,No,Yes,Internal,none,4 to 8 years,3 to 4,1994,Liability,0
May,1,Tuesday,Toyota,Urban,Thursday,Jan,3,Male,Married,63,Policy Holder,Sport - Liability,Sport,40000 to 59000,1385,14,300,3,none,8 to 15,1,4 years,26 to 30,No,Yes,External,3 to 5,4 to 8 years,1 vehicle,1994,Collision,0
Mar,3,Thursday,Mercedes,Rural,Thursday,Feb,4,Male,Single,29,Policy Holder,Sedan - All Perils,Sedan,20000 to 29000,1386,6,400,2,1 to 7,none,1,2 years,41 to 50,Yes,No,External,none,no change,2 vehicles,1994,Liability,0
Jul,1,Thursday,BMW,Rural,Wednesday,Aug,2,Female,Married,19,Third Party,Sedan - Liability,Sport,less than 20000,1387,15,500,3,more than 30,none,none,new,over 65,Yes,Yes,Internal,3 to 5,no change,2 vehicles,1994,Collision,0
Apr,1,Friday,Nissan,Rural,Friday,Dec,2,Male,Single,40,Policy Holder,Sport - Liability,Utility,30000 to 39000,1388,9,700,3,8 to 15,15 to 30,more than 4,4 years,21 to 25,No,No,External,none,2 to 3 years,3 to 4,1994,All Perils,0
Nov,1,Tuesday,Pontiac,Urban,Sunday,Nov,3,Male,Married,59,Policy Holder,Sport - Liability,Sport,30000 to 39000,1389,8,400,4,more than 30,none,none,5 years,31 to 35,No,Yes,External,more than 5,4 to 8 years,2 vehicles,1996,Collision,1
Nov,5,Friday,Honda,Rural,Wednesday,Nov,4,Female,Single,41,Third Party,Utility - All Perils,Utility,20000 to 29000,1390,3,500,1,1 to 7,15 to 30,1,7 years,51 to 65,No,No,External,more than 5,2 to 3 years,3 to 4,1995,Collision,1
Apr,3,Saturday,Nissan,Urban,Saturday,Feb,2,Female,Married,68,Third Party,Sport - Collision,Sport,less than 20000,1391,7,300,3,8 to 15,more than 30,1,6 years,36 to 40,Yes,No,External,3 to 5,4 to 8 years,5 to 8,1994,Liability,0
Jul,5,Wednesday,Chevrolet,Urban,Saturday,Jul,2,Male,Widow,49,Policy Holder,Sport - Liability,Utility,30000 to 39000,1392,9,500,4,none,8 to 15,none,7 years,18 to 20,No,No,External,3 to 5,2 to 3 years,more than 8,1995,Collision,0
Dec,3,Tuesday,BMW,Urban,Saturday,Sep,1,Male,Married,80,Third Party,Utility - All Perils,Sport,less than 20000,1393,16,700,3,15 to 30,none,1,7 years,26 to 30,Yes,Yes,Internal,1 to 2,under 6 months,more than 8,1994,Liability,0
Sep,2,Thursday,Mazda,Urban,Saturday,Aug,3,Male,Single,72,Third Party,Utility - All Perils,Utility,less than 20000,1394,5,400,4,1 to 7,more than 30,more than 4,4 years,21 to 25,Yes,Yes,Internal,3 to 5,4 to 8 years,1 vehicle,1995,Collision,0
Mar,4,Friday,Chevrolet,Rural,Sunday,Oct,4,Male,Divorced,47,Third Party,Sport - Collision,Sedan,30000 to 39000,1395,2,300,2,none,more than 30,1,3 years,31 to 35,No,Yes,Internal,3 to 5,2 to 3 years,3 to 4,1994,Liability,1
Aug,5,Monday,Chevrolet,Rural,Saturday,Mar,3,Female,Married,70,Third Party,Sedan - Liability,Sport,less than 20000,1396,5,400,3,1 to 7,more than 30,2 to 4,5 years,over 65,Yes,Yes,External,more than 5,under 6 months,3 to 4,1994,Collision,1
Aug,3,Thursday,Ford,Rural,Sunday,Jun,2,Male,Widow,46,Policy Holder,Sedan - All Perils,Sedan,more than 69000,1397,4,700,1,15 to 30,more than 30,2 to 4,4 years,51 to 65,No,Yes,External,none,1 year,3 to 4,1996,Collision,0
Aug,1,Tuesday,Chevrolet,Rural,Saturday,Jun,2,Female,Widow,18,Third Party,Sport - Collision,Sedan,more than 69000,1398,16,700,2,more than 30,more than 30,more than 4,3 years,over 65,Yes,No,Internal,3 to 5,1 year,5 to 8,1994,All Perils,0
Jan,2,Thursday,BMW,Rural,Saturday,Dec,2,Male,Widow,37,Policy Holder,Sedan - Liability,Sedan,more than 69000,1399,3,500,1,more than 30,15 to 30,2 to 4,new,41 to 50,No,Yes,External,3 to 5,no change,2 vehicles,1996,All Perils,0
Apr,5,Sunday,Honda,Urban,Sunday,Mar,2,Female,Married,43,Third Party,Sedan - Liability,Sedan,less than 20000,1400,16,500,4,1 to 7,more than 30,2 to 4,4 years,31 to 35,Yes,Yes,Internal,1 to 2,under 6 months,3 to 4,1995,All Perils,0
Nov,3,Thursday,Toyota,Urban,Sunday,Apr,2,Male,Divorced,79,Third Party,Sedan - All Perils,Sedan,30000 to 39000,1401,2,400,4,8 to 15,8 to 15,more than 4,4 years,36 to 40,No,No,Internal,1 to 2,under 6 months,more than 8,1996,Collision,1
Mar,5,Saturday,Mercedes,Rural,Friday,Jan,5,Female,Divorced,70,Third Party,Utility - All Perils,Utility,60000 to 69000,1402,13,700,1,8 to 15,more than 30,2 to 4,more than 7,31 to 35,Yes,Yes,External,1 to 2,under 6 months,3 to 4,1994,Collision,0
Apr,3,Wednesday,Pontiac,Urban,Friday,Feb,2,Female,Divorced,27,Policy Holder,Sedan - Collision,Sport,40000 to 59000,1403,7,700,4,15 to 30,none,2 to 4,7 years,16 to 17,Yes,No,External,none,1 year,3 to 4,1995,Collision,0
Apr,1,Sunday,Nissan,Urban,Sunday,Dec,2,Male,Married,18,Third Party,Utility - All Perils,Utility,20000 to 29000,1404,1,700,2,15 to 30,more than 30,none,3 years,18 to 20,Yes,Yes,External,1 to 2,1 year,more than 8,1996,All Perils,0
Mar,5,Saturday,Pontiac,Rural,Wednesday,Nov,4,Male,Married,51,Policy Holder,Sport - Liability,Utility,60000 to 69000,1405,10,700,3,none,8 to 15,2 to 4,new,31 to 35,No,No,External,none,4 to 8 years,1 vehicle,1994,All Perils,0
Feb,4,Sunday,Pontiac,Urban,Monday,Apr,5,Male,Single,51,Policy Holder,Sedan - Collision,Utility,20000 to 29000,1406,12,500,4,none,8 to 15,more than 4,7 years,36 to 40,Yes,No,External,1 to 2,no change,2 vehicles,1995,Liability,0
May,4,Saturday,Nissan,Rural,Sunday,Sep,3,Male,Married,64,Third Party,Sedan - Collision,Sport,more than 69000,1407,14,700,4,8 to 15,15 to 30,1,4 years,21 to 25,No,Yes,Internal,1 to 2,4 to 8 years,3 to 4,1994,All Perils,0
Nov,5,Friday,Pontiac,Rural,Friday,Aug,4,Female,Divorced,34,Third Party,Sport - Liability,Utility,less than 20000,1408,3,500,1,8 to 15,none,none,new,16 to 17,No,No,External,more than 5,under 6 months,1 vehicle,1995,Collision,1
Jan,1,Thursday,Ford,Rural,Wednesday,Nov,1,Female,Married,69,Policy Holder,Sport - Liability,Sport,60000 to 69000,1409,10,500,1,more than 30,more than 30,2 to 4,7 years,16 to 17,Yes,No,External,more than 5,under 6 months,3 to 4,1996,All Perils,0
Apr,5,Sunday,Chevrolet,Rural,Saturday,Apr,3,Male,Divorced,44,Third Party,Sport - Collision,Sport,less than 20000,1410,10,500,1,more than 30,15 to 30,none,3 years,21 to 25,No,No,Internal,none,no change,more than 8,1995,Collision,0
Jan,2,Saturday,Ford,Urban,Monday,Dec,1,Male,Divorced,39,Third Party,Utility - All Perils,Utility,more than 69000,1411,8,300,4,none,none,2 to 4,2 years,51 to 65,No,No,External,1 to 2,no change,5 to 8,1995,Collision,0
Jul,5,Wednesday,Mazda,Urban,Thursday,May,1,Female,Widow,44,Policy Holder,Sedan - Liability,Sedan,30000 to 39000,1412,15,700,3,8 to 15,more than 30,more than 4,6 years,26 to 30,No,Yes,External,none,no change,1 vehicle,1995,Liability,0
Apr,1,Monday,BMW,Rural,Tuesday,Sep,3,Female,Widow,77,Third Party,Sedan - All Perils,Sedan,less than 20000,1413,7,400,1,8 to 15,none,1,7 years,over 65,Yes,Yes,External,1 to 2,under 6 months,more than 8,1994,All Perils,0
Oct,3,Monday,Toyota,Rural,Wednesday,May,2,Female,Divorced,42,Policy Holder,Sport - Collision,Sedan,more than 69000,1414,7,500,3,8 to 15,more than 30,none,7 years,over 65,Yes,No,External,1 to 2,under 6 months,5 to 8,1994,Liability,0
Aug,4,Tuesday,BMW,Urban,Sunday,Sep,1,Female,Single,53,Policy Holder,Sedan - Liability,Utility,more than 69000,1415,9,700,3,none,more than 30,1,3 years,51 to 65,Yes,Yes,Internal,1 to 2,under 6 months,more than 8,1995,Liability,0
Oct,1,Monday,Pontiac,Rural,Thursday,May,1,Female,Single,74,Policy Holder,Utility - All Perils,Sport,more than 69000,1416,15,300,3,more than 30,15 to 30,none,5 years,over 65,Yes,Yes,External,none,no change,1 vehicle,1996,Liability,0
Aug,1,Tuesday,Ford,Rural,Monday,Nov,4,Female,Single,19,Third Party,Sport - Collision,Sedan,30000 to 39000,1417,14,400,3,none,15 to 30,1,4 years,21 to 25,Yes,No,External,more than 5,under 6 months,more than 8,1994,Collision,1
Jun,5,Monday,Honda,Urban,Wednesday,Aug,3,Female,Divorced,51,Third Party,Sedan - Collision,Utility,less than 20000,1418,12,700,1,more than 30,more than 30,1,7 years,over 65,No,Yes,External,more than 5,no change,1 vehicle,1994,Liability,0
Nov,1,Sunday,BMW,Rural,Tuesday,Apr,2,Male,Married,62,Policy Holder,Sedan - Collision,Sedan,20000 to 29000,1419,2,400,2,more than 30,more than 30,more than 4,2 years,over 65,No,Yes,External,more than 5,2 to 3 years,1 vehicle,1995,Collision,0
Jun,4,Monday,Mercedes,Rural,Sunday,Dec,5,Female,Single,74,Policy Holder,Sedan - Liability,Sedan,less than 20000,1420,5,500,3,more than 30,15 to 30,more than 4,7 years,51 to 65,No,No,Internal,1 to 2,2 to 3 years,2 vehicles,1995,All Perils,1
Dec,5,Friday,BMW,Rural,Wednesday,Sep,2,Male,Single,21,Third Party,Sport - Collision,Sport,less than 20000,1421,1,500,4,none,none,1,3 years,18 to 20,Yes,No,External,3 to 5,no change,more than 8,1996,Liability,1
Dec,4,Wednesday,Mazda,Rural,Wednesday,Jun,5,Female,Married,63,Third Party,Utility - All Perils,Utility,less than 20000,1422,2,700,1,8 to 15,15 to 30,more than 4,5 years,21 to 25,Yes,No,Internal,none,2 to 3 years,more than 8,1995,Liability,1
Aug,3,Tuesday,Pontiac,Rural,Wednesday,Feb,2,Female,Married,68,Third Party,Sedan - Liability,Utility,40000 to 59000,1423,14,500,3,none,none,1,5 years,36 to 40,No,No,External,3 to 5,4 to 8 years,5 to 8,1995,Collision,1
Sep,3,Friday,Mazda,Rural,Tuesday,Dec,1,Male,Single,40,Third Party,Sedan - All Perils,Utility,60000 to 69000,1424,14,400,4,15 to 30,none,none,3 years,16 to 17,Yes,No,Internal,3 to 5,4 to 8 years,1 vehicle,1995,Collision,0
Apr,4,Sunday,Mazda,Urban,Saturday,Oct,1,Male,Single,65,Third Party,Sport - Collision,Utility,40000 to 59000,1425,2,300,3,more than 30,none,more than 4,2 years,51 to 65,No,No,Internal,3 to 5,no change,more than 8,1996,All Perils,1
Oct,3,Saturday,Ford,Rural,Friday,Sep,2,Male,Divorced,49,Third Party,Sedan - All Perils,Sedan,20000 to 29000,1426,8,400,1,8 to 15,8 to 15,1,3 years,26 to 30,Yes,Yes,External,more than 5,4 to 8 years,2 vehicles,1996,Liability,1
Sep,3,Sunday,Toyota,Rural,Thursday,Oct,1,Female,Divorced,59,Policy Holder,Sport - Collision,Sport,40000 to 59000,1427,5,500,3,none,more than 30,more than 4,5 years,16 to 17,No,No,External,none,1 year,5 to 8,1995,All Perils,0
Nov,1,Friday,Nissan,Rural,Wednesday,Aug,1,Male,Single,42,Policy Holder,Sport - Liability,Utility,20000 to 29000,1428,2,500,1,1 to 7,none,2 to 4,5 years,21 to 25,No,No,Internal,1 to 2,4 to 8 years,2 vehicles,1996,Collision,0
Apr,4,Friday,Pontiac,Rural,Friday,Mar,2,Male,Married,29,Policy Holder,Utility - All Perils,Utility,30000 to 39000,1429,7,700,2,none,none,more than 4,5 years,26 to 30,Yes,Yes,Internal,1 to 2,under 6 months,3 to 4,1996,Collision,0
Oct,4,Tuesday,Toyota,Urban,Monday,Mar,5,Female,Married,70,Third Party,Sport - Collision,Sport,more than 69000,1430,2,700,3,8 to 15,none,2 to 4,6 years,36 to 40,Yes,No,Internal,1 to 2,2 to 3 years,1 vehicle,1995,Liability,0
Jun,4,Saturday,Mercedes,Urban,Sunday,Jan,2,Female,Married,31,Third Party,Sport - Liability,Sedan,less than 20000,1431,12,400,1,1 to 7,none,2 to 4,new,36 to 40,No,No,Internal,3 to 5,4 to 8 years,more than 8,1994,All Perils,0
Mar,1,Saturday,Toyota,Urban,Thursday,Jan,2,Male,Single,29,Third Party,Sedan - Collision,Utility,more than 69000,1432,16,300,1,more than 30,15 to 30,none,4 years,26 to 30,No,No,External,3 to 5,under 6 months,1 vehicle,1994,Liability,1
Mar,4,Tuesday,Pontiac,Rural,Tuesday,Sep,5,Male,Divorced,73,Policy Holder,Sedan - Liability,Sport,20000 to 29000,1433,7,400,4,1 to 7,more than 30,1,3 years,36 to 40,Yes,Yes,External,3 to 5,2 to 3 years,more than 8,1995,Collision,0
Jul,4,Wednesday,Toyota,Rural,Thursday,Nov,2,Female,Widow,76,Policy Holder,Sedan - Liability,Sport,60000 to 69000,1434,4,400,3,1 to 7,none,1,4 years,over 65,Yes,Yes,Internal,none,no change,more than 8,1996,Collision,0
Apr,1,Friday,Mazda,Urban,Saturday,Feb,5,Female,Divorced,56,Third Party,Sedan - Liability,Utility,20000 to 29000,1435,8,700,2,1 to 7,more than 30,1,4 years,26 to 30,No,No,Internal,3 to 5,2 to 3 years,1 vehicle,1995,Collision,1
Feb,5,Monday,Pontiac,Rural,Tuesday,Jul,4,Female,Married,54,Policy Holder,Sport - Liability,Sport,less than 20000,1436,16,700,1,more than 30,more than 30,2 to 4,2 years,26 to 30,Yes,Yes,Internal,3 to 5,4 to 8 years,5 to 8,1995,Liability,0
Jun,3,Saturday,Nissan,Urban,Thursday,Feb,5,Male,Divorced,40,Third Party,Sedan - Liability,Sport,30000 to 39000,1437,3,700,1,1 to 7,none,more than 4,more than 7,16 to 17,No,Yes,External,none,under 6 months,2 vehicles,1995,All Perils,0
Aug,3,Tuesday,Nissan,Urban,Friday,May,3,Male,Widow,56,Policy Holder,Sedan - All Perils,Sedan,30000 to 39000,1438,11,700,2,more than 30,8 to 15,none,new,26 to 30,Yes,No,Internal,3 to 5,4 to 8 years,2 vehicles,1995,Collision,0
Apr,4,Monday,Nissan,Rural,Saturday,Oct,3,Male,Single,56,Third Party,Sport - Collision,Sedan,40000 to 59000,1439,2,300,3,15 to 30,more than 30,2 to 4,5 years,21 to 25,No,No,Internal,3 to 5,2 to 3 years,2 vehicles,1996,All Perils,1
Dec,3,Wednesday,Ford,Urban,Thursday,Oct,2,Female,Married,50,Third Party,Sport - Liability,Sport,20000 to 29000,1440,5,300,1,1 to 7,15 to 30,more than 4,4 years,41 to 50,No,Yes,External,more than 5,1 year,2 vehicles,1995,Collision,0
Oct,3,Saturday,Honda,Rural,Saturday,Dec,3,Male,Divorced,59,Policy Holder,Sedan - Liability,Utility,more than 69000,1441,8,500,4,8 to 15,none,1,6 years,18 to 20,No,No,Internal,1 to 2,under 6 months,more than 8,1995,Liability,0
Jul,2,Tuesday,Nissan,Rural,Saturday,Apr,4,Male,Divorced,52,Policy Holder,Utility - All Perils,Utility,60000 to 69000,1442,7,400,2,none,none,1,7 years,36 to 40,Yes,No,Internal,more than 5,1 year,1 vehicle,1995,All Perils,0
Dec,5,Thursday,Nissan,Urban,Sunday,Dec,5,Male,Widow,73,Third Party,Sedan - All Perils,Sport,more than 69000,1443,3,700,1,more than 30,8 to 15,1,6 years,41 to 50,Yes,Yes,Internal,3 to 5,4 to 8 years,2 vehicles,1994,Collision,0
Jun,5,Saturday,Ford,Urban,Wednesday,Oct,1,Male,Single,60,Policy Holder,Sedan - Liability,Utility,60000 to 69000,1444,13,400,1,more than 30,more than 30,more than 4,7 years,21 to 25,No,No,Internal,more than 5,no change,2 vehicles,1996,Collision,0
Feb,1,Monday,Honda,Urban,Friday,May,1,Female,Widow,42,Third Party,Sedan - Liability,Sedan,60000 to 69000,1445,11,300,4,1 to 7,more than 30,more than 4,3 years,16 to 17,Yes,No,External,none,4 to 8 years,3 to 4,1995,Collision,1
Jan,4,Saturday,Pontiac,Urban,Tuesday,Apr,1,Male,Divorced,59,Policy Holder,Utility - All Perils,Utility,less than 20000,1446,7,300,2,none,8 to 15,2 to 4,more than 7,41 to 50,No,No,Internal,none,no change,2 vehicles,1995,Collision,0
Dec,1,Wednesday,Honda,Rural,Saturday,Feb,4,Female,Single,32,Policy Holder,Utility - All Perils,Sport,40000 to 59000,1447,7,400,2,8 to 15,15 to 30,1,new,36 to 40,Yes,Yes,Internal,none,4 to 8 years,5 to 8,1994,Collision,0
Dec,2,Friday,Honda,Rural,Sunday,Dec,1,Male,Married,31,Policy Holder,Sport - Liability,Sedan,more than 69000,1448,2,300,1,15 to 30,15 to 30,2 to 4,6 years,36 to 40,Yes,Yes,External,more than 5,1 year,more than 8,1996,Collision,0
Sep,5,Tuesday,Nissan,Rural,Wednesday,Mar,5,Male,Single,70,Policy Holder,Sedan - All Perils,Sedan,less than 20000,1449,11,400,4,15 to 30,8 to 15,2 to 4,2 years,51 to 65,Yes,No,Internal,3 to 5,4 to 8 years,5 to 8,1996,All Perils,0
Feb,1,Monday,Chevrolet,Rural,Thursday,Apr,2,Female,Single,54,Policy Holder,Utility - All Perils,Utility,30000 to 39000,1450,4,500,4,none,15 to 30,more than 4,2 years,16 to 17,No,Yes,External,3 to 5,no change,2 vehicles,1996,Collision,0
Apr,2,Saturday,Toyota,Rural,Saturday,May,2,Female,Divorced,21,Policy Holder,Sedan - Collision,Sport,20000 to 29000,1451,5,700,1,none,8 to 15,none,7 years,18 to 20,No,No,Internal,none,no change,more than 8,1996,All Perils,0
Jan,2,Saturday,Pontiac,Rural,Monday,Feb,5,Female,Single,40,Third Party,Sedan - Collision,Sedan,60000 to 69000,1452,14,500,3,1 to 7,15 to 30,none,6 years,31 to 35,No,No,Internal,1 to 2,1 year,3 to 4,1995,Collision,1
Jan,4,Sunday,Mazda,Rural,Friday,Oct,4,Male,Single,80,Third Party,Sport - Liability,Utility,more than 69000,1453,11,300,2,15 to 30,15 to 30,1,6 years,36 to 40,Yes,Yes,Internal,1 to 2,2 to 3 years,2 vehicles,1995,All Perils,1
Mar,3,Friday,Chevrolet,Rural,Saturday,Sep,3,Female,Single,58,Policy Holder,Sedan - Collision,Sedan,less than 20000,1454,12,400,1,1 to 7,15 to 30,1,7 years,over 65,No,No,Internal,more than 5,2 to 3 years,5 to 8,1994,Collision,0
Jul,3,Thursday,Nissan,Rural,Sunday,Feb,5,Male,Divorced,72,Policy Holder,Sport - Collision,Sport,60000 to 69000,1455,5,700,4,more than 30,more than 30,2 to 4,3 years,36 to 40,No,Yes,External,none,2 to 3 years,more than 8,1996,Collision,0
Jan,5,Tuesday,Ford,Urban,Tuesday,Feb,4,Female,Married,52,Third Party,Sport - Collision,Utility,30000 to 39000,1456,9,400,1,1 to 7,15 to 30,2 to 4,6 years,18 to 20,No,No,Internal,more than 5,4 to 8 years,2 vehicles,1994,Collision,1
Dec,3,Wednesday,Pontiac,Urban,Saturday,Jan,4,Male,Divorced,20,Third Party,Sedan - Liability,Sedan,more than 69000,1457,1,500,4,more than 30,15 to 30,more than 4,2 years,51 to 65,Yes,Yes,External,1 to 2,2 to 3 years,2 vehicles,1995,Collision,0
Jun,4,Friday,Mercedes,Rural,Saturday,Dec,2,Female,Married,29,Policy Holder,Utility - All Perils,Utility,less than 20000,1458,4,700,1,more than 30,more than 30,more than 4,4 years,26 to 30,No,No,External,more than 5,4 to 8 years,5 to 8,1994,All Perils,1
Apr,1,Wednesday,Mazda,Urban,Monday,Jun,5,Male,Widow,23,Third Party,Sedan - Liability,Utility,20000 to 29000,1459,13,300,2,15 to 30,15 to 30,none,4 years,51 to 65,Yes,Yes,Internal,1 to 2,no change,3 to 4,1995,Collision,0
Jul,2,Thursday,Nissan,Urban,Friday,Aug,4,Female,Divorced,64,Policy Holder,Utility - All Perils,Utility,60000 to 69000,1460,8,400,1,none,8 to 15,more than 4,5 years,21 to 25,Yes,No,External,none,under 6 months,5 to 8,1994,Collision,0
Oct,5,Tuesday,Chevrolet,Urban,Friday,Feb,5,Male,Widow,65,Third Party,Sedan - Collision,Utility,60000 to 69000,1461,11,500,1,none,15 to 30,more than 4,new,51 to 65,Yes,No,Internal,3 to 5,no change,3 to 4,1996,All Perils,1
Apr,5,Thursday,Chevrolet,Urban,Sunday,Mar,5,Female,Widow,46,Third Party,Sedan - All Perils,Utility,less than 20000,1462,13,700,2,none,more than 30,1,new,31 to 35,No,No,Internal,none,1 year,1 vehicle,1994,Liability,0
Jan,4,Tuesday,Mercedes,Rural,Monday,Jul,3,Female,Single,63,Third Party,Sedan - Collision,Sedan,less than 20000,1463,15,700,4,15 to 30,more than 30,none,new,36 to 40,Yes,No,Internal,none,under 6 months,2 vehicles,1996,Liability,1
Jan,2,Monday,Pontiac,Rural,Sunday,Mar,2,Male,Single,52,Third Party,Sport - Collision,Sedan,30000 to 39000,1464,2,400,2,15 to 30,8 to 15,more than 4,3 years,over 65,Yes,No,Internal,more than 5,2 to 3 years,more than 8,1996,Collision,0
Nov,1,Monday,Mercedes,Urban,Thursday,Aug,5,Male,Widow,64,Policy Holder,Sedan - Liability,Sedan,less than 20000,1465,10,400,3,more than 30,8 to 15,none,5 years,18 to 20,Yes,Yes,Internal,none,1 year,more than 8,1996,Collision,0
Feb,5,Thursday,Mercedes,Rural,Tuesday,Dec,5,Female,Married,60,Third Party,Sedan - Collision,Sedan,60000 to 69000,1466,16,700,4,more than 30,8 to 15,none,2 years,21 to 25,Yes,No,Internal,more than 5,1 year,2 vehicles,1994,All Perils,1
Aug,4,Wednesday,BMW,Rural,Wednesday,Apr,1,Female,Single,46,Third Party,Sport - Collision,Sport,60000 to 69000,1467,4,700,2,1 to 7,none,1,more than 7,18 to 20,Yes,No,External,1 to 2,2 to 3 years,5 to 8,1996,Collision,0
May,2,Monday,Ford,Rural,Saturday,Aug,4,Female,Single,59,Policy Holder,Sport - Liability,Sedan,60000 to 69000,1468,14,700,4,1 to 7,8 to 15,none,4 years,51 to 65,Yes,No,Internal,1 to 2,4 to 8 years,1 vehicle,1994,All Perils,0
Oct,3,Thursday,Mazda,Rural,Sunday,Nov,4,Female,Married,38,Policy Holder,Utility - All Perils,Sport,30000 to 39000,1469,10,500,2,15 to 30,none,1,3 years,51 to 65,No,No,Internal,1 to 2,no change,2 vehicles,1996,Liability,0
Jan,4,Tuesday,Mercedes,Urban,Wednesday,Nov,4,Male,Single,65,Third Party,Utility - All Perils,Sport,40000 to 59000,1470,6,400,1,15 to 30,8 to 15,none,more than 7,51 to 65,Yes,No,External,1 to 2,under 6 months,5 to 8,1995,Liability,1
Nov,3,Monday,Pontiac,Urban,Sunday,Jan,5,Male,Widow,75,Policy Holder,Utility - All Perils,Sport,40000 to 59000,1471,13,400,2,1 to 7,none,none,2 years,21 to 25,Yes,Yes,Internal,more than 5,1 year,1 vehicle,1996,Liability,0
Sep,5,Monday,Ford,Rural,Friday,Feb,2,Male,Married,31,Third Party,Sport - Liability,Sport,60000 to 69000,1472,14,500,1,none,8 to 15,more than 4,2 years,21 to 25,Yes,Yes,External,3 to 5,no change,5 to 8,1996,Collision,1
Jun,1,Thursday,Ford,Rural,Tuesday,Dec,5,Male,Married,60,Policy Holder,Sport - Liability,Sedan,30000 to 39000,1473,3,400,4,none,15 to 30,1,4 years,26 to 30,No,Yes,External,3 to 5,4 to 8 years,more than 8,1995,All Perils,0
Mar,2,Sunday,BMW,Rural,Friday,Dec,4,Male,Single,24,Policy Holder,Sedan - All Perils,Sedan,40000 to 59000,1474,11,500,1,more than 30,more than 30,2 to 4,new,41 to 50,No,No,External,none,under 6 months,1 vehicle,1995,All Perils,0
Dec,1,Tuesday,Toyota,Rural,Saturday,Apr,1,Female,Widow,41,Policy Holder,Utility - All Perils,Utility,40000 to 59000,1475,15,500,4,1 to 7,more than 30,more than 4,6 years,41 to 50,Yes,Yes,Internal,none,no change,3 to 4,1996,Liability,0
Apr,4,Tuesday,Toyota,Rural,Monday,Jul,3,Male,Single,60,Third Party,Utility - All Perils,Sport,40000 to 59000,1476,11,400,1,15 to 30,15 to 30,1,7 years,over 65,Yes,Yes,External,3 to 5,1 year,2 vehicles,1996,Liability,0
Jun,4,Tuesday,BMW,Urban,Monday,Jul,1,Male,Widow,35,Third Party,Sport - Collision,Sport,more than 69000,1477,9,400,1,more than 30,15 to 30,1,3 years,51 to 65,No,Yes,Internal,1 to 2,no change,5 to 8,1995,All Perils,1
May,5,Wednesday,Ford,Rural,Monday,Sep,5,Female,Divorced,32,Policy Holder,Sedan - Liability,Sport,30000 to 39000,1478,3,700,3,more than 30,more than 30,2 to 4,7 years,over 65,No,No,Internal,more than 5,under 6 months,more than 8,1996,Collision,0
Mar,3,Saturday,BMW,Urban,Thursday,Oct,4,Female,Divorced,42,Third Party,Sedan - Liability,Sport,more than 69000,1479,8,400,1,8 to 15,15 to 30,2 to 4,new,21 to 25,Yes,Yes,External,3 to 5,2 to 3 years,1 vehicle,1995,Collision,0
May,1,Wednesday,Chevrolet,Urban,Monday,May,5,Male,Widow,25,Policy Holder,Sedan - All Perils,Utility,less than 20000,1480,15,400,1,15 to 30,none,none,5 years,36 to 40,No,No,External,1 to 2,under 6 months,5 to 8,1996,Liability,0
Feb,3,Friday,Nissan,Urban,Sunday,Nov,4,Female,Divorced,57,Third Party,Sport - Collision,Sport,30000 to 39000,1481,13,400,4,none,more than 30,more than 4,6 years,31 to 35,No,No,Internal,1 to 2,4 to 8 years,1 vehicle,1995,All Perils,1
Jan,1,Sunday,Chevrolet,Rural,Monday,Jan,2,Female,Divorced,26,Third Party,Sport - Collision,Sport,30000 to 39000,1482,8,400,1,more than 30,15 to 30,none,4 years,18 to 20,Yes,No,Internal,3 to 5,under 6 months,3 to 4,1996,All Perils,0
Apr,4,Sunday,Mercedes,Urban,Monday,Jan,3,Female,Widow,38,Policy Holder,Utility - All Perils,Utility,more than 69000,1483,5,500,3,more than 30,15 to 30,2 to 4,more than 7,over 65,Yes,No,External,1 to 2,no change,3 to 4,1996,Liability,0
Feb,4,Thursday,Mercedes,Rural,Tuesday,Dec,5,Female,Married,37,Third Party,Sport - Collision,Sedan,less than 20000,1484,13,700,1,1 to 7,none,none,4 years,18 to 20,No,No,External,3 to 5,1 year,3 to 4,1996,Liability,1
May,5,Friday,Toyota,Rural,Saturday,Mar,1,Female,Widow,78,Policy Holder,Sport - Collision,Utility,20000 to 29000,1485,16,400,1,1 to 7,8 to 15,none,more than 7,51 to 65,No,No,Internal,more than 5,no change,5 to 8,1996,All Perils,0
Nov,2,Sunday,Nissan,Rural,Sunday,Dec,5,Male,Divorced,80,Third Party,Sport - Liability,Sport,30000 to 39000,1486,5,300,3,15 to 30,8 to 15,none,6 years,21 to 25,Yes,Yes,Internal,1 to 2,2 to 3 years,5 to 8,1995,All Perils,0
Feb,2,Saturday,BMW,Urban,Tuesday,Apr,3,Female,Widow,22,Policy Holder,Utility - All Perils,Sedan,60000 to 69000,1487,13,700,2,8 to 15,more than 30,2 to 4,2 years,18 to 20,Yes,No,External,none,1 year,2 vehicles,1996,All Perils,0
Jan,1,Wednesday,Honda,Rural,Thursday,May,3,Female,Married,27,Third Party,Sport - Collision,Utility,30000 to 39000,1488,5,300,1,15 to 30,8 to 15,1,7 years,36 to 40,Yes,No,Internal,1 to 2,no change,5 to 8,1996,Liability,0
Feb,3,Monday,Honda,Urban,Saturday,Jan,4,Female,Single,64,Third Party,Sport - Collision,Utility,40000 to 59000,1489,14,700,3,none,8 to 15,2 to 4,new,31 to 35,No,Yes,Internal,none,under 6 months,3 to 4,1995,Collision,0
Jul,3,Monday,Ford,Rural,Saturday,Dec,1,Female,Single,36,Policy Holder,Sedan - Liability,Sedan,20000 to 29000,1490,16,300,4,1 to 7,15 to 30,1,2 years,26 to 30,Yes,No,External,3 to 5,4 to 8 years,1 vehicle,1994,Liability,0
Apr,4,Sunday,Honda,Rural,Tuesday,May,1,Female,Married,58,Policy Holder,Sport - Collision,Utility,more than 69000,1491,11,400,3,15 to 30,none,none,7 years,over 65,Yes,Yes,Internal,more than 5,4 to 8 years,5 to 8,1995,Collision,0
Jun,4,Thursday,Mazda,Urban,Saturday,Mar,1,Female,Divorced,76,Third Party,Sedan - Collision,Sedan,60000 to 69000,1492,8,700,2,more than 30,15 to 30,more than 4,more than 7,41 to 50,No,No,Internal,more than 5,2 to 3 years,2 vehicles,1994,Liability,1
Jan,1,Wednesday,Nissan,Urban,Sunday,Jun,4,Male,Widow,28,Policy Holder,Sedan - All Perils,Sedan,less than 20000,1493,6,300,4,none,none,more than 4,4 years,36 to 40,Yes,No,External,3 to 5,4 to 8 years,1 vehicle,1994,Liability,1
Apr,2,Wednesday,Chevrolet,Urban,Saturday,Feb,1,Male,Single,78,Third Party,Sport - Collision,Utility,60000 to 69000,1494,1,300,2,15 to 30,none,more than 4,6 years,51 to 65,No,No,Internal,3 to 5,no change,3 to 4,1996,Liability,1
May,3,Tuesday,Honda,Rural,Thursday,Oct,4,Male,Divorced,21,Policy Holder,Sedan - Liability,Utility,less than 20000,1495,1,500,3,none,8 to 15,none,6 years,51 to 65,No,Yes,Internal,more than 5,2 to 3 years,3 to 4,1996,Liability,0
Jun,2,Saturday,Chevrolet,Rural,Wednesday,Jan,1,Female,Married,32,Policy Holder,Sport - Liability,Utility,40000 to 59000,1496,14,300,2,more than 30,none,more than 4,6 years,18 to 20,No,Yes,Internal,more than 5,no change,5 to 8,1995,All Perils,0
Jul,1,Friday,Toyota,Urban,Sunday,Jun,4,Female,Married,49,Third Party,Sedan - Collision,Sport,60000 to 69000,1497,11,300,3,1 to 7,none,2 to 4,more than 7,26 to 30,No,No,Internal,more than 5,1 year,3 to 4,1995,Collision,0
Oct,5,Sunday,Mercedes,Rural,Sunday,May,5,Male,Divorced,73,Policy Holder,Sport - Collision,Sedan,more than 69000,1498,4,500,3,1 to 7,8 to 15,none,new,over 65,No,Yes,External,none,no change,5 to 8,1994,Liability,0
Jun,4,Wednesday,Honda,Urban,Thursday,Jan,3,Male,Married,52,Policy Holder,Sedan - All Perils,Sport,less than 20000,1499,9,700,2,15 to 30,15 to 30,none,2 years,51 to 65,No,No,Internal,1 to 2,under 6 months,2 vehicles,1995,All Perils,1
Nov,3,Thursday,BMW,Rural,Saturday,Jan,2,Male,Widow,26,Third Party,Sedan - All Perils,Sport,20000 to 29000,1500,15,700,2,more than 30,none,2 to 4,more than 7,16 to 17,Yes,No,Internal,more than 5,no change,5 to 8,1994,Liability,1
Jul,2,Monday,Chevrolet,Urban,Wednesday,Jul,3,Male,Divorced,33,Policy Holder,Sedan - All Perils,Sedan,60000 to 69000,1501,11,700,2,8 to 15,8 to 15,2 to 4,5 years,21 to 25,No,No,Internal,none,under 6 months,more than 8,1995,Liability,0
Apr,5,Sunday,Honda,Urban,Saturday,May,4,Male,Widow,65,Policy Holder,Sedan - Liability,Sport,20000 to 29000,1502,15,500,2,1 to 7,15 to 30,none,5 years,21 to 25,Yes,No,External,3 to 5,2 to 3 years,3 to 4,1995,All Perils,0
Mar,1,Thursday,BMW,Rural,Monday,Feb,4,Male,Widow,53,Third Party,Sedan - Collision,Sedan,60000 to 69000,1503,2,500,1,more than 30,more than 30,1,4 years,31 to 35,No,No,External,3 to 5,2 to 3 years,5 to 8,1996,Collision,0
Apr,3,Thursday,Chevrolet,Urban,Sunday,Feb,4,Male,Married,18,Third Party,Sport - Liability,Sedan,20000 to 29000,1504,2,700,2,more than 30,15 to 30,none,3 years,51 to 65,Yes,No,External,1 to 2,4 to 8 years,2 vehicles,1996,Collision,0
Aug,5,Wednesday,BMW,Urban,Thursday,Oct,3,Female,Divorced,49,Policy Holder,Sedan - Liability,Sedan,less than 20000,1505,11,500,1,8 to 15,15 to 30,more than 4,2 years,31 to 35,No,Yes,Internal,3 to 5,4 to 8 years,5 to 8,1995,Liability,0
Mar,5,Tuesday,Pontiac,Rural,Friday,Sep,4,Female,Single,43,Policy Holder,Sedan - All Perils,Sedan,40000 to 59000,1506,10,300,2,none,more than 30,2 to 4,4 years,18 to 20,Yes,No,External,none,no change,more than 8,1996,Collision,0
Nov,2,Sunday,Mercedes,Urban,Tuesday,Aug,2,Female,Married,18,Third Party,Sedan - Liability,Sedan,60000 to 69000,1507,12,300,2,more than 30,none,1,new,36 to 40,No,No,Internal,none,4 to 8 years,more than 8,1994,Collision,0
Jun,4,Thursday,Chevrolet,Rural,Thursday,Nov,2,Male,Divorced,33,Third Party,Sport - Collision,Utility,20000 to 29000,1508,16,500,1,15 to 30,more than 30,1,3 years,18 to 20,No,No,Internal,1 to 2,under 6 months,more than 8,1994,Liability,0
Nov,1,Friday,Honda,Urban,Monday,Jan,5,Female,Married,76,Policy Holder,Sport - Collision,Utility,more than 69000,1509,2,700,2,8 to 15,8 to 15,more than 4,more than 7,41 to 50,Yes,Yes,External,none,4 to 8 years,2 vehicles,1995,All Perils,0
Sep,1,Monday,Toyota,Urban,Sunday,Sep,3,Female,Single,62,Third Party,Sedan - All Perils,Sport,more than 69000,1510,15,500,3,none,8 to 15,2 to 4,2 years,over 65,No,No,Internal,1 to 2,4 to 8 years,more than 8,1994,All Perils,0
May,2,Tuesday,Chevrolet,Urban,Saturday,Oct,5,Female,Married,22,Third Party,Sport - Liability,Sport,less than 20000,1511,1,400,4,more than 30,15 to 30,1,6 years,36 to 40,No,Yes,External,1 to 2,4 to 8 years,2 vehicles,1996,Liability,0
Mar,5,Saturday,Mazda,Rural,Thursday,Mar,4,Male,Married,19,Third Party,Sedan - Collision,Sedan,20000 to 29000,1512,9,400,3,15 to 30,more than 30,more than 4,new,over 65,Yes,No,External,more than 5,1 year,more than 8,1994,Collision,1
Sep,4,Monday,Mercedes,Urban,Saturday,Jul,3,Female,Widow,39,Third Party,Sport - Collision,Utility,40000 to 59000,1513,14,500,3,1 to 7,more than 30,2 to 4,6 years,31 to 35,Yes,No,External,1 to 2,2 to 3 years,1 vehicle,1996,Collision,0
Apr,3,Monday,Mazda,Urban,Saturday,Oct,3,Female,Single,47,Third Party,Sedan - Collision,Utility,30000 to 39000,1514,11,700,3,1 to 7,more than 30,none,3 years,51 to 65,No,No,Internal,more than 5,1 year,more than 8,1996,Liability,0
Mar,2,Saturday,Mercedes,Rural,Monday,Aug,4,Female,Married,46,Policy Holder,Sport - Collision,Utility,20000 to 29000,1515,4,400,4,1 to 7,8 to 15,2 to 4,6 years,over 65,No,No,External,none,no change,2 vehicles,1994,Collision,0
Dec,1,Wednesday,Toyota,Urban,Monday,Mar,1,Male,Divorced,61,Policy Holder,Sedan - Liability,Sport,40000 to 59000,1516,10,500,4,more than 30,none,more than 4,4 years,18 to 20,No,No,Internal,none,1 year,2 vehicles,1995,Collision,1
Jun,2,Tuesday,Mazda,Urban,Tuesday,Aug,3,Female,Single,28,Third Party,Sedan - Collision,Sedan,more than 69000,1517,15,400,1,8 to 15,none,more than 4,7 years,36 to 40,No,Yes,Internal,1 to 2,under 6 months,3 to 4,1995,Liability,0
Jan,1,Thursday,BMW,Urban,Monday,Oct,4,Female,Divorced,20,Third Party,Sport - Liability,Sport,20000 to 29000,1518,4,300,2,more than 30,more than 30,none,6 years,21 to 25,Yes,Yes,External,1 to 2,no change,3 to 4,1996,Collision,1
Jun,1,Tuesday,Toyota,Urban,Friday,Jan,1,Male,Single,60,Third Party,Sport - Liability,Sport,20000 to 29000,1519,15,400,4,15 to 30,none,more than 4,5 years,16 to 17,No,Yes,External,more than 5,no change,1 vehicle,1995,Liability,0
Jun,4,Monday,Ford,Urban,Thursday,Jul,1,Female,Married,74,Third Party,Sedan - Collision,Sedan,60000 to 69000,1520,11,300,4,1 to 7,8 to 15,more than 4,6 years,21 to 25,No,Yes,Internal,1 to 2,under 6 months,3 to 4,1995,Collision,0
Nov,1,Monday,BMW,Rural,Thursday,Jul,1,Female,Widow,28,Policy Holder,Sedan - Collision,Sedan,40000 to 59000,1521,2,500,3,8 to 15,8 to 15,none,more than 7,18 to 20,No,No,Internal,1 to 2,2 to 3 years,more than 8,1995,Collision,1
Sep,1,Monday,Pontiac,Urban,Monday,May,3,Male,Divorced,40,Third Party,Sedan - Collision,Sedan,60000 to 69000,1522,6,300,2,more than 30,15 to 30,2 to 4,5 years,18 to 20,No,No,Internal,more than 5,4 to 8 years,3 to 4,1994,Collision,1
Mar,3,Tuesday,Mercedes,Urban,Sunday,Jan,2,Female,Married,57,Policy Holder,Sedan - Collision,Utility,40000 to 59000,1523,14,400,1,8 to 15,8 to 15,more than 4,2 years,16 to 17,Yes,Yes,External,more than 5,4 to 8 years,3 to 4,1996,All Perils,0
Feb,2,Friday,Chevrolet,Rural,Sunday,Feb,3,Female,Single,28,Third Party,Utility - All Perils,Sedan,60000 to 69000,1524,6,700,2,15 to 30,15 to 30,none,new,over 65,No,Yes,External,more than 5,2 to 3 years,more than 8,1994,Collision,0
Aug,3,Wednesday,Mercedes,Urban,Friday,Oct,1,Male,Divorced,72,Policy Holder,Sport - Collision,Utility,60000 to 69000,1525,16,300,3,none,15 to 30,more than 4,5 years,26 to 30,Yes,No,Internal,1 to 2,4 to 8 years,1 vehicle,1994,All Perils,1
Jan,1,Monday,Mercedes,Rural,Monday,Oct,2,Male,Divorced,32,Third Party,Sedan - All Perils,Utility,40000 to 59000,1526,7,400,3,8 to 15,more than 30,1,4 years,18 to 20,No,No,External,none,under 6 months,2 vehicles,1994,Collision,0
Apr,2,Monday,Nissan,Urban,Wednesday,Jun,1,Female,Widow,51,Third Party,Sedan - All Perils,Sedan,30000 to 39000,1527,6,500,3,8 to 15,none,1,5 years,26 to 30,No,No,External,none,4 to 8 years,more than 8,1995,All Perils,0
Feb,3,Thursday,Toyota,Rural,Saturday,Dec,5,Female,Single,39,Third Party,Sport - Collision,Sport,30000 to 39000,1528,14,700,1,1 to 7,more than 30,1,6 years,41 to 50,Yes,No,External,none,4 to 8 years,1 vehicle,1996,Liability,0
Jan,4,Saturday,Pontiac,Rural,Saturday,Dec,3,Male,Widow,60,Third Party,Sport - Collision,Sedan,20000 to 29000,1529,13,700,4,more than 30,15 to 30,2 to 4,2 years,36 to 40,Yes,Yes,External,more than 5,no change,2 vehicles,1996,All Perils,1
Dec,3,Wednesday,Toyota,Urban,Tuesday,Aug,1,Female,Married,30,Third Party,Sedan - All Perils,Utility,30000 to 39000,1530,4,300,1,1 to 7,more than 30,more than 4,6 years,16 to 17,No,Yes,External,none,under 6 months,2 vehicles,1995,All Perils,0
Feb,3,Monday,Ford,Rural,Saturday,Jul,3,Male,Married,24,Policy Holder,Utility - All Perils,Sport,40000 to 59000,1531,13,300,2,more than 30,8 to 15,more than 4,more than 7,18 to 20,Yes,No,External,1 to 2,under 6 months,more than 8,1995,Liability,1
Jan,3,Tuesday,Ford,Urban,Sunday,Dec,5,Male,Single,50,Third Party,Sedan - Collision,Sedan,60000 to 69000,1532,5,700,3,none,8 to 15,none,3 years,31 to 35,Yes,No,Internal,3 to 5,no change,1 vehicle,1996,Liability,0
Dec,2,Thursday,Pontiac,Rural,Thursday,Aug,5,Female,Married,72,Policy Holder,Sedan - All Perils,Utility,60000 to 69000,1533,15,500,2,8 to 15,15 to 30,more than 4,more than 7,over 65,Yes,No,Internal,3 to 5,no change,2 vehicles,1995,Liability,1
Mar,2,Tuesday,Mazda,Urban,Wednesday,Dec,5,Male,Divorced,57,Third Party,Sedan - Liability,Utility,30000 to 39000,1534,1,700,1,8 to 15,more than 30,more than 4,more than 7,16 to 17,No,Yes,External,none,4 to 8 years,3 to 4,1994,All Perils,1
Oct,3,Sunday,Mercedes,Rural,Thursday,Dec,3,Female,Single,65,Policy Holder,Sedan - All Perils,Utility,60000 to 69000,1535,11,300,3,1 to 7,none,none,4 years,51 to 65,Yes,Yes,External,3 to 5,no change,1 vehicle,1996,Collision,0
Jan,1,Saturday,Ford,Rural,Monday,Mar,2,Male,Divorced,45,Policy Holder,Utility - All Perils,Sport,30000 to 39000,1536,3,300,1,8 to 15,15 to 30,1,7 years,16 to 17,No,Yes,External,none,2 to 3 years,1 vehicle,1996,Liability,0
Feb,4,Wednesday,Pontiac,Rural,Thursday,Aug,2,Female,Widow,26,Third Party,Utility - All Perils,Utility,30000 to 39000,1537,11,300,4,more than 30,none,none,more than 7,31 to 35,Yes,Yes,External,1 to 2,4 to 8 years,2 vehicles,1994,Liability,0
Feb,4,Sunday,BMW,Urban,Monday,Sep,2,Female,Widow,44,Policy Holder,Sedan - All Perils,Sport,less than 20000,1538,16,300,4,8 to 15,more than 30,more than 4,7 years,21 to 25,No,No,Internal,more than 5,2 to 3 years,1 vehicle,1994,Collision,0
Sep,2,Wednesday,Nissan,Rural,Monday,Oct,5,Male,Divorced,80,Policy Holder,Sedan - Liability,Sport,20000 to 29000,1539,11,700,2,8 to 15,8 to 15,1,4 years,26 to 30,Yes,No,Internal,1 to 2,1 year,more than 8,1995,Liability,0
Aug,2,Monday,Ford,Rural,Thursday,May,1,Female,Single,67,Third Party,Sport - Liability,Sport,60000 to 69000,1540,7,700,2,more than 30,more than 30,1,6 years,over 65,Yes,No,Internal,1 to 2,no change,3 to 4,1995,Collision,0
Jun,2,Sunday,BMW,Rural,Thursday,Nov,5,Male,Divorced,62,Third Party,Sport - Collision,Sedan,20000 to 29000,1541,14,400,4,more than 30,none,more than 4,5 years,18 to 20,No,Yes,External,none,1 year,1 vehicle,1994,Liability,1
Mar,4,Sunday,Honda,Rural,Sunday,Jun,5,Male,Married,36,Policy Holder,Utility - All Perils,Sport,less than 20000,1542,4,300,1,none,none,2 to 4,4 years,36 to 40,Yes,No,Internal,more than 5,under 6 months,5 to 8,1994,Collision,0
Feb,4,Wednesday,Chevrolet,Urban,Thursday,May,5,Male,Married,55,Policy Holder,Sport - Collision,Utility,20000 to 29000,1543,9,300,2,15 to 30,more than 30,more than 4,6 years,21 to 25,Yes,No,Internal,3 to 5,4 to 8 years,5 to 8,1994,Liability,1
Jul,1,Friday,Mazda,Rural,Sunday,Feb,4,Male,Married,57,Policy Holder,Sedan - Liability,Sedan,more than 69000,1544,16,400,1,more than 30,8 to 15,more than 4,more than 7,36 to 40,Yes,Yes,Internal,more than 5,4 to 8 years,5 to 8,1994,All Perils,0
Mar,3,Tuesday,Nissan,Rural,Saturday,Apr,5,Male,Widow,59,Third Party,Utility - All Perils,Sport,less than 20000,1545,6,500,1,more than 30,none,more than 4,new,16 to 17,No,No,External,1 to 2,under 6 months,3 to 4,1994,Liability,1
Aug,1,Friday,BMW,Urban,Wednesday,Dec,1,Male,Married,74,Policy Holder,Sport - Liability,Sedan,less than 20000,1546,1,700,4,more than 30,more than 30,none,more than 7,21 to 25,Yes,No,Internal,1 to 2,no change,1 vehicle,1994,Collision,0
Sep,3,Friday,Nissan,Rural,Sunday,Sep,5,Female,Divorced,60,Third Party,Sport - Liability,Sport,30000 to 39000,1547,8,500,1,none,8 to 15,none,3 years,over 65,No,No,Internal,1 to 2,4 to 8 years,5 to 8,1996,Collision,1
Nov,2,Friday,Mercedes,Rural,Thursday,Sep,3,Female,Single,31,Third Party,Sedan - Liability,Utility,30000 to 39000,1548,8,700,4,15 to 30,more than 30,none,7 years,41 to 50,No,Yes,Internal,none,4 to 8 years,more than 8,1994,All Perils,1
Jun,2,Thursday,Mazda,Urban,Friday,Nov,5,Female,Widow,31,Policy Holder,Sedan - All Perils,Utility,more than 69000,1549,13,700,4,more than 30,8 to 15,1,new,over 65,Yes,Yes,Internal,more than 5,4 to 8 years,2 vehicles,1996,All Perils,0
Jan,3,Friday,BMW,Urban,Monday,Apr,1,Male,Widow,57,Third Party,Sedan - All Perils,Sedan,20000 to 29000,1550,13,700,3,8 to 15,more than 30,2 to 4,more than 7,41 to 50,Yes,No,External,3 to 5,2 to 3 years,1 vehicle,1995,All Perils,1
Apr,2,Thursday,Honda,Urban,Tuesday,Aug,5,Male,Widow,72,Third Party,Sedan - Collision,Utility,30000 to 39000,1551,6,300,3,none,15 to 30,2 to 4,4 years,18 to 20,No,No,External,1 to 2,1 year,2 vehicles,1995,All Perils,1
Nov,2,Saturday,Pontiac,Urban,Thursday,May,3,Male,Widow,77,Third Party,Utility - All Perils,Sedan,20000 to 29000,1552,13,700,1,none,8 to 15,2 to 4,more than 7,31 to 35,Yes,Yes,External,3 to 5,under 6 months,5 to 8,1996,All Perils,0
Jul,4,Tuesday,Honda,Rural,Tuesday,Nov,1,Female,Widow,56,Third Party,Sedan - Collision,Sedan,20000 to 29000,1553,3,700,1,1 to 7,8 to 15,2 to 4,4 years,51 to 65,No,Yes,Internal,none,no change,5 to 8,1994,Liability,0
Aug,5,Thursday,BMW,Rural,Friday,Jun,3,Female,Divorced,51,Third Party,Sedan - Liability,Utility,20000 to 29000,1554,4,500,2,more than 30,8 to 15,more than 4,6 years,41 to 50,Yes,No,External,1 to 2,4 to 8 years,more than 8,1996,Liability,1
Jun,1,Wednesday,Nissan,Rural,Monday,Nov,1,Male,Single,69,Third Party,Sedan - Collision,Sedan,20000 to 29000,1555,10,500,4,none,15 to 30,2 to 4,5 years,31 to 35,Yes,Yes,External,1 to 2,4 to 8 years,3 to 4,1995,All Perils,0
Feb,2,Thursday,BMW,Rural,Tuesday,Sep,1,Male,Married,79,Third Party,Utility - All Perils,Sedan,60000 to 69000,1556,12,700,2,15 to 30,15 to 30,1,2 years,51 to 65,No,Yes,External,more than 5,4 to 8 years,more than 8,1996,Liability,1
Nov,5,Monday,Mercedes,Urban,Friday,Oct,3,Male,Widow,19,Policy Holder,Sedan - Liability,Sedan,60000 to 69000,1557,13,500,1,none,none,1,2 years,18 to 20,Yes,No,Internal,more than 5,1 year,2 vehicles,1996,Liability,0
Oct,3,Wednesday,Ford,Rural,Friday,Dec,5,Female,Married,37,Policy Holder,Sport - Collision,Sport,20000 to 29000,1558,10,400,4,more than 30,8 to 15,more than 4,5 years,over 65,Yes,Yes,External,more than 5,4 to 8 years,3 to 4,1996,All Perils,1
Dec,2,Sunday,Nissan,Rural,Sunday,Oct,1,Male,Divorced,39,Third Party,Sedan - Collision,Sport,30000 to 39000,1559,3,500,3,none,8 to 15,more than 4,4 years,18 to 20,Yes,Yes,External,1 to 2,no change,5 to 8,1994,Collision,1
Nov,3,Monday,Chevrolet,Urban,Sunday,Apr,2,Male,Widow,53,Policy Holder,Sedan - All Perils,Utility,20000 to 29000,1560,11,700,3,1 to 7,more than 30,more than 4,5 years,over 65,Yes,No,External,3 to 5,1 year,2 vehicles,1996,Liability,0
Apr,1,Friday,BMW,Urban,Saturday,Jul,2,Female,Widow,36,Policy Holder,Sport - Collision,Utility,more than 69000,1561,7,300,2,none,8 to 15,2 to 4,7 years,51 to 65,Yes,No,External,more than 5,no change,2 vehicles,1996,Liability,0
Apr,1,Friday,BMW,Rural,Monday,Jun,3,Male,Single,37,Policy Holder,Sedan - Liability,Utility,less than 20000,1562,5,500,4,8 to 15,15 to 30,more than 4,7 years,31 to 35,Yes,No,External,none,1 year,more than 8,1994,All Perils,1
Mar,4,Thursday,Pontiac,Rural,Friday,Jan,1,Female,Married,19,Policy Holder,Sedan - Collision,Sport,30000 to 39000,1563,6,300,3,15 to 30,none,1,new,31 to 35,No,No,External,3 to 5,no change,3 to 4,1994,Collision,0
Dec,3,Monday,Ford,Rural,Tuesday,Aug,4,Female,Widow,18,Policy Holder,Sport - Collision,Sedan,20000 to 29000,1564,13,500,2,8 to 15,8 to 15,none,4 years,16 to 17,No,No,Internal,1 to 2,under 6 months,5 to 8,1996,Liability,0
Jul,4,Monday,Pontiac,Urban,Tuesday,Jun,3,Female,Married,46,Third Party,Sedan - Liability,Utility,30000 to 39000,1565,3,300,1,8 to 15,8 to 15,2 to 4,2 years,21 to 25,Yes,Yes,External,3 to 5,1 year,5 to 8,1996,Collision,0
Jun,2,Tuesday,Pontiac,Urban,Tuesday,May,5,Male,Divorced,80,Third Party,Sedan - All Perils,Sport,more than 69000,1566,9,700,4,15 to 30,8 to 15,none,5 years,21 to 25,No,Yes,External,1 to 2,no change,5 to 8,1995,All Perils,0
Dec,5,Monday,Mercedes,Urban,Thursday,Feb,2,Female,Single,36,Policy Holder,Sport - Collision,Sedan,40000 to 59000,1567,2,500,1,8 to 15,more than 30,2 to 4,5 years,41 to 50,No,No,Internal,3 to 5,no change,more than 8,1996,Liability,1
Aug,3,Monday,Chevrolet,Rural,Monday,Jul,3,Male,Single,33,Policy Holder,Sedan - Collision,Sport,30000 to 39000,1568,12,400,2,15 to 30,more than 30,more than 4,more than 7,18 to 20,No,Yes,External,1 to 2,4 to 8 years,2 vehicles,1995,Liability,0
Nov,4,Tuesday,Chevrolet,Rural,Thursday,Jul,1,Female,Married,34,Third Party,Sedan - Liability,Sport,60000 to 69000,1569,3,500,4,1 to 7,8 to 15,none,4 years,51 to 65,Yes,No,Internal,more than 5,under 6 months,2 vehicles,1996,Collision,0
Dec,1,Tuesday,Chevrolet,Urban,Tuesday,Feb,5,Female,Married,79,Third Party,Sedan - All Perils,Sport,60000 to 69000,1570,16,500,2,none,15 to 30,2 to 4,4 years,21 to 25,Yes,No,Internal,more than 5,4 to 8 years,more than 8,1995,All Perils,1
Jan,1,Saturday,Toyota,Urban,Thursday,Aug,5,Female,Divorced,59,Policy Holder,Sport - Liability,Sport,less than 20000,1571,15,300,4,none,more than 30,more than 4,5 years,51 to 65,Yes,Yes,Internal,3 to 5,under 6 months,3 to 4,1995,Liability,0
May,4,Friday,Honda,Rural,Friday,Mar,2,Female,Divorced,59,Third Party,Sedan - Liability,Utility,30000 to 39000,1572,14,500,2,none,none,2 to 4,2 years,26 to 30,No,Yes,External,1 to 2,no change,more than 8,1994,Collision,0
Sep,5,Monday,Honda,Rural,Tuesday,Feb,3,Female,Married,29,Policy Holder,Sedan - All Perils,Sedan,30000 to 39000,1573,6,500,3,none,8 to 15,2 to 4,new,41 to 50,No,Yes,Internal,none,no change,more than 8,1996,All Perils,0
Oct,5,Friday,Pontiac,Rural,Monday,May,5,Female,Widow,74,Policy Holder,Utility - All Perils,Utility,30000 to 39000,1574,13,400,3,none,15 to 30,more than 4,6 years,41 to 50,Yes,No,External,none,2 to 3 years,5 to 8,1994,Liability,0
Feb,2,Monday,Mazda,Rural,Saturday,May,2,Male,Married,30,Third Party,Sedan - All Perils,Sedan,30000 to 39000,1575,3,400,2,none,none,more than 4,3 years,over 65,No,No,Internal,1 to 2,no change,5 to 8,1994,Liability,0
Apr,1,Wednesday,Mercedes,Rural,Saturday,Nov,2,Male,Widow,78,Third Party,Sedan - Collision,Sedan,60000 to 69000,1576,5,400,4,none,8 to 15,none,3 years,31 to 35,No,Yes,External,more than 5,4 to 8 years,more than 8,1995,Collision,1
Jul,5,Monday,BMW,Rural,Tuesday,Jan,2,Male,Widow,78,Third Party,Sport - Liability,Utility,more than 69000,1577,3,300,2,15 to 30,none,more than 4,more than 7,26 to 30,No,No,External,more than 5,under 6 months,2 vehicles,1996,Collision,1
Oct,4,Monday,Toyota,Rural,Sunday,May,4,Male,Widow,53,Third Party,Sedan - All Perils,Sedan,less than 20000,1578,1,700,2,1 to 7,8 to 15,more than 4,2 years,36 to 40,No,Yes,Internal,3 to 5,2 to 3 years,3 to 4,1996,Collision,0
Feb,2,Monday,Honda,Rural,Tuesday,Sep,2,Female,Divorced,72,Third Party,Sedan - All Perils,Utility,more than 69000,1579,6,500,3,8 to 15,none,none,more than 7,16 to 17,No,Yes,Internal,more than 5,1 year,3 to 4,1995,Liability,1
Aug,4,Thursday,Mazda,Urban,Sunday,Mar,1,Male,Widow,80,Third Party,Sport - Liability,Utility,more than 69000,1580,10,400,4,none,15 to 30,2 to 4,6 years,over 65,No,Yes,Internal,none,no change,1 vehicle,1996,All Perils,0
Apr,5,Thursday,Nissan,Rural,Monday,Dec,1,Male,Married,54,Third Party,Sedan - Liability,Sport,30000 to 39000,1581,14,400,4,more than 30,more than 30,more than 4,3 years,41 to 50,No,Yes,External,3 to 5,2 to 3 years,3 to 4,1996,Collision,0
Mar,2,Wednesday,Honda,Rural,Friday,Sep,5,Female,Single,66,Third Party,Sport - Liability,Sport,30000 to 39000,1582,1,500,2,1 to 7,8 to 15,more than 4,more than 7,16 to 17,Yes,Yes,External,3 to 5,no change,5 to 8,1994,Collision,1
Jul,4,Friday,Toyota,Urban,Monday,Dec,5,Male,Widow,55,Policy Holder,Sedan - All Perils,Utility,less than 20000,1583,7,300,1,8 to 15,none,more than 4,5 years,18 to 20,Yes,Yes,Internal,none,2 to 3 years,3 to 4,1996,Collision,0
May,4,Saturday,Honda,Rural,Tuesday,Dec,5,Female,Divorced,51,Third Party,Utility - All Perils,Utility,30000 to 39000,1584,12,500,2,15 to 30,8 to 15,more than 4,3 years,16 to 17,No,No,Internal,3 to 5,1 year,5 to 8,1994,Collision,0
Aug,3,Saturday,Mazda,Urban,Wednesday,Feb,2,Female,Widow,39,Third Party,Sport - Liability,Sport,20000 to 29000,1585,4,300,2,more than 30,none,none,4 years,41 to 50,No,Yes,External,more than 5,under 6 months,1 vehicle,1995,Liability,0
Apr,4,Friday,Nissan,Urban,Monday,Jun,3,Female,Divorced,59,Third Party,Utility - All Perils,Sedan,more than 69000,1586,12,700,2,15 to 30,8 to 15,1,3 years,36 to 40,Yes,Yes,Internal,1 to 2,4 to 8 years,3 to 4,1995,Liability,0
Oct,2,Thursday,BMW,Urban,Thursday,Sep,3,Female,Married,34,Third Party,Sedan - Liability,Sport,less than 20000,1587,10,700,2,8 to 15,15 to 30,none,7 years,18 to 20,Yes,Yes,Internal,1 to 2,under 6 months,more than 8,1995,Liability,0
Jan,5,Thursday,Chevrolet,Urban,Tuesday,Jan,3,Female,Single,30,Third Party,Sedan - Collision,Sedan,30000 to 39000,1588,10,700,1,1 to 7,8 to 15,none,4 years,31 to 35,Yes,No,Internal,1 to 2,under 6 months,2 vehicles,1995,All Perils,0
Nov,5,Tuesday,Toyota,Rural,Monday,Jun,1,Male,Widow,35,Policy Holder,Utility - All Perils,Sedan,30000 to 39000,1589,2,300,3,1 to 7,15 to 30,1,new,31 to 35,Yes,Yes,External,3 to 5,2 to 3 years,3 to 4,1994,Liability,0
Jan,5,Thursday,Mazda,Rural,Sunday,Sep,3,Male,Single,18,Policy Holder,Sedan - All Perils,Utility,more than 69000,1590,3,300,4,none,15 to 30,more than 4,6 years,31 to 35,Yes,No,Internal,3 to 5,under 6 months,5 to 8,1994,Liability,1
Sep,4,Monday,Chevrolet,Urban,Sunday,Oct,1,Male,Single,76,Third Party,Sport - Liability,Sport,60000 to 69000,1591,15,400,2,1 to 7,none,2 to 4,7 years,36 to 40,Yes,Yes,External,none,1 year,5 to 8,1996,Liability,0
May,1,Sunday,Ford,Rural,Sunday,May,2,Female,Widow,34,Third Party,Sport - Liability,Utility,more than 69000,1592,15,400,1,15 to 30,15 to 30,more than 4,4 years,51 to 65,Yes,Yes,Internal,3 to 5,2 to 3 years,1 vehicle,1995,All Perils,1
May,2,Wednesday,BMW,Rural,Tuesday,Nov,2,Female,Married,68,Third Party,Sedan - All Perils,Utility,20000 to 29000,1593,8,500,2,1 to 7,15 to 30,2 to 4,more than 7,over 65,No,No,External,3 to 5,4 to 8 years,1 vehicle,1995,Collision,1
Jan,3,Saturday,Nissan,Rural,Wednesday,Sep,4,Male,Widow,45,Third Party,Sedan - Liability,Sedan,20000 to 29000,1594,10,500,2,1 to 7,none,1,4 years,18 to 20,Yes,Yes,External,none,4 to 8 years,5 to 8,1996,Collision,0
Sep,5,Sunday,Toyota,Rural,Wednesday,Jan,5,Male,Widow,39,Third Party,Sedan - Liability,Utility,40000 to 59000,1595,9,400,3,none,8 to 15,1,3 years,over 65,No,No,Internal,1 to 2,no change,3 to 4,1994,Collision,1
Feb,3,Thursday,Ford,Rural,Wednesday,Apr,4,Male,Married,32,Policy Holder,Sport - Liability,Utility,30000 to 39000,1596,9,300,2,1 to 7,8 to 15,more than 4,6 years,36 to 40,Yes,Yes,External,none,4 to 8 years,more than 8,1994,All Perils,1
Aug,3,Sunday,Toyota,Rural,Wednesday,Dec,3,Male,Widow,69,Policy Holder,Sedan - Liability,Sedan,less than 20000,1597,12,400,2,none,8 to 15,1,2 years,18 to 20,Yes,Yes,External,more than 5,1 year,more than 8,1994,All Perils,0
Sep,1,Thursday,BMW,Rural,Thursday,Jan,3,Female,Widow,50,Policy Holder,Sedan - Liability,Sport,60000 to 69000,1598,10,500,3,8 to 15,more than 30,1,more than 7,over 65,No,Yes,External,3 to 5,4 to 8 years,1 vehicle,1994,All Perils,1
Nov,4,Monday,Chevrolet,Rural,Thursday,Feb,3,Male,Widow,46,Policy Holder,Sedan - Collision,Utility,less than 20000,1599,3,400,1,1 to 7,15 to 30,more than 4,6 years,26 to 30,No,Yes,Internal,3 to 5,under 6 months,2 vehicles,1995,All Perils,0
Sep,2,Monday,Ford,Urban,Wednesday,May,1,Female,Widow,59,Policy Holder,Utility - All Perils,Sedan,20000 to 29000,1600,2,400,4,more than 30,more than 30,1,3 years,31 to 35,Yes,Yes,External,none,1 year,more than 8,1994,Liability,0
Apr,1,Monday,Toyota,Rural,Sunday,Dec,5,Male,Married,68,Third Party,Sport - Collision,Sedan,more than 69000,1601,14,300,2,8 to 15,15 to 30,more than 4,new,over 65,No,Yes,External,1 to 2,4 to 8 years,2 vehicles,1995,Collision,0
Sep,5,Sunday,Honda,Urban,Sunday,Sep,5,Male,Widow,59,Policy Holder,Sport - Liability,Sport,60000 to 69000,1602,12,300,4,1 to 7,none,more than 4,5 years,36 to 40,Yes,Yes,Internal,more than 5,4 to 8 years,1 vehicle,1995,Liability,1
Oct,1,Thursday,Chevrolet,Rural,Wednesday,Feb,2,Female,Widow,47,Third Party,Sport - Collision,Utility,40000 to 59000,1603,4,500,1,8 to 15,15 to 30,none,5 years,18 to 20,Yes,Yes,Internal,more than 5,2 to 3 years,1 vehicle,1994,All Perils,0
Apr,1,Wednesday,BMW,Rural,Tuesday,May,1,Male,Single,74,Policy Holder,Sport - Collision,Sedan,less than 20000,1604,1,700,2,more than 30,none,2 to 4,7 years,16 to 17,No,Yes,External,none,2 to 3 years,3 to 4,1994,Liability,1
Feb,1,Thursday,Ford,Rural,Thursday,Dec,1,Male,Single,74,Policy Holder,Sedan - Collision,Utility,20000 to 29000,1605,4,700,2,none,8 to 15,none,3 years,51 to 65,No,Yes,External,1 to 2,no change,2 vehicles,1995,All Perils,0
Nov,3,Tuesday,Honda,Rural,Wednesday,Mar,4,Female,Single,78,Policy Holder,Sedan - All Perils,Utility,20000 to 29000,1606,10,700,2,1 to 7,more than 30,more than 4,2 years,26 to 30,No,No,Internal,3 to 5,2 to 3 years,more than 8,1995,Liability,1
Feb,1,Sunday,Chevrolet,Rural,Sunday,Jul,1,Male,Single,23,Third Party,Sport - Collision,Sedan,40000 to 59000,1607,10,500,1,8 to 15,more than 30,none,4 years,16 to 17,No,No,Internal,1 to 2,1 year,more than 8,1996,All Perils,1
Aug,5,Sunday,BMW,Rural,Thursday,Jun,1,Male,Married,74,Third Party,Utility - All Perils,Sedan,40000 to 59000,1608,3,500,1,none,none,more than 4,7 years,16 to 17,Yes,No,Internal,more than 5,no change,1 vehicle,1996,Liability,1
Mar,3,Monday,Mazda,Rural,Monday,Oct,4,Male,Divorced,30,Third Party,Utility - All Perils,Sport,30000 to 39000,1609,3,300,4,8 to 15,more than 30,more than 4,more than 7,over 65,No,Yes,Internal,1 to 2,4 to 8 years,more than 8,1994,All Perils,0
Feb,2,Saturday,Ford,Rural,Monday,Oct,1,Female,Divorced,57,Third Party,Sport - Liability,Sport,60000 to 69000,1610,4,300,4,none,more than 30,2 to 4,3 years,36 to 40,Yes,No,External,1 to 2,1 year,1 vehicle,1994,All Perils,1
Oct,1,Wednesday,Toyota,Urban,Monday,Oct,1,Female,Divorced,59,Third Party,Sport - Liability,Sedan,60000 to 69000,1611,8,500,2,more than 30,more than 30,none,new,31 to 35,No,No,External,more than 5,2 to 3 years,5 to 8,1995,Collision,1
Feb,3,Monday,BMW,Rural,Wednesday,Feb,1,Female,Widow,30,Third Party,Sport - Liability,Sedan,60000 to 69000,1612,4,700,1,15 to 30,more than 30,1,new,36 to 40,No,Yes,External,3 to 5,no change,more than 8,1994,Collision,1
Sep,1,Sunday,Mercedes,Rural,Wednesday,Jun,4,Male,Single,18,Third Party,Sport - Liability,Sport,less than 20000,1613,8,700,2,none,none,1,5 years,26 to 30,Yes,Yes,External,none,under 6 months,2 vehicles,1996,Collision,0
Sep,5,Monday,BMW,Rural,Saturday,Sep,2,Male,Married,77,Policy Holder,Sport - Liability,Utility,40000 to 59000,1614,1,500,4,8 to 15,none,more than 4,new,over 65,Yes,Yes,External,none,4 to 8 years,1 vehicle,1994,Collision,0
Jan,2,Tuesday,Chevrolet,Rural,Sunday,Jun,2,Male,Divorced,74,Policy Holder,Sedan - Liability,Sport,20000 to 29000,1615,15,300,4,1 to 7,15 to 30,more than 4,6 years,36 to 40,No,Yes,External,more than 5,4 to 8 years,1 vehicle,1995,Collision,1
Mar,3,Monday,BMW,Rural,Monday,Sep,4,Male,Divorced,29,Third Party,Sedan - Liability,Utility,20000 to 29000,1616,15,700,4,8 to 15,none,2 to 4,new,36 to 40,No,Yes,External,3 to 5,no change,2 vehicles,1996,Collision,1
Oct,1,Thursday,Mazda,Urban,Sunday,Aug,1,Female,Divorced,55,Policy Holder,Sedan - All Perils,Utility,more than 69000,1617,6,400,4,8 to 15,8 to 15,none,4 years,over 65,No,Yes,External,more than 5,4 to 8 years,more than 8,1996,Collision,1
Jul,1,Friday,Honda,Urban,Friday,May,3,Male,Married,27,Policy Holder,Sedan - Liability,Sport,30000 to 39000,1618,13,300,3,more than 30,more than 30,2 to 4,7 years,16 to 17,No,Yes,External,more than 5,under 6 months,3 to 4,1995,Liability,0
Feb,2,Wednesday,Mazda,Urban,Wednesday,Feb,3,Female,Married,53,Third Party,Sedan - All Perils,Utility,60000 to 69000,1619,9,700,3,none,more than 30,more than 4,4 years,21 to 25,No,No,Internal,3 to 5,under 6 months,3 to 4,1994,Collision,1
Dec,1,Monday,BMW,Rural,Wednesday,Dec,4,Female,Widow,38,Policy Holder,Sedan - Collision,Sport,20000 to 29000,1620,1,300,4,8 to 15,8 to 15,2 to 4,6 years,51 to 65,Yes,Yes,External,more than 5,4 to 8 years,1 vehicle,1996,Collision,0
Apr,4,Monday,Pontiac,Rural,Thursday,Oct,4,Female,Single,65,Third Party,Utility - All Perils,Utility,more than 69000,1621,5,400,3,more than 30,15 to 30,more than 4,3 years,16 to 17,No,No,External,more than 5,1 year,5 to 8,1995,All Perils,0
Jan,5,Sunday,Nissan,Rural,Tuesday,Nov,4,Male,Single,54,Third Party,Sport - Collision,Utility,20000 to 29000,1622,1,500,2,none,15 to 30,none,7 years,21 to 25,No,Yes,Internal,1 to 2,2 to 3 years,1 vehicle,1996,Liability,1
Dec,5,Saturday,Nissan,Rural,Sunday,Apr,2,Male,Single,49,Third Party,Sedan - Liability,Utility,20000 to 29000,1623,12,700,3,1 to 7,8 to 15,2 to 4,4 years,18 to 20,No,No,External,3 to 5,no change,5 to 8,1996,All Perils,0
Jan,2,Sunday,Ford,Urban,Monday,Apr,1,Female,Widow,60,Third Party,Sport - Collision,Sedan,20000 to 29000,1624,13,700,2,15 to 30,none,none,7 years,41 to 50,Yes,Yes,External,more than 5,2 to 3 years,more than 8,1996,All Perils,0
Jul,4,Thursday,Honda,Rural,Monday,Apr,3,Female,Single,47,Third Party,Sport - Liability,Sedan,20000 to 29000,1625,10,300,3,none,8 to 15,2 to 4,more than 7,51 to 65,Yes,Yes,Internal,more than 5,under 6 months,5 to 8,1994,All Perils,0
Dec,3,Thursday,Ford,Rural,Tuesday,Jan,1,Male,Widow,18,Third Party,Sedan - Collision,Utility,40000 to 59000,1626,1,300,2,1 to 7,15 to 30,2 to 4,4 years,21 to 25,Yes,Yes,Internal,more than 5,2 to 3 years,3 to 4,1996,All Perils,1
Jul,1,Saturday,Mercedes,Rural,Tuesday,Mar,3,Male,Married,55,Policy Holder,Utility - All Perils,Utility,less than 20000,1627,4,700,2,more than 30,more than 30,1,2 years,41 to 50,No,No,External,more than 5,2 to 3 years,5 to 8,1996,Liability,0
Aug,1,Friday,Mercedes,Rural,Monday,Apr,4,Female,Divorced,67,Third Party,Utility - All Perils,Sport,20000 to 29000,1628,8,400,1,8 to 15,more than 30,more than 4,more than 7,41 to 50,No,No,External,1 to 2,no change,2 vehicles,1994,Liability,1
May,3,Thursday,Honda,Urban,Wednesday,Dec,5,Female,Single,48,Policy Holder,Utility - All Perils,Sedan,60000 to 69000,1629,3,300,4,none,none,more than 4,6 years,over 65,Yes,Yes,External,1 to 2,4 to 8 years,5 to 8,1996,All Perils,0
Feb,3,Wednesday,Toyota,Rural,Wednesday,Mar,4,Male,Married,29,Third Party,Sedan - Liability,Utility,less than 20000,1630,2,500,3,more than 30,15 to 30,1,more than 7,over 65,No,Yes,External,more than 5,under 6 months,5 to 8,1995,All Perils,1
Jul,1,Thursday,Pontiac,Rural,Monday,Jul,5,Female,Single,18,Policy Holder,Sedan - All Perils,Sport,30000 to 39000,1631,5,500,1,8 to 15,15 to 30,1,4 years,31 to 35,No,Yes,Internal,none,under 6 months,1 vehicle,1995,All Perils,0
Nov,5,Monday,Pontiac,Rural,Saturday,Jul,3,Male,Married,36,Third Party,Sport - Liability,Sedan,60000 to 69000,1632,10,700,2,8 to 15,none,none,3 years,16 to 17,Yes,Yes,External,none,2 to 3 years,2 vehicles,1996,Collision,0
Feb,4,Tuesday,Nissan,Urban,Sunday,May,3,Female,Widow,66,Policy Holder,Sedan - All Perils,Sport,30000 to 39000,1633,2,400,2,more than 30,more than 30,none,new,41 to 50,Yes,No,External,more than 5,4 to 8 years,5 to 8,1995,All Perils,1
Nov,3,Saturday,BMW,Urban,Saturday,Dec,2,Female,Single,38,Third Party,Sedan - All Perils,Sedan,less than 20000,1634,16,700,4,1 to 7,15 to 30,1,7 years,31 to 35,Yes,Yes,Internal,more than 5,4 to 8 years,3 to 4,1995,Liability,0
May,5,Sunday,Toyota,Urban,Thursday,Feb,4,Male,Widow,78,Policy Holder,Sedan - Collision,Sedan,less than 20000,1635,8,500,4,1 to 7,15 to 30,1,7 years,31 to 35,No,No,Internal,1 to 2,1 year,2 vehicles,1996,Liability,0
Jul,5,Monday,Honda,Urban,Sunday,Nov,5,Female,Divorced,38,Policy Holder,Sedan - All Perils,Sedan,more than 69000,1636,3,700,4,8 to 15,15 to 30,more than 4,7 years,31 to 35,Yes,No,Internal,more than 5,under 6 months,more than 8,1996,Liability,1
Feb,5,Monday,Pontiac,Urban,Wednesday,Sep,2,Male,Single,44,Policy Holder,Sport - Liability,Utility,60000 to 69000,1637,1,400,2,1 to 7,8 to 15,more than 4,3 years,36 to 40,Yes,No,External,1 to 2,4 to 8 years,more than 8,1995,Liability,0
Aug,2,Monday,Chevrolet,Urban,Wednesday,Apr,1,Male,Single,65,Policy Holder,Sedan - Liability,Sedan,30000 to 39000,1638,16,500,1,none,none,none,4 years,21 to 25,Yes,No,External,3 to 5,under 6 months,5 to 8,1996,Liability,0
Mar,5,Saturday,Nissan,Urban,Monday,Oct,1,Female,Divorced,56,Third Party,Sport - Liability,Sport,more than 69000,1639,10,700,3,none,8 to 15,none,4 years,21 to 25,Yes,Yes,Internal,more than 5,2 to 3 years,3 to 4,1996,Liability,1
Apr,3,Wednesday,Pontiac,Urban,Friday,Jun,4,Male,Widow,20,Third Party,Sport - Liability,Sedan,less than 20000,1640,14,700,1,1 to 7,more than 30,2 to 4,new,26 to 30,Yes,Yes,Internal,1 to 2,under 6 months,3 to 4,1995,All Perils,0
Sep,4,Wednesday,Chevrolet,Rural,Monday,Dec,4,Female,Divorced,22,Policy Holder,Sedan - Liability,Sport,less than 20000,1641,13,400,3,none,15 to 30,1,new,31 to 35,No,Yes,External,more than 5,under 6 months,more than 8,1994,Liability,0
Jan,5,Monday,Ford,Rural,Friday,Jan,1,Female,Widow,30,Third Party,Sport - Liability,Utility,more than 69000,1642,16,500,2,8 to 15,15 to 30,2 to 4,3 years,41 to 50,No,Yes,External,more than 5,1 year,3 to 4,1996,All Perils,1
Jun,1,Sunday,Honda,Urban,Saturday,Jan,1,Female,Widow,72,Third Party,Sport - Collision,Utility,60000 to 69000,1643,15,500,2,more than 30,none,1,5 years,16 to 17,Yes,No,External,3 to 5,4 to 8 years,more than 8,1994,Collision,1
Aug,3,Thursday,Mercedes,Rural,Tuesday,Jul,4,Male,Single,19,Policy Holder,Sedan - Collision,Sedan,40000 to 59000,1644,13,300,1,1 to 7,none,1,more than 7,21 to 25,No,Yes,Internal,none,under 6 months,more than 8,1995,Collision,0
Feb,1,Saturday,Mercedes,Urban,Friday,Dec,2,Male,Widow,22,Third Party,Sedan - All Perils,Sport,30000 to 39000,1645,14,300,4,none,15 to 30,1,7 years,41 to 50,Yes,Yes,External,more than 5,2 to 3 years,more than 8,1995,Liability,1
Apr,2,Friday,Toyota,Rural,Wednesday,Jan,3,Male,Married,67,Policy Holder,Sport - Collision,Sedan,60000 to 69000,1646,14,500,3,none,more than 30,2 to 4,6 years,16 to 17,No,Yes,Internal,1 to 2,no change,5 to 8,1995,Liability,0
May,3,Monday,BMW,Urban,Wednesday,Oct,2,Female,Divorced,57,Policy Holder,Sedan - Collision,Sport,40000 to 59000,1647,5,300,2,none,8 to 15,none,more than 7,51 to 65,No,No,External,1 to 2,2 to 3 years,2 vehicles,1996,Liability,0
Aug,5,Saturday,Mazda,Urban,Thursday,Dec,4,Male,Single,79,Policy Holder,Sport - Collision,Sedan,30000 to 39000,1648,10,500,3,8 to 15,8 to 15,more than 4,7 years,41 to 50,No,Yes,External,1 to 2,under 6 months,2 vehicles,1994,Liability,0
Dec,5,Thursday,Mazda,Urban,Tuesday,Jun,4,Female,Single,31,Policy Holder,Sport - Collision,Sport,30000 to 39000,1649,16,400,4,8 to 15,more than 30,1,5 years,21 to 25,No,Yes,External,1 to 2,no change,more than 8,1994,All Perils,0
Nov,2,Friday,Mercedes,Urban,Saturday,Nov,1,Male,Widow,59,Policy Holder,Sedan - All Perils,Sport,30000 to 39000,1650,14,400,3,8 to 15,none,none,more than 7,36 to 40,Yes,No,External,1 to 2,1 year,3 to 4,1995,Collision,0
Mar,2,Tuesday,Mercedes,Urban,Wednesday,Oct,1,Male,Divorced,26,Policy Holder,Sedan - All Perils,Utility,40000 to 59000,1651,2,700,4,15 to 30,15 to 30,2 to 4,more than 7,31 to 35,Yes,No,External,3 to 5,under 6 months,2 vehicles,1995,Liability,1
Jan,3,Saturday,Toyota,Urban,Thursday,Mar,3,Female,Divorced,55,Policy Holder,Sport - Collision,Sport,40000 to 59000,1652,2,400,2,1 to 7,none,none,2 years,21 to 25,Yes,Yes,External,none,2 to 3 years,1 vehicle,1996,Liability,0
Jan,5,Sunday,Ford,Urban,Saturday,Nov,4,Female,Widow,24,Policy Holder,Sport - Collision,Utility,60000 to 69000,1653,4,700,2,15 to 30,8 to 15,2 to 4,3 years,18 to 20,No,No,Internal,3 to 5,no change,5 to 8,1994,Collision,1
Aug,5,Wednesday,Mercedes,Rural,Tuesday,Sep,1,Female,Married,75,Third Party,Sedan - All Perils,Sedan,30000 to 39000,1654,12,700,4,more than 30,8 to 15,none,more than 7,over 65,Yes,No,Internal,1 to 2,under 6 months,more than 8,1996,Collision,0
Feb,2,Monday,Nissan,Rural,Thursday,Jan,1,Male,Married,44,Third Party,Utility - All Perils,Utility,20000 to 29000,1655,7,700,3,none,15 to 30,1,new,51 to 65,No,Yes,External,more than 5,under 6 months,2 vehicles,1996,All Perils,1
Mar,1,Saturday,Honda,Urban,Sunday,Jul,4,Female,Divorced,34,Policy Holder,Utility - All Perils,Utility,40000 to 59000,1656,11,700,3,none,8 to 15,2 to 4,5 years,over 65,Yes,Yes,External,more than 5,under 6 months,5 to 8,1994,Liability,0
Nov,4,Sunday,Mercedes,Urban,Wednesday,Aug,3,Female,Single,80,Third Party,Sedan - All Perils,Utility,40000 to 59000,1657,3,500,3,1 to 7,8 to 15,1,4 years,18 to 20,No,No,External,1 to 2,no change,2 vehicles,1996,All Perils,1
Nov,2,Thursday,Chevrolet,Rural,Monday,Oct,1,Female,Single,22,Policy Holder,Sport - Liability,Utility,20000 to 29000,1658,1,400,4,none,8 to 15,more than 4,6 years,over 65,No,No,Internal,more than 5,under 6 months,2 vehicles,1996,Liability,0
Nov,1,Friday,Pontiac,Rural,Tuesday,Oct,4,Female,Widow,68,Third Party,Sport - Liability,Sedan,less than 20000,1659,13,700,3,more than 30,none,1,more than 7,36 to 40,Yes,Yes,External,1 to 2,no change,3 to 4,1994,Liability,0
Apr,1,Tuesday,Honda,Rural,Sunday,Jun,1,Male,Married,50,Policy Holder,Sedan - Liability,Sedan,20000 to 29000,1660,5,700,4,more than 30,more than 30,2 to 4,3 years,31 to 35,Yes,Yes,Internal,more than 5,2 to 3 years,2 vehicles,1994,Collision,0
Aug,3,Monday,BMW,Urban,Saturday,Apr,2,Male,Married,61,Third Party,Sport - Collision,Sedan,less than 20000,1661,1,400,1,8 to 15,15 to 30,none,2 years,26 to 30,No,Yes,External,3 to 5,1 year,more than 8,1995,Liability,1
Aug,2,Sunday,BMW,Rural,Saturday,Mar,4,Female,Divorced,34,Third Party,Sport - Liability,Utility,less than 20000,1662,4,400,3,none,15 to 30,more than 4,3 years,21 to 25,No,No,External,3 to 5,under 6 months,more than 8,1995,Liability,1
Mar,3,Thursday,Pontiac,Rural,Tuesday,Feb,2,Male,Married,73,Policy Holder,Sedan - Liability,Sport,more than 69000,1663,6,400,2,more than 30,15 to 30,2 to 4,6 years,21 to 25,No,Yes,Internal,none,2 to 3 years,2 vehicles,1996,Collision,0
Jul,2,Tuesday,Mercedes,Urban,Saturday,Aug,1,Male,Divorced,46,Policy Holder,Sedan - All Perils,Sport,60000 to 69000,1664,7,300,1,more than 30,none,2 to 4,3 years,18 to 20,Yes,No,Internal,3 to 5,4 to 8 years,2 vehicles,1996,All Perils,0
Jul,4,Friday,Nissan,Rural,Wednesday,Dec,5,Male,Single,44,Policy Holder,Sport - Liability,Sport,less than 20000,1665,15,400,2,8 to 15,15 to 30,1,6 years,51 to 65,No,Yes,Internal,more than 5,1 year,1 vehicle,1994,Liability,0
May,4,Monday,Mercedes,Urban,Saturday,Jan,2,Male,Married,46,Policy Holder,Utility - All Perils,Sport,30000 to 39000,1666,4,300,4,15 to 30,15 to 30,1,3 years,over 65,Yes,Yes,External,3 to 5,under 6 months,5 to 8,1996,All Perils,0
Oct,3,Monday,BMW,Urban,Sunday,Sep,3,Male,Single,36,Policy Holder,Utility - All Perils,Sport,20000 to 29000,1667,10,700,4,15 to 30,8 to 15,1,6 years,over 65,Yes,Yes,External,none,1 year,5 to 8,1996,Collision,0
Sep,1,Tuesday,Nissan,Rural,Tuesday,Aug,5,Female,Widow,38,Third Party,Sport - Collision,Utility,more than 69000,1668,5,400,2,8 to 15,15 to 30,1,new,over 65,Yes,Yes,Internal,3 to 5,2 to 3 years,more than 8,1995,Collision,0
Jul,3,Thursday,BMW,Rural,Sunday,Mar,5,Female,Divorced,26,Policy Holder,Sedan - Liability,Sedan,30000 to 39000,1669,8,500,1,1 to 7,8 to 15,none,3 years,18 to 20,No,Yes,Internal,3 to 5,no change,3 to 4,1995,Liability,0
Sep,4,Wednesday,BMW,Rural,Friday,Mar,5,Male,Divorced,48,Third Party,Sedan - Liability,Utility,20000 to 29000,1670,5,300,2,1 to 7,15 to 30,2 to 4,3 years,41 to 50,Yes,Yes,Internal,more than 5,under 6 months,more than 8,1995,All Perils,1
Oct,2,Tuesday,Chevrolet,Urban,Saturday,Apr,2,Male,Single,47,Policy Holder,Sport - Liability,Sport,40000 to 59000,1671,6,500,2,1 to 7,8 to 15,2 to 4,5 years,51 to 65,Yes,No,External,more than 5,1 year,1 vehicle,1995,All Perils,0
Jul,2,Wednesday,BMW,Urban,Saturday,Sep,5,Male,Divorced,41,Policy Holder,Sport - Liability,Sport,30000 to 39000,1672,10,500,2,1 to 7,more than 30,2 to 4,6 years,31 to 35,No,Yes,External,none,2 to 3 years,2 vehicles,1995,Collision,0
Apr,3,Wednesday,Honda,Rural,Tuesday,Apr,1,Female,Single,80,Policy Holder,Sedan - Collision,Utility,20000 to 29000,1673,10,500,4,15 to 30,none,2 to 4,6 years,36 to 40,Yes,Yes,Internal,1 to 2,1 year,3 to 4,1994,Liability,0
Oct,2,Thursday,Chevrolet,Rural,Saturday,Oct,2,Male,Widow,25,Third Party,Sedan - Liability,Sport,20000 to 29000,1674,3,700,2,more than 30,8 to 15,2 to 4,more than 7,26 to 30,Yes,Yes,External,more than 5,2 to 3 years,5 to 8,1996,All Perils,1
Sep,3,Thursday,Mazda,Rural,Tuesday,May,1,Male,Widow,75,Policy Holder,Sedan - Liability,Sedan,less than 20000,1675,3,300,1,none,15 to 30,more than 4,7 years,51 to 65,Yes,Yes,Internal,none,4 to 8 years,2 vehicles,1994,Collision,0
Dec,2,Sunday,Nissan,Rural,Tuesday,Feb,3,Female,Single,72,Policy Holder,Utility - All Perils,Sedan,60000 to 69000,1676,4,500,1,none,none,2 to 4,new,41 to 50,No,No,Internal,more than 5,no change,2 vehicles,1994,Collision,0
Feb,2,Saturday,Honda,Rural,Monday,Feb,5,Female,Single,19,Policy Holder,Sport - Liability,Utility,more than 69000,1677,15,400,3,8 to 15,15 to 30,2 to 4,6 years,36 to 40,Yes,No,Internal,none,1 year,1 vehicle,1995,Collision,0
Jun,4,Wednesday,Pontiac,Urban,Tuesday,May,4,Male,Single,62,Third Party,Utility - All Perils,Sport,60000 to 69000,1678,6,700,1,15 to 30,none,1,new,16 to 17,Yes,Yes,Internal,1 to 2,under 6 months,more than 8,1994,All Perils,0
Dec,3,Sunday,Toyota,Urban,Sunday,May,5,Female,Widow,31,Policy Holder,Sedan - Liability,Sport,30000 to 39000,1679,10,500,1,8 to 15,15 to 30,none,4 years,over 65,No,No,External,none,no change,3 to 4,1995,All Perils,0
Jul,3,Thursday,Mercedes,Urban,Wednesday,Sep,1,Female,Widow,20,Policy Holder,Sport - Liability,Utility,30000 to 39000,1680,8,700,4,more than 30,8 to 15,1,5 years,31 to 35,No,Yes,External,more than 5,no change,1 vehicle,1996,Collision,0
Dec,4,Tuesday,Mercedes,Urban,Wednesday,Jun,4,Male,Single,72,Third Party,Utility - All Perils,Sedan,less than 20000,1681,6,300,1,15 to 30,none,2 to 4,3 years,over 65,No,No,External,3 to 5,2 to 3 years,2 vehicles,1996,Liability,0
Jan,2,Wednesday,Ford,Urban,Thursday,Feb,4,Female,Widow,25,Third Party,Sport - Collision,Sedan,30000 to 39000,1682,1,400,3,15 to 30,8 to 15,2 to 4,6 years,41 to 50,Yes,Yes,Internal,more than 5,1 year,3 to 4,1994,Collision,0
Jan,1,Saturday,Mercedes,Rural,Friday,Mar,3,Male,Divorced,36,Policy Holder,Sport - Liability,Sport,less than 20000,1683,8,500,1,8 to 15,8 to 15,2 to 4,7 years,31 to 35,No,No,Internal,none,under 6 months,3 to 4,1994,Collision,0
Oct,5,Saturday,Chevrolet,Urban,Friday,Jul,1,Female,Single,24,Third Party,Sport - Collision,Utility,60000 to 69000,1684,16,300,4,none,none,2 to 4,5 years,41 to 50,No,No,Internal,none,4 to 8 years,3 to 4,1995,Collision,1
May,1,Wednesday,Nissan,Rural,Thursday,May,1,Male,Widow,26,Third Party,Sedan - Liability,Sedan,more than 69000,1685,16,500,3,none,15 to 30,none,5 years,21 to 25,No,Yes,External,3 to 5,under 6 months,1 vehicle,1996,Collision,0
Jul,3,Tuesday,BMW,Urban,Saturday,Sep,5,Male,Married,21,Third Party,Sedan - All Perils,Utility,20000 to 29000,1686,5,300,4,15 to 30,15 to 30,more than 4,more than 7,31 to 35,Yes,Yes,Internal,none,1 year,more than 8,1995,Collision,0
Jun,2,Tuesday,Honda,Rural,Thursday,Dec,2,Female,Married,71,Policy Holder,Sedan - Collision,Utility,60000 to 69000,1687,9,300,3,1 to 7,15 to 30,2 to 4,6 years,16 to 17,Yes,No,Internal,3 to 5,4 to 8 years,more than 8,1996,Collision,0
May,2,Monday,Toyota,Rural,Saturday,May,4,Female,Married,21,Third Party,Sedan - Liability,Sedan,40000 to 59000,1688,5,500,2,15 to 30,more than 30,1,2 years,41 to 50,Yes,No,External,3 to 5,2 to 3 years,2 vehicles,1994,Collision,0
Dec,1,Friday,Mazda,Urban,Sunday,Jul,5,Male,Married,65,Policy Holder,Sport - Collision,Sedan,30000 to 39000,1689,15,400,4,1 to 7,15 to 30,2 to 4,6 years,21 to 25,Yes,No,Internal,1 to 2,2 to 3 years,2 vehicles,1996,Collision,0
Feb,5,Thursday,Toyota,Urban,Friday,Oct,3,Male,Married,27,Policy Holder,Utility - All Perils,Utility,60000 to 69000,1690,9,400,4,none,more than 30,more than 4,4 years,16 to 17,No,Yes,External,more than 5,under 6 months,1 vehicle,1994,All Perils,1
Oct,3,Thursday,Toyota,Urban,Monday,Mar,2,Female,Single,75,Policy Holder,Sedan - Liability,Sedan,60000 to 69000,1691,15,400,1,15 to 30,15 to 30,none,new,51 to 65,Yes,No,External,none,4 to 8 years,1 vehicle,1996,Collision,0
Nov,2,Friday,Nissan,Rural,Tuesday,Jul,3,Female,Married,71,Third Party,Sedan - Collision,Utility,20000 to 29000,1692,14,500,3,more than 30,15 to 30,1,more than 7,21 to 25,Yes,No,External,none,1 year,more than 8,1994,Collision,1
Aug,4,Saturday,Mercedes,Rural,Friday,Apr,2,Female,Widow,57,Third Party,Sport - Liability,Utility,60000 to 69000,1693,6,500,3,8 to 15,more than 30,none,7 years,21 to 25,No,Yes,Internal,none,under 6 months,1 vehicle,1996,Liability,0
May,1,Saturday,Mazda,Rural,Thursday,Aug,1,Female,Married,70,Policy Holder,Sedan - Collision,Sedan,40000 to 59000,1694,8,500,2,none,15 to 30,1,5 years,18 to 20,Yes,No,External,1 to 2,2 to 3 years,2 vehicles,1994,Collision,0
Feb,3,Monday,Toyota,Rural,Tuesday,Sep,5,Male,Widow,36,Third Party,Sedan - Liability,Sedan,20000 to 29000,1695,10,700,2,8 to 15,15 to 30,none,6 years,36 to 40,Yes,No,Internal,1 to 2,1 year,more than 8,1995,Liability,0
Sep,3,Friday,Toyota,Urban,Wednesday,Feb,2,Male,Single,67,Policy Holder,Sedan - Collision,Sport,60000 to 69000,1696,4,500,4,more than 30,15 to 30,more than 4,5 years,26 to 30,Yes,No,External,3 to 5,no change,2 vehicles,1995,Collision,1
Jun,3,Sunday,Nissan,Rural,Monday,Mar,4,Female,Single,31,Third Party,Sedan - Liability,Sport,40000 to 59000,1697,14,300,1,1 to 7,more than 30,more than 4,3 years,36 to 40,Yes,No,External,none,no change,5 to 8,1994,Liability,0
Feb,1,Saturday,Ford,Urban,Tuesday,Jan,4,Female,Divorced,56,Third Party,Utility - All Perils,Utility,less than 20000,1698,10,300,4,none,8 to 15,more than 4,more than 7,26 to 30,No,Yes,External,1 to 2,no change,1 vehicle,1995,All Perils,1
May,5,Wednesday,Honda,Rural,Saturday,Jan,3,Male,Married,75,Third Party,Sedan - All Perils,Sport,less than 20000,1699,4,700,3,15 to 30,none,1,5 years,41 to 50,No,No,External,more than 5,no change,more than 8,1994,All Perils,1
Dec,2,Wednesday,Mazda,Rural,Monday,Jan,3,Female,Widow,63,Third Party,Utility - All Perils,Utility,20000 to 29000,1700,8,400,1,1 to 7,8 to 15,more than 4,3 years,26 to 30,Yes,Yes,Internal,none,under 6 months,more than 8,1995,All Perils,0
Apr,4,Sunday,Chevrolet,Rural,Saturday,Sep,1,Male,Widow,34,Third Party,Sport - Liability,Sedan,less than 20000,1701,14,400,2,none,none,none,6 years,51 to 65,Yes,Yes,Internal,more than 5,under 6 months,more than 8,1994,Liability,1
Mar,4,Monday,Pontiac,Rural,Wednesday,Nov,3,Male,Single,64,Third Party,Sedan - All Perils,Sedan,30000 to 39000,1702,7,400,4,15 to 30,8 to 15,none,2 years,31 to 35,No,Yes,External,none,under 6 months,5 to 8,1996,Collision,1
Sep,2,Thursday,Mazda,Rural,Saturday,May,4,Male,Divorced,73,Third Party,Utility - All Perils,Sedan,30000 to 39000,1703,12,700,3,1 to 7,more than 30,1,3 years,16 to 17,No,No,External,more than 5,4 to 8 years,more than 8,1995,Collision,1
Mar,1,Monday,Nissan,Rural,Tuesday,Nov,1,Male,Married,74,Third Party,Sedan - Collision,Sport,60000 to 69000,1704,16,700,1,none,none,1,2 years,26 to 30,No,No,External,more than 5,4 to 8 years,5 to 8,1996,Liability,1
Dec,2,Sunday,Pontiac,Urban,Saturday,Sep,2,Male,Divorced,64,Policy Holder,Sedan - Collision,Sedan,20000 to 29000,1705,6,400,1,none,more than 30,more than 4,new,21 to 25,No,No,Internal,1 to 2,4 to 8 years,2 vehicles,1994,All Perils,1
Nov,5,Monday,Nissan,Urban,Friday,Oct,4,Female,Married,64,Third Party,Sport - Liability,Utility,40000 to 59000,1706,16,500,4,none,15 to 30,more than 4,7 years,31 to 35,No,Yes,Internal,none,no change,more than 8,1996,All Perils,1
Dec,5,Monday,Mazda,Rural,Saturday,Sep,5,Male,Married,67,Policy Holder,Sport - Collision,Utility,40000 to 59000,1707,7,500,1,none,8 to 15,more than 4,4 years,18 to 20,No,Yes,External,1 to 2,1 year,2 vehicles,1995,Collision,0
Nov,5,Wednesday,Pontiac,Urban,Monday,Mar,2,Female,Widow,64,Third Party,Sedan - All Perils,Utility,30000 to 39000,1708,9,500,3,none,8 to 15,more than 4,7 years,41 to 50,Yes,No,Internal,3 to 5,no change,more than 8,1995,All Perils,1
Mar,2,Tuesday,Mazda,Urban,Saturday,Jul,5,Female,Single,26,Third Party,Sport - Collision,Utility,more than 69000,1709,13,700,4,1 to 7,more than 30,2 to 4,6 years,36 to 40,Yes,Yes,External,1 to 2,2 to 3 years,more than 8,1996,Liability,0
Mar,4,Thursday,BMW,Urban,Tuesday,Jul,1,Female,Widow,68,Third Party,Utility - All Perils,Sedan,20000 to 29000,1710,2,500,1,more than 30,none,2 to 4,2 years,18 to 20,No,No,Internal,3 to 5,no change,3 to 4,1996,All Perils,0
May,1,Wednesday,BMW,Rural,Wednesday,Aug,3,Male,Divorced,29,Third Party,Sedan - Collision,Utility,30000 to 39000,1711,12,300,1,1 to 7,15 to 30,none,2 years,over 65,Yes,Yes,External,more than 5,under 6 months,2 vehicles,1995,All Perils,1
Jun,4,Wednesday,Ford,Rural,Monday,Oct,5,Male,Widow,53,Third Party,Utility - All Perils,Sport,less than 20000,1712,10,500,4,none,8 to 15,none,4 years,26 to 30,Yes,Yes,Internal,more than 5,under 6 months,1 vehicle,1994,All Perils,0
Nov,3,Thursday,Nissan,Rural,Sunday,Feb,3,Male,Single,39,Third Party,Utility - All Perils,Utility,30000 to 39000,1713,11,700,4,more than 30,15 to 30,more than 4,new,18 to 20,No,No,External,1 to 2,1 year,3 to 4,1996,Collision,1
Sep,4,Thursday,Mercedes,Rural,Friday,Sep,3,Female,Widow,31,Policy Holder,Sport - Liability,Utility,less than 20000,1714,16,300,3,15 to 30,more than 30,2 to 4,5 years,16 to 17,No,Yes,External,more than 5,under 6 months,5 to 8,1994,Liability,0
Aug,4,Sunday,Nissan,Rural,Sunday,Oct,1,Male,Single,35,Policy Holder,Sedan - Liability,Sport,more than 69000,1715,8,400,1,more than 30,more than 30,more than 4,4 years,21 to 25,No,No,Internal,none,1 year,3 to 4,1994,Collision,0
Nov,5,Thursday,Toyota,Rural,Thursday,Feb,3,Female,Single,23,Third Party,Sedan - Liability,Sedan,20000 to 29000,1716,15,300,1,8 to 15,8 to 15,none,2 years,16 to 17,No,Yes,Internal,more than 5,no change,5 to 8,1994,All Perils,0
Aug,3,Thursday,BMW,Urban,Tuesday,May,3,Female,Married,45,Policy Holder,Sedan - Liability,Utility,60000 to 69000,1717,10,500,4,8 to 15,15 to 30,2 to 4,5 years,31 to 35,No,Yes,External,none,1 year,1 vehicle,1994,Collision,0
May,2,Friday,Honda,Rural,Wednesday,Nov,5,Female,Married,44,Third Party,Sport - Liability,Sport,less than 20000,1718,4,300,4,8 to 15,8 to 15,1,7 years,36 to 40,Yes,No,Internal,3 to 5,no change,1 vehicle,1996,Liability,0
May,3,Tuesday,Honda,Rural,Thursday,Jan,2,Male,Single,43,Third Party,Sedan - All Perils,Sport,20000 to 29000,1719,11,500,4,none,15 to 30,1,more than 7,26 to 30,Yes,No,Internal,3 to 5,no change,2 vehicles,1996,Collision,1
Jul,1,Friday,Nissan,Urban,Tuesday,Feb,2,Male,Single,23,Third Party,Utility - All Perils,Sport,less than 20000,1720,4,300,4,1 to 7,none,2 to 4,4 years,51 to 65,No,Yes,External,none,no change,more than 8,1995,Liability,0
Feb,1,Sunday,Toyota,Urban,Sunday,Oct,4,Female,Divorced,56,Third Party,Sedan - Liability,Utility,30000 to 39000,1721,15,700,2,8 to 15,more than 30,1,new,over 65,Yes,No,Internal,1 to 2,under 6 months,3 to 4,1995,Collision,0
Sep,3,Wednesday,Mercedes,Rural,Sunday,Mar,5,Male,Married,28,Policy Holder,Sedan - All Perils,Sport,40000 to 59000,1722,3,400,2,1 to 7,none,none,7 years,21 to 25,No,No,External,1 to 2,2 to 3 years,2 vehicles,1996,Collision,0
Aug,5,Tuesday,Mazda,Rural,Thursday,Sep,2,Male,Single,71,Policy Holder,Sedan - Collision,Sedan,30000 to 39000,1723,8,400,2,more than 30,none,more than 4,5 years,36 to 40,No,No,Internal,more than 5,under 6 months,5 to 8,1996,Liability,1
Sep,3,Wednesday,Ford,Urban,Friday,Nov,4,Female,Married,19,Policy Holder,Utility - All Perils,Utility,40000 to 59000,1724,14,700,3,more than 30,more than 30,2 to 4,7 years,26 to 30,No,No,Internal,1 to 2,1 year,3 to 4,1994,Collision,1
Jul,4,Tuesday,Honda,Urban,Friday,Jun,5,Female,Widow,21,Third Party,Sedan - Liability,Sport,60000 to 69000,1725,1,400,1,8 to 15,8 to 15,1,new,21 to 25,Yes,No,External,none,2 to 3 years,1 vehicle,1994,Collision,1
Oct,1,Friday,BMW,Rural,Friday,Jun,4,Male,Widow,36,Policy Holder,Sedan - All Perils,Sedan,less than 20000,1726,8,300,1,15 to 30,none,2 to 4,3 years,18 to 20,No,No,External,none,2 to 3 years,3 to 4,1995,All Perils,0
Dec,3,Sunday,BMW,Rural,Monday,Jun,3,Male,Married,43,Third Party,Utility - All Perils,Sport,30000 to 39000,1727,9,700,4,1 to 7,15 to 30,none,3 years,31 to 35,Yes,No,External,none,1 year,5 to 8,1994,Liability,0
Jul,4,Friday,Chevrolet,Rural,Thursday,May,2,Male,Single,79,Policy Holder,Utility - All Perils,Utility,40000 to 59000,1728,6,300,2,more than 30,8 to 15,1,6 years,18 to 20,No,Yes,External,none,no change,more than 8,1994,Collision,0
Jun,2,Monday,Mercedes,Rural,Saturday,May,2,Male,Divorced,51,Policy Holder,Utility - All Perils,Utility,40000 to 59000,1729,11,400,1,15 to 30,more than 30,1,6 years,41 to 50,No,Yes,Internal,1 to 2,2 to 3 years,2 vehicles,1994,Collision,0
Feb,1,Wednesday,Ford,Rural,Saturday,Jul,1,Female,Widow,41,Third Party,Sport - Collision,Sedan,less than 20000,1730,6,300,3,15 to 30,more than 30,1,6 years,51 to 65,Yes,No,External,1 to 2,under 6 months,1 vehicle,1996,Liability,0
Oct,1,Friday,Chevrolet,Rural,Friday,Nov,1,Female,Divorced,70,Policy Holder,Sedan - Liability,Sport,20000 to 29000,1731,6,500,2,8 to 15,15 to 30,1,4 years,26 to 30,Yes,Yes,External,none,1 year,more than 8,1994,Liability,0
Nov,5,Wednesday,Ford,Urban,Sunday,Dec,3,Male,Married,33,Policy Holder,Sedan - Liability,Utility,30000 to 39000,1732,5,400,1,more than 30,8 to 15,more than 4,3 years,36 to 40,Yes,No,Internal,1 to 2,4 to 8 years,2 vehicles,1995,Collision,0
Sep,4,Friday,Pontiac,Urban,Friday,Nov,1,Male,Single,74,Policy Holder,Sedan - All Perils,Sport,40000 to 59000,1733,10,700,2,8 to 15,8 to 15,none,2 years,over 65,Yes,No,Internal,1 to 2,no change,1 vehicle,1994,All Perils,0
Nov,2,Friday,Toyota,Rural,Wednesday,Feb,1,Male,Married,43,Policy Holder,Sedan - All Perils,Sport,more than 69000,1734,15,300,2,more than 30,15 to 30,2 to 4,3 years,41 to 50,No,No,Internal,3 to 5,no change,3 to 4,1995,All Perils,0
Nov,2,Wednesday,Chevrolet,Urban,Thursday,Apr,4,Male,Married,37,Third Party,Sport - Collision,Sedan,30000 to 39000,1735,3,500,3,15 to 30,more than 30,more than 4,2 years,26 to 30,Yes,Yes,Internal,1 to 2,under 6 months,1 vehicle,1996,All Perils,0
Oct,1,Friday,Chevrolet,Rural,Friday,Oct,1,Male,Widow,36,Third Party,Sedan - Liability,Sedan,40000 to 59000,1736,7,300,4,8 to 15,15 to 30,more than 4,7 years,51 to 65,No,No,Internal,more than 5,1 year,more than 8,1995,All Perils,1
Jul,5,Wednesday,Pontiac,Urban,Sunday,Jul,1,Male,Widow,18,Third Party,Sport - Liability,Utility,20000 to 29000,1737,4,300,4,1 to 7,none,more than 4,6 years,16 to 17,No,Yes,Internal,1 to 2,1 year,5 to 8,1994,Collision,0
Feb,1,Monday,Chevrolet,Urban,Tuesday,May,3,Female,Single,60,Policy Holder,Sedan - All Perils,Utility,less than 20000,1738,4,400,4,more than 30,none,1,6 years,36 to 40,Yes,No,Internal,1 to 2,under 6 months,3 to 4,1994,Liability,0
Jan,4,Wednesday,Pontiac,Urban,Wednesday,Apr,5,Female,Widow,54,Third Party,Sedan - Liability,Sport,30000 to 39000,1739,16,700,2,none,15 to 30,2 to 4,more than 7,21 to 25,No,Yes,External,1 to 2,4 to 8 years,3 to 4,1995,Collision,1
Mar,2,Thursday,Chevrolet,Urban,Friday,Feb,4,Female,Married,57,Policy Holder,Utility - All Perils,Utility,30000 to 39000,1740,12,700,3,none,8 to 15,2 to 4,6 years,18 to 20,No,Yes,Internal,none,no change,2 vehicles,1996,Collision,0
Jun,2,Monday,Ford,Rural,Saturday,Apr,1,Female,Widow,59,Policy Holder,Sedan - All Perils,Utility,less than 20000,1741,16,500,1,none,8 to 15,more than 4,3 years,31 to 35,No,No,Internal,3 to 5,1 year,3 to 4,1994,Liability,1
Sep,2,Sunday,Toyota,Rural,Wednesday,Jun,1,Male,Married,19,Third Party,Sedan - Collision,Sport,60000 to 69000,1742,11,400,3,none,8 to 15,more than 4,3 years,41 to 50,No,No,External,3 to 5,1 year,more than 8,1996,Liability,1
Jun,5,Thursday,Pontiac,Rural,Friday,May,4,Female,Widow,73,Third Party,Sedan - All Perils,Sport,20000 to 29000,1743,11,400,3,1 to 7,15 to 30,1,2 years,41 to 50,Yes,Yes,External,1 to 2,2 to 3 years,5 to 8,1996,Liability,0
Jan,1,Monday,Nissan,Urban,Monday,Jul,4,Male,Widow,50,Third Party,Utility - All Perils,Sedan,20000 to 29000,1744,12,300,4,8 to 15,none,none,6 years,41 to 50,No,No,External,1 to 2,1 year,5 to 8,1995,All Perils,0
Mar,2,Sunday,BMW,Rural,Wednesday,Apr,2,Female,Married,61,Policy Holder,Sport - Liability,Sedan,30000 to 39000,1745,11,400,1,1 to 7,none,1,7 years,21 to 25,Yes,Yes,Internal,3 to 5,no change,more than 8,1996,Liability,0
Dec,2,Saturday,Pontiac,Urban,Sunday,Mar,5,Female,Single,20,Third Party,Sedan - Liability,Sport,more than 69000,1746,14,400,4,8 to 15,none,1,6 years,26 to 30,Yes,Yes,Internal,more than 5,under 6 months,1 vehicle,1994,Collision,1
Dec,2,Monday,Nissan,Urban,Friday,Nov,5,Female,Widow,65,Policy Holder,Sport - Liability,Sport,40000 to 59000,1747,6,500,3,8 to 15,15 to 30,1,4 years,18 to 20,No,Yes,Internal,1 to 2,no change,more than 8,1995,Liability,0
May,1,Tuesday,Nissan,Urban,Sunday,May,4,Male,Divorced,60,Third Party,Sport - Collision,Utility,30000 to 39000,1748,2,300,1,8 to 15,15 to 30,more than 4,3 years,36 to 40,Yes,No,Internal,1 to 2,1 year,1 vehicle,1996,Collision,0
Oct,5,Wednesday,Chevrolet,Urban,Tuesday,Apr,4,Female,Married,41,Third Party,Utility - All Perils,Sedan,60000 to 69000,1749,8,300,4,none,more than 30,none,4 years,51 to 65,Yes,Yes,External,none,4 to 8 years,2 vehicles,1996,Collision,0
Sep,2,Thursday,Honda,Urban,Wednesday,Aug,4,Female,Divorced,76,Third Party,Utility - All Perils,Sedan,less than 20000,1750,1,500,2,8 to 15,none,1,3 years,31 to 35,No,Yes,Internal,1 to 2,under 6 months,5 to 8,1996,Liability,0
Dec,3,Saturday,Pontiac,Urban,Sunday,Jul,1,Male,Single,58,Policy Holder,Sport - Liability,Sedan,30000 to 39000,1751,1,300,2,1 to 7,none,1,2 years,21 to 25,Yes,Yes,Internal,3 to 5,under 6 months,1 vehicle,1994,Collision,0
Nov,2,Wednesday,Pontiac,Urban,Sunday,Jul,4,Female,Divorced,75,Policy Holder,Sport - Collision,Utility,40000 to 59000,1752,1,400,1,8 to 15,none,1,4 years,21 to 25,No,Yes,Internal,3 to 5,1 year,3 to 4,1996,All Perils,0
Aug,5,Friday,Ford,Rural,Sunday,Mar,5,Male,Divorced,69,Third Party,Sedan - All Perils,Utility,30000 to 39000,1753,2,500,1,none,15 to 30,none,2 years,36 to 40,Yes,Yes,External,more than 5,no change,2 vehicles,1996,Collision,1
May,2,Monday,Mercedes,Rural,Wednesday,Sep,2,Male,Married,30,Third Party,Utility - All Perils,Sedan,60000 to 69000,1754,12,700,1,more than 30,15 to 30,more than 4,6 years,41 to 50,Yes,Yes,Internal,1 to 2,4 to 8 years,1 vehicle,1994,All Perils,0
Aug,2,Friday,Mercedes,Urban,Saturday,Mar,1,Female,Single,80,Third Party,Utility - All Perils,Utility,60000 to 69000,1755,10,500,2,15 to 30,none,2 to 4,more than 7,31 to 35,No,No,External,more than 5,2 to 3 years,1 vehicle,1995,All Perils,1
Apr,2,Sunday,Ford,Urban,Thursday,Nov,2,Male,Widow,64,Third Party,Utility - All Perils,Utility,30000 to 39000,1756,15,700,2,1 to 7,8 to 15,none,2 years,21 to 25,No,Yes,External,3 to 5,2 to 3 years,3 to 4,1996,Collision,0
May,2,Thursday,Chevrolet,Urban,Saturday,Jun,2,Male,Divorced,29,Policy Holder,Utility - All Perils,Sport,more than 69000,1757,5,400,2,1 to 7,none,2 to 4,new,26 to 30,No,No,Internal,none,under 6 months,1 vehicle,1994,All Perils,0
Aug,1,Thursday,Toyota,Rural,Saturday,May,5,Male,Single,67,Third Party,Sport - Collision,Sport,more than 69000,1758,6,500,3,1 to 7,15 to 30,2 to 4,7 years,21 to 25,No,No,Internal,none,under 6 months,more than 8,1996,Liability,1
Jul,4,Wednesday,Toyota,Rural,Thursday,May,3,Male,Widow,45,Third Party,Utility - All Perils,Sport,30000 to 39000,1759,8,700,4,more than 30,15 to 30,1,3 years,16 to 17,Yes,No,Internal,1 to 2,1 year,3 to 4,1994,Collision,0
Jul,1,Sunday,Ford,Urban,Wednesday,Jun,4,Female,Divorced,72,Policy Holder,Sport - Liability,Sedan,more than 69000,1760,13,300,4,15 to 30,none,more than 4,3 years,26 to 30,Yes,No,External,1 to 2,under 6 months,5 to 8,1994,Collision,0
May,2,Monday,Mazda,Urban,Sunday,Aug,5,Female,Single,28,Third Party,Sedan - Collision,Sedan,40000 to 59000,1761,15,500,2,8 to 15,none,more than 4,7 years,51 to 65,No,Yes,External,none,no change,2 vehicles,1995,Liability,0
May,2,Wednesday,Ford,Urban,Thursday,Jun,4,Male,Widow,34,Policy Holder,Sedan - Liability,Utility,less than 20000,1762,12,400,4,15 to 30,15 to 30,more than 4,7 years,36 to 40,No,No,External,none,2 to 3 years,3 to 4,1996,All Perils,1
Jan,2,Monday,Toyota,Urban,Thursday,Feb,4,Male,Single,39,Third Party,Utility - All Perils,Sedan,less than 20000,1763,9,700,3,none,more than 30,2 to 4,5 years,18 to 20,Yes,No,Internal,3 to 5,4 to 8 years,1 vehicle,1994,All Perils,1
Aug,4,Sunday,Chevrolet,Urban,Friday,Jul,5,Female,Single,46,Policy Holder,Sedan - All Perils,Sedan,less than 20000,1764,16,400,2,more than 30,more than 30,1,2 years,51 to 65,No,Yes,External,more than 5,under 6 months,1 vehicle,1994,Collision,1
Jul,3,Thursday,Pontiac,Urban,Sunday,Apr,4,Female,Married,57,Third Party,Utility - All Perils,Utility,20000 to 29000,1765,3,700,1,8 to 15,15 to 30,none,6 years,18 to 20,Yes,No,External,none,2 to 3 years,5 to 8,1996,All Perils,0
Dec,5,Sunday,Ford,Rural,Monday,Feb,2,Female,Married,31,Third Party,Sedan - Collision,Utility,20000 to 29000,1766,8,700,2,1 to 7,15 to 30,none,6 years,36 to 40,Yes,No,External,none,4 to 8 years,2 vehicles,1994,All Perils,0
Jul,2,Friday,Chevrolet,Rural,Sunday,Nov,4,Female,Single,62,Third Party,Sedan - All Perils,Utility,less than 20000,1767,4,500,1,15 to 30,more than 30,more than 4,4 years,36 to 40,No,Yes,Internal,3 to 5,2 to 3 years,more than 8,1995,All Perils,0
Jun,5,Thursday,Ford,Rural,Wednesday,Apr,2,Female,Divorced,19,Third Party,Sport - Liability,Sedan,40000 to 59000,1768,3,300,1,none,more than 30,more than 4,5 years,41 to 50,Yes,No,External,none,4 to 8 years,more than 8,1995,Liability,0
Jan,1,Thursday,BMW,Urban,Monday,Aug,2,Male,Single,38,Third Party,Sport - Collision,Utility,30000 to 39000,1769,7,300,4,8 to 15,more than 30,none,5 years,41 to 50,No,Yes,Internal,more than 5,4 to 8 years,1 vehicle,1994,Collision,0
Mar,3,Tuesday,Pontiac,Urban,Wednesday,Mar,4,Female,Divorced,59,Policy Holder,Sport - Liability,Sedan,40000 to 59000,1770,13,500,1,more than 30,8 to 15,more than 4,6 years,21 to 25,No,Yes,External,3 to 5,under 6 months,5 to 8,1994,Collision,0
May,4,Thursday,Nissan,Urban,Thursday,May,2,Female,Single,34,Third Party,Sedan - Collision,Sedan,40000 to 59000,1771,6,400,3,15 to 30,8 to 15,none,5 years,41 to 50,Yes,No,Internal,1 to 2,no change,5 to 8,1995,All Perils,0
May,3,Friday,Honda,Urban,Friday,May,1,Male,Widow,45,Third Party,Sport - Collision,Utility,20000 to 29000,1772,14,400,1,none,none,none,more than 7,36 to 40,No,Yes,Internal,3 to 5,4 to 8 years,2 vehicles,1994,Liability,0
May,5,Sunday,Mercedes,Urban,Thursday,Feb,5,Male,Widow,56,Third Party,Sedan - All Perils,Sedan,40000 to 59000,1773,10,700,3,8 to 15,none,none,new,26 to 30,Yes,Yes,External,none,2 to 3 years,more than 8,1995,All Perils,0
May,2,Thursday,Mazda,Urban,Monday,Dec,3,Female,Married,33,Third Party,Utility - All Perils,Sport,more than 69000,1774,12,400,4,15 to 30,8 to 15,1,new,16 to 17,No,Yes,Internal,1 to 2,no change,5 to 8,1995,Collision,0
Oct,1,Sunday,Honda,Urban,Thursday,Apr,4,Female,Married,78,Third Party,Sedan - All Perils,Sedan,20000 to 29000,1775,4,400,2,8 to 15,more than 30,1,2 years,36 to 40,Yes,No,External,3 to 5,4 to 8 years,2 vehicles,1996,All Perils,0
Feb,4,Sunday,BMW,Urban,Tuesday,Jul,5,Female,Divorced,71,Third Party,Sedan - Liability,Sedan,20000 to 29000,1776,14,400,1,1 to 7,8 to 15,2 to 4,2 years,31 to 35,No,No,Internal,more than 5,no change,1 vehicle,1996,Liability,1
Apr,1,Thursday,Toyota,Rural,Tuesday,Jul,4,Male,Single,79,Policy Holder,Sport - Liability,Utility,40000 to 59000,1777,4,700,1,15 to 30,15 to 30,1,4 years,31 to 35,Yes,No,External,more than 5,under 6 months,3 to 4,1996,All Perils,0
Feb,4,Thursday,Toyota,Rural,Friday,Jun,4,Male,Divorced,49,Policy Holder,Utility - All Perils,Sport,60000 to 69000,1778,6,400,4,8 to 15,more than 30,none,new,41 to 50,No,Yes,Internal,3 to 5,4 to 8 years,2 vehicles,1994,Collision,0
Apr,4,Monday,Nissan,Rural,Saturday,Aug,4,Female,Widow,39,Policy Holder,Utility - All Perils,Utility,40000 to 59000,1779,13,400,1,more than 30,8 to 15,none,2 years,41 to 50,No,Yes,External,1 to 2,under 6 months,3 to 4,1995,All Perils,0
Sep,5,Tuesday,Toyota,Urban,Tuesday,Jul,2,Male,Divorced,80,Third Party,Sedan - Liability,Sedan,60000 to 69000,1780,12,500,2,more than 30,8 to 15,more than 4,5 years,18 to 20,No,Yes,External,more than 5,2 to 3 years,2 vehicles,1994,Collision,1
Jan,3,Sunday,Chevrolet,Urban,Friday,Jan,5,Female,Married,63,Third Party,Utility - All Perils,Utility,less than 20000,1781,5,300,4,more than 30,15 to 30,2 to 4,more than 7,21 to 25,No,Yes,Internal,none,no change,2 vehicles,1996,All Perils,0
May,5,Monday,Toyota,Rural,Wednesday,Sep,4,Male,Married,67,Third Party,Sedan - All Perils,Utility,less than 20000,1782,5,500,3,8 to 15,8 to 15,more than 4,7 years,over 65,No,Yes,External,1 to 2,1 year,more than 8,1994,All Perils,1
Jan,1,Wednesday,Toyota,Rural,Wednesday,Feb,1,Male,Widow,29,Policy Holder,Utility - All Perils,Utility,30000 to 39000,1783,7,500,4,15 to 30,8 to 15,none,2 years,36 to 40,No,Yes,External,1 to 2,2 to 3 years,more than 8,1996,Liability,0
Dec,3,Friday,Honda,Rural,Friday,Jun,1,Male,Widow,72,Third Party,Sport - Collision,Sedan,20000 to 29000,1784,8,300,4,none,more than 30,1,new,26 to 30,No,No,Internal,3 to 5,4 to 8 years,5 to 8,1994,Collision,0
Sep,1,Tuesday,Honda,Urban,Tuesday,May,5,Female,Divorced,51,Policy Holder,Utility - All Perils,Sedan,less than 20000,1785,1,700,3,15 to 30,8 to 15,none,6 years,over 65,No,No,Internal,3 to 5,1 year,2 vehicles,1994,Collision,0
Mar,4,Sunday,Chevrolet,Rural,Saturday,Jun,5,Female,Divorced,66,Third Party,Sedan - All Perils,Sport,20000 to 29000,1786,4,300,4,15 to 30,8 to 15,more than 4,7 years,41 to 50,No,No,External,1 to 2,no change,3 to 4,1996,Liability,1
Mar,4,Friday,Mazda,Rural,Wednesday,Jan,5,Male,Single,69,Policy Holder,Sport - Collision,Sedan,20000 to 29000,1787,3,700,1,15 to 30,more than 30,none,more than 7,51 to 65,No,Yes,External,more than 5,1 year,2 vehicles,1994,All Perils,0
Feb,5,Monday,Honda,Rural,Monday,Sep,1,Male,Single,24,Third Party,Sport - Liability,Sedan,more than 69000,1788,3,700,1,none,15 to 30,more than 4,4 years,31 to 35,Yes,No,Internal,1 to 2,2 to 3 years,3 to 4,1995,Liability,0
Jun,4,Tuesday,Mazda,Rural,Saturday,Jun,5,Male,Divorced,24,Policy Holder,Sedan - Liability,Utility,60000 to 69000,1789,6,300,2,8 to 15,more than 30,none,new,18 to 20,No,No,External,3 to 5,1 year,3 to 4,1995,Liability,0
Oct,2,Saturday,Ford,Urban,Saturday,Jan,5,Female,Married,22,Policy Holder,Sport - Liability,Utility,30000 to 39000,1790,1,400,4,1 to 7,8 to 15,2 to 4,more than 7,41 to 50,Yes,Yes,Internal,none,4 to 8 years,more than 8,1996,Liability,0
Aug,1,Sunday,Pontiac,Rural,Thursday,Jan,4,Female,Widow,58,Policy Holder,Sedan - Liability,Utility,more than 69000,1791,11,300,3,more than 30,more than 30,1,3 years,51 to 65,No,Yes,External,none,under 6 months,5 to 8,1996,Collision,0
Nov,5,Sunday,Nissan,Rural,Saturday,Jul,3,Female,Single,75,Third Party,Sport - Liability,Utility,more than 69000,1792,11,500,2,8 to 15,more than 30,more than 4,4 years,36 to 40,Yes,No,External,none,4 to 8 years,1 vehicle,1995,All Perils,1
May,3,Saturday,BMW,Urban,Tuesday,Aug,3,Male,Single,19,Policy Holder,Sedan - Liability,Sedan,20000 to 29000,1793,4,400,1,15 to 30,none,none,4 years,26 to 30,No,No,Internal,none,2 to 3 years,more than 8,1995,Liability,0
Apr,1,Monday,Nissan,Urban,Wednesday,Jul,3,Male,Married,26,Policy Holder,Sedan - Collision,Utility,30000 to 39000,1794,15,400,4,8 to 15,none,1,more than 7,18 to 20,Yes,No,Internal,more than 5,1 year,1 vehicle,1996,Collision,1
Jun,5,Saturday,Toyota,Urban,Wednesday,Sep,1,Male,Widow,48,Policy Holder,Sedan - All Perils,Sedan,more than 69000,1795,10,700,4,none,15 to 30,2 to 4,3 years,21 to 25,No,No,External,3 to 5,no change,1 vehicle,1994,Collision,0
Mar,5,Monday,Toyota,Rural,Saturday,Oct,3,Female,Divorced,42,Third Party,Sedan - Collision,Sport,30000 to 39000,1796,6,500,1,15 to 30,15 to 30,more than 4,5 years,over 65,Yes,No,External,more than 5,under 6 months,more than 8,1995,Collision,1
Dec,3,Monday,BMW,Urban,Wednesday,Nov,2,Male,Divorced,24,Policy Holder,Sedan - Liability,Sedan,30000 to 39000,1797,4,700,2,15 to 30,none,2 to 4,5 years,18 to 20,Yes,Yes,Internal,1 to 2,2 to 3 years,2 vehicles,1994,Liability,0
Mar,4,Friday,Ford,Rural,Saturday,Dec,2,Male,Single,56,Third Party,Sedan - Liability,Sedan,more than 69000,1798,7,500,3,1 to 7,15 to 30,none,more than 7,36 to 40,No,Yes,Internal,none,4 to 8 years,more than 8,1996,All Perils,1
Jun,1,Thursday,Mercedes,Rural,Wednesday,Nov,1,Female,Single,75,Third Party,Sedan - Collision,Utility,40000 to 59000,1799,16,400,1,15 to 30,none,2 to 4,more than 7,36 to 40,Yes,No,External,1 to 2,1 year,1 vehicle,1995,Collision,0
Jul,1,Friday,Chevrolet,Urban,Friday,Oct,3,Male,Widow,31,Third Party,Sedan - All Perils,Sedan,30000 to 39000,1800,1,300,3,1 to 7,more than 30,1,6 years,31 to 35,Yes,No,Internal,none,under 6 months,2 vehicles,1995,Liability,0
Jan,2,Saturday,Toyota,Urban,Tuesday,Jun,1,Female,Widow,18,Policy Holder,Sedan - Liability,Utility,more than 69000,1801,1,300,4,15 to 30,15 to 30,more than 4,new,over 65,No,Yes,External,1 to 2,2 to 3 years,more than 8,1994,All Perils,0
Jun,4,Monday,Mercedes,Rural,Thursday,Jul,5,Male,Single,32,Third Party,Sedan - Liability,Utility,60000 to 69000,1802,7,500,4,1 to 7,more than 30,2 to 4,3 years,41 to 50,Yes,No,Internal,none,4 to 8 years,1 vehicle,1996,Collision,0
Jun,1,Thursday,Chevrolet,Rural,Monday,Aug,5,Female,Married,29,Third Party,Sport - Collision,Sport,30000 to 39000,1803,15,500,4,15 to 30,none,more than 4,6 years,over 65,No,No,Internal,none,no change,3 to 4,1994,Collision,0
Apr,1,Saturday,Mercedes,Urban,Saturday,Mar,5,Male,Divorced,47,Policy Holder,Sedan - Collision,Sedan,30000 to 39000,1804,5,500,4,more than 30,more than 30,none,7 years,21 to 25,Yes,Yes,Internal,3 to 5,under 6 months,5 to 8,1995,Liability,0
Feb,4,Thursday,Chevrolet,Rural,Monday,Sep,2,Female,Single,24,Third Party,Sport - Liability,Sport,less than 20000,1805,12,700,2,8 to 15,8 to 15,2 to 4,7 years,41 to 50,Yes,No,Internal,more than 5,2 to 3 years,2 vehicles,1996,Collision,1
Jan,4,Thursday,Toyota,Urban,Sunday,Aug,1,Male,Divorced,40,Policy Holder,Utility - All Perils,Sport,less than 20000,1806,10,300,2,none,none,2 to 4,4 years,41 to 50,Yes,Yes,Internal,none,no change,1 vehicle,1996,Liability,1
Jan,4,Thursday,BMW,Rural,Saturday,Jul,3,Male,Married,25,Third Party,Sedan - Liability,Sport,more than 69000,1807,4,500,2,15 to 30,8 to 15,1,6 years,over 65,Yes,Yes,Internal,more than 5,4 to 8 years,more than 8,1994,All Perils,1
Jun,4,Sunday,Toyota,Rural,Friday,Nov,4,Male,Widow,60,Third Party,Utility - All Perils,Sport,less than 20000,1808,15,500,4,more than 30,8 to 15,1,3 years,26 to 30,No,Yes,External,more than 5,under 6 months,5 to 8,1995,Collision,0
Feb,5,Monday,Pontiac,Rural,Sunday,Sep,1,Female,Widow,47,Third Party,Sport - Liability,Sport,more than 69000,1809,3,500,3,15 to 30,15 to 30,2 to 4,6 years,21 to 25,No,Yes,External,none,1 year,more than 8,1994,Liability,1
Dec,4,Sunday,Mazda,Urban,Saturday,Dec,5,Male,Widow,22,Policy Holder,Sport - Liability,Utility,20000 to 29000,1810,9,300,2,1 to 7,more than 30,1,4 years,51 to 65,Yes,Yes,Internal,none,1 year,5 to 8,1995,All Perils,0
Mar,3,Saturday,Mercedes,Urban,Monday,Dec,3,Male,Widow,20,Policy Holder,Sedan - All Perils,Sedan,40000 to 59000,1811,11,400,3,8 to 15,8 to 15,1,6 years,41 to 50,No,Yes,Internal,none,under 6 months,5 to 8,1994,All Perils,0
Aug,5,Saturday,Mercedes,Rural,Saturday,Oct,5,Male,Single,48,Policy Holder,Sedan - Liability,Sport,60000 to 69000,1812,11,300,1,1 to 7,15 to 30,2 to 4,7 years,21 to 25,Yes,No,Internal,3 to 5,no change,5 to 8,1995,All Perils,0
Sep,2,Wednesday,Mazda,Rural,Wednesday,Apr,1,Female,Married,55,Third Party,Utility - All Perils,Sedan,more than 69000,1813,14,300,2,15 to 30,none,more than 4,7 years,21 to 25,No,No,External,3 to 5,no change,5 to 8,1994,Collision,1
Jun,1,Thursday,Mercedes,Rural,Saturday,Mar,3,Female,Divorced,28,Third Party,Sport - Collision,Sport,30000 to 39000,1814,12,700,1,15 to 30,more than 30,none,6 years,51 to 65,Yes,No,External,more than 5,under 6 months,3 to 4,1995,Liability,1
Nov,4,Wednesday,Honda,Urban,Sunday,Apr,3,Female,Single,38,Third Party,Sedan - Liability,Sedan,more than 69000,1815,11,500,4,15 to 30,8 to 15,more than 4,7 years,36 to 40,Yes,Yes,External,3 to 5,under 6 months,more than 8,1995,Liability,1
Feb,2,Tuesday,Honda,Rural,Sunday,Sep,1,Male,Widow,56,Policy Holder,Sedan - Liability,Utility,30000 to 39000,1816,3,700,1,1 to 7,more than 30,none,2 years,over 65,No,No,External,none,4 to 8 years,more than 8,1995,Collision,0
Mar,5,Sunday,Nissan,Rural,Thursday,Nov,4,Female,Widow,47,Policy Holder,Sedan - Collision,Sport,more than 69000,1817,5,500,4,none,8 to 15,none,2 years,36 to 40,Yes,Yes,External,more than 5,2 to 3 years,2 vehicles,1994,Liability,0
Apr,3,Thursday,Pontiac,Urban,Tuesday,Nov,5,Female,Single,25,Policy Holder,Sedan - All Perils,Utility,less than 20000,1818,6,300,1,15 to 30,8 to 15,none,7 years,over 65,No,No,Internal,more than 5,no change,more than 8,1994,All Perils,0
Feb,5,Saturday,Chevrolet,Rural,Monday,Sep,3,Female,Single,42,Third Party,Sedan - All Perils,Sedan,20000 to 29000,1819,6,700,1,1 to 7,more than 30,none,5 years,21 to 25,Yes,Yes,Internal,3 to 5,2 to 3 years,2 vehicles,1996,Liability,0
Apr,1,Monday,Toyota,Urban,Tuesday,Sep,2,Female,Divorced,30,Policy Holder,Sedan - All Perils,Sport,40000 to 59000,1820,2,500,3,more than 30,none,more than 4,4 years,41 to 50,Yes,No,External,more than 5,2 to 3 years,5 to 8,1996,All Perils,1
Apr,4,Saturday,Ford,Rural,Sunday,Dec,4,Male,Single,76,Third Party,Utility - All Perils,Utility,60000 to 69000,1821,2,300,1,none,15 to 30,1,6 years,18 to 20,No,Yes,External,1 to 2,no change,more than 8,1994,Collision,0
Oct,3,Friday,BMW,Rural,Friday,Sep,2,Female,Single,68,Third Party,Utility - All Perils,Utility,60000 to 69000,1822,8,300,1,more than 30,8 to 15,more than 4,new,41 to 50,No,Yes,Internal,3 to 5,1 year,3 to 4,1995,All Perils,0
Apr,3,Sunday,Mercedes,Rural,Wednesday,Feb,2,Male,Single,37,Policy Holder,Sport - Liability,Sedan,30000 to 39000,1823,12,700,2,15 to 30,8 to 15,none,2 years,26 to 30,Yes,No,External,3 to 5,2 to 3 years,1 vehicle,1994,All Perils,0
Nov,2,Monday,Nissan,Urban,Thursday,Jul,4,Female,Widow,32,Policy Holder,Sport - Collision,Sport,40000 to 59000,1824,15,500,3,8 to 15,15 to 30,2 to 4,2 years,31 to 35,Yes,No,External,1 to 2,2 to 3 years,more than 8,1994,Collision,0
Oct,5,Thursday,Mazda,Rural,Tuesday,May,3,Male,Divorced,26,Third Party,Utility - All Perils,Sedan,40000 to 59000,1825,16,300,1,more than 30,more than 30,1,5 years,51 to 65,No,No,External,more than 5,1 year,5 to 8,1995,All Perils,1
Nov,2,Thursday,Chevrolet,Rural,Thursday,Aug,2,Female,Single,64,Third Party,Sedan - Collision,Sport,more than 69000,1826,8,400,1,15 to 30,8 to 15,2 to 4,new,16 to 17,No,Yes,External,3 to 5,1 year,3 to 4,1996,Collision,0
Feb,5,Thursday,Toyota,Rural,Wednesday,Aug,3,Female,Divorced,75,Policy Holder,Sport - Collision,Sedan,less than 20000,1827,15,700,2,none,15 to 30,more than 4,new,21 to 25,No,No,Internal,more than 5,2 to 3 years,more than 8,1996,Liability,1
Dec,3,Monday,Honda,Urban,Saturday,Apr,5,Female,Widow,35,Third Party,Sport - Collision,Sedan,less than 20000,1828,8,700,3,1 to 7,none,2 to 4,6 years,36 to 40,No,No,Internal,1 to 2,4 to 8 years,1 vehicle,1996,All Perils,1
Aug,1,Thursday,Mazda,Rural,Monday,Apr,3,Female,Single,58,Policy Holder,Sedan - Collision,Utility,40000 to 59000,1829,8,700,1,more than 30,none,2 to 4,6 years,26 to 30,Yes,Yes,Internal,1 to 2,no change,3 to 4,1994,Liability,0
Dec,5,Wednesday,Pontiac,Urban,Sunday,Feb,1,Female,Single,32,Policy Holder,Utility - All Perils,Utility,less than 20000,1830,4,400,2,15 to 30,15 to 30,1,3 years,36 to 40,Yes,Yes,Internal,more than 5,1 year,1 vehicle,1994,Liability,0
May,1,Friday,Honda,Rural,Monday,Apr,5,Male,Married,75,Third Party,Sedan - Collision,Utility,20000 to 29000,1831,11,300,1,none,15 to 30,none,6 years,26 to 30,No,No,External,none,4 to 8 years,1 vehicle,1994,Collision,0
Dec,2,Tuesday,Mazda,Rural,Wednesday,Oct,4,Female,Single,36,Policy Holder,Sedan - Liability,Utility,40000 to 59000,1832,5,400,2,none,none,none,new,16 to 17,Yes,Yes,External,3 to 5,1 year,2 vehicles,1994,Collision,0
Aug,5,Thursday,Pontiac,Rural,Wednesday,Aug,2,Female,Single,24,Policy Holder,Sedan - Collision,Sport,20000 to 29000,1833,8,500,2,more than 30,more than 30,1,4 years,over 65,No,No,Internal,more than 5,no change,3 to 4,1995,Collision,0
Jan,5,Friday,Mercedes,Rural,Saturday,Dec,5,Male,Married,73,Policy Holder,Sport - Liability,Sedan,20000 to 29000,1834,15,700,3,none,8 to 15,2 to 4,3 years,41 to 50,Yes,No,External,more than 5,no change,1 vehicle,1995,Liability,0
May,5,Monday,Nissan,Rural,Friday,Dec,5,Female,Divorced,77,Third Party,Sedan - All Perils,Utility,30000 to 39000,1835,9,500,1,more than 30,8 to 15,none,3 years,36 to 40,No,No,Internal,more than 5,2 to 3 years,3 to 4,1994,Collision,1
Feb,3,Saturday,Mazda,Rural,Tuesday,Nov,5,Female,Divorced,43,Third Party,Sedan - Collision,Sedan,60000 to 69000,1836,5,300,4,8 to 15,8 to 15,1,7 years,18 to 20,Yes,No,External,3 to 5,1 year,5 to 8,1996,Collision,0
Dec,4,Saturday,Mazda,Rural,Thursday,Mar,2,Female,Widow,75,Third Party,Utility - All Perils,Sedan,30000 to 39000,1837,11,500,1,more than 30,8 to 15,2 to 4,new,18 to 20,No,Yes,External,none,2 to 3 years,1 vehicle,1996,Liability,0
Apr,2,Monday,Mercedes,Rural,Thursday,May,5,Female,Married,33,Policy Holder,Sedan - Liability,Utility,60000 to 69000,1838,12,300,4,1 to 7,15 to 30,more than 4,6 years,36 to 40,Yes,Yes,Internal,1 to 2,no change,1 vehicle,1994,Collision,0
Mar,4,Monday,BMW,Urban,Thursday,Jan,5,Male,Married,35,Policy Holder,Sedan - Liability,Sport,less than 20000,1839,10,500,3,1 to 7,none,more than 4,3 years,16 to 17,No,Yes,External,more than 5,2 to 3 years,5 to 8,1995,Collision,1
Jul,3,Saturday,Ford,Urban,Monday,Feb,5,Male,Widow,51,Policy Holder,Utility - All Perils,Sedan,less than 20000,1840,1,400,2,15 to 30,none,none,4 years,31 to 35,Yes,Yes,External,3 to 5,1 year,3 to 4,1994,Liability,0
Jun,1,Tuesday,BMW,Rural,Tuesday,Mar,3,Male,Single,55,Policy Holder,Sedan - Collision,Sport,less than 20000,1841,4,500,2,none,more than 30,none,2 years,over 65,No,Yes,External,1 to 2,1 year,1 vehicle,1994,All Perils,0
Feb,3,Sunday,Toyota,Urban,Thursday,Apr,2,Female,Widow,42,Policy Holder,Sedan - Liability,Utility,more than 69000,1842,3,500,4,none,15 to 30,2 to 4,6 years,51 to 65,Yes,No,Internal,more than 5,1 year,more than 8,1996,Collision,0
Oct,3,Thursday,Chevrolet,Rural,Tuesday,Jan,2,Female,Divorced,68,Third Party,Sedan - All Perils,Sport,20000 to 29000,1843,16,500,4,15 to 30,8 to 15,more than 4,new,31 to 35,Yes,Yes,External,1 to 2,under 6 months,3 to 4,1994,All Perils,0
Nov,2,Wednesday,Ford,Urban,Thursday,Nov,5,Female,Divorced,67,Policy Holder,Sport - Liability,Utility,less than 20000,1844,5,300,3,none,more than 30,1,new,21 to 25,Yes,No,External,1 to 2,2 to 3 years,1 vehicle,1994,Liability,0
Sep,2,Tuesday,Nissan,Urban,Tuesday,Jul,3,Male,Single,25,Policy Holder,Sport - Liability,Sport,20000 to 29000,1845,8,700,1,more than 30,more than 30,more than 4,3 years,16 to 17,Yes,Yes,Internal,1 to 2,under 6 months,2 vehicles,1994,Liability,0
Aug,3,Friday,Honda,Rural,Saturday,Aug,5,Female,Married,80,Third Party,Sedan - Liability,Sport,60000 to 69000,1846,15,500,4,15 to 30,15 to 30,2 to 4,more than 7,18 to 20,Yes,Yes,External,1 to 2,1 year,3 to 4,1996,All Perils,0
May,1,Monday,Mercedes,Rural,Tuesday,Aug,3,Male,Married,28,Policy Holder,Sedan - Collision,Sedan,30000 to 39000,1847,16,500,2,15 to 30,15 to 30,more than 4,new,21 to 25,Yes,No,Internal,3 to 5,4 to 8 years,2 vehicles,1995,All Perils,0
Jul,1,Wednesday,Ford,Urban,Friday,Dec,3,Male,Widow,51,Policy Holder,Sport - Collision,Sedan,30000 to 39000,1848,4,400,1,8 to 15,more than 30,more than 4,2 years,31 to 35,Yes,Yes,External,more than 5,2 to 3 years,more than 8,1996,All Perils,0
Jul,4,Wednesday,Honda,Urban,Saturday,Feb,1,Female,Single,44,Third Party,Sport - Collision,Utility,less than 20000,1849,14,300,4,15 to 30,more than 30,none,4 years,41 to 50,No,Yes,Internal,more than 5,no change,5 to 8,1996,All Perils,1
Feb,2,Tuesday,Pontiac,Rural,Wednesday,May,3,Male,Divorced,46,Third Party,Sport - Collision,Sport,60000 to 69000,1850,12,500,1,more than 30,8 to 15,1,new,31 to 35,Yes,Yes,External,1 to 2,no change,1 vehicle,1996,Liability,0
Jan,4,Wednesday,BMW,Urban,Monday,Apr,3,Female,Divorced,26,Policy Holder,Sedan - All Perils,Utility,20000 to 29000,1851,10,400,2,none,15 to 30,none,5 years,51 to 65,Yes,Yes,Internal,1 to 2,1 year,2 vehicles,1995,All Perils,0
Apr,3,Thursday,Toyota,Urban,Monday,Jul,1,Male,Married,39,Policy Holder,Utility - All Perils,Sport,less than 20000,1852,3,700,1,1 to 7,none,none,3 years,18 to 20,Yes,No,Internal,more than 5,2 to 3 years,2 vehicles,1995,Liability,1
Jun,3,Friday,Honda,Rural,Wednesday,Jul,1,Male,Married,19,Third Party,Sedan - Liability,Sport,60000 to 69000,1853,12,500,2,15 to 30,15 to 30,1,6 years,26 to 30,Yes,Yes,External,3 to 5,1 year,1 vehicle,1995,Collision,0
Feb,3,Monday,Toyota,Rural,Monday,Oct,3,Female,Married,79,Third Party,Sport - Liability,Sport,more than 69000,1854,10,400,4,none,none,2 to 4,new,36 to 40,Yes,Yes,Internal,none,4 to 8 years,1 vehicle,1994,All Perils,1
Feb,3,Sunday,Mazda,Rural,Sunday,Jul,2,Female,Single,27,Policy Holder,Utility - All Perils,Sport,40000 to 59000,1855,8,300,1,1 to 7,none,more than 4,2 years,16 to 17,Yes,No,Internal,3 to 5,4 to 8 years,1 vehicle,1995,Collision,0
Nov,5,Sunday,Toyota,Rural,Sunday,Mar,4,Female,Divorced,48,Third Party,Sport - Liability,Utility,more than 69000,1856,10,500,1,none,15 to 30,none,2 years,over 65,Yes,Yes,External,more than 5,1 year,5 to 8,1995,All Perils,1
May,5,Friday,BMW,Rural,Sunday,Jul,3,Male,Divorced,31,Third Party,Sedan - All Perils,Utility,30000 to 39000,1857,4,700,4,none,8 to 15,none,6 years,over 65,No,Yes,Internal,1 to 2,under 6 months,2 vehicles,1996,All Perils,0
Aug,2,Sunday,Honda,Rural,Sunday,Dec,3,Female,Married,29,Policy Holder,Sedan - All Perils,Utility,40000 to 59000,1858,10,400,1,8 to 15,none,none,6 years,41 to 50,Yes,No,External,3 to 5,no change,3 to 4,1994,All Perils,0
Jul,4,Wednesday,Mercedes,Urban,Friday,Jul,1,Female,Widow,42,Third Party,Sedan - All Perils,Utility,30000 to 39000,1859,3,500,1,15 to 30,more than 30,more than 4,new,41 to 50,No,Yes,Internal,more than 5,no change,1 vehicle,1996,All Perils,0
Sep,5,Saturday,Mercedes,Urban,Wednesday,Aug,3,Male,Married,79,Third Party,Sedan - Liability,Sedan,40000 to 59000,1860,5,300,3,none,more than 30,2 to 4,4 years,18 to 20,Yes,Yes,Internal,none,2 to 3 years,more than 8,1994,Collision,0
Sep,1,Saturday,BMW,Urban,Thursday,Mar,3,Male,Single,48,Third Party,Sedan - Collision,Utility,more than 69000,1861,8,400,2,more than 30,none,1,6 years,18 to 20,No,No,External,more than 5,under 6 months,more than 8,1994,Collision,0
Apr,4,Thursday,Nissan,Rural,Tuesday,Jan,3,Male,Married,78,Third Party,Sport - Collision,Utility,40000 to 59000,1862,3,700,4,15 to 30,15 to 30,none,new,21 to 25,No,No,External,none,no change,5 to 8,1995,Liability,0
Nov,3,Tuesday,Nissan,Rural,Saturday,Mar,2,Female,Single,70,Policy Holder,Sport - Collision,Sport,less than 20000,1863,15,400,1,15 to 30,8 to 15,1,new,18 to 20,Yes,No,Internal,none,no change,2 vehicles,1996,Collision,0
May,5,Thursday,Honda,Urban,Thursday,Jan,1,Female,Divorced,45,Third Party,Sedan - All Perils,Sedan,40000 to 59000,1864,15,700,3,none,more than 30,none,6 years,36 to 40,No,No,External,1 to 2,1 year,5 to 8,1995,All Perils,1
Nov,3,Sunday,Mazda,Rural,Wednesday,Jun,5,Female,Widow,74,Third Party,Sedan - All Perils,Sedan,30000 to 39000,1865,8,400,4,8 to 15,15 to 30,none,5 years,over 65,No,Yes,Internal,none,1 year,2 vehicles,1994,Liability,0
May,5,Sunday,BMW,Urban,Friday,Nov,5,Female,Divorced,39,Third Party,Sedan - Liability,Utility,40000 to 59000,1866,10,700,3,more than 30,8 to 15,1,6 years,41 to 50,No,Yes,Internal,3 to 5,no change,more than 8,1994,Collision,0
Feb,1,Thursday,Mazda,Rural,Wednesday,Jun,5,Male,Single,49,Policy Holder,Utility - All Perils,Utility,40000 to 59000,1867,5,500,1,1 to 7,more than 30,2 to 4,4 years,51 to 65,Yes,No,External,3 to 5,1 year,5 to 8,1996,All Perils,0
Oct,1,Tuesday,BMW,Urban,Wednesday,Aug,2,Female,Widow,60,Third Party,Utility - All Perils,Sedan,40000 to 59000,1868,4,700,1,8 to 15,15 to 30,1,more than 7,over 65,No,Yes,External,1 to 2,1 year,1 vehicle,1994,Collision,1
Jan,5,Saturday,BMW,Urban,Tuesday,Nov,4,Female,Widow,55,Policy Holder,Sedan - Collision,Sport,more than 69000,1869,16,500,1,8 to 15,none,more than 4,2 years,36 to 40,No,Yes,Internal,more than 5,no change,1 vehicle,1994,Collision,0
Oct,3,Monday,Nissan,Urban,Monday,Oct,1,Male,Widow,70,Policy Holder,Sedan - Collision,Sport,more than 69000,1870,7,400,4,15 to 30,8 to 15,more than 4,2 years,16 to 17,No,Yes,External,1 to 2,4 to 8 years,5 to 8,1994,All Perils,1
Jan,3,Tuesday,Ford,Urban,Monday,Aug,5,Female,Divorced,28,Policy Holder,Sport - Collision,Sedan,more than 69000,1871,16,400,1,more than 30,more than 30,none,6 years,over 65,Yes,Yes,External,more than 5,under 6 months,5 to 8,1994,All Perils,0
Mar,1,Thursday,Mazda,Rural,Wednesday,Oct,1,Male,Married,49,Third Party,Sedan - Liability,Sport,40000 to 59000,1872,2,500,1,none,15 to 30,1,7 years,31 to 35,No,Yes,Internal,3 to 5,no change,5 to 8,1996,All Perils,0
Aug,2,Sunday,Honda,Urban,Sunday,Apr,3,Female,Single,59,Third Party,Sedan - Liability,Utility,20000 to 29000,1873,2,700,2,none,none,2 to 4,new,31 to 35,Yes,No,Internal,3 to 5,no change,2 vehicles,1994,Liability,0
Dec,5,Wednesday,Ford,Urban,Tuesday,Jun,5,Female,Single,38,Policy Holder,Utility - All Perils,Sedan,20000 to 29000,1874,8,300,2,none,more than 30,1,6 years,over 65,No,No,Internal,more than 5,1 year,5 to 8,1994,Liability,1
May,2,Thursday,Ford,Rural,Friday,May,4,Female,Married,72,Third Party,Sedan - Collision,Utility,more than 69000,1875,13,700,1,1 to 7,8 to 15,1,more than 7,41 to 50,Yes,No,External,1 to 2,2 to 3 years,2 vehicles,1994,All Perils,0
Feb,3,Wednesday,Chevrolet,Urban,Wednesday,Oct,5,Female,Single,36,Third Party,Sport - Collision,Utility,more than 69000,1876,7,700,2,1 to 7,none,2 to 4,5 years,16 to 17,Yes,No,Internal,none,under 6 months,5 to 8,1996,All Perils,0
Mar,2,Thursday,Mazda,Rural,Wednesday,May,3,Female,Single,36,Policy Holder,Utility - All Perils,Sport,less than 20000,1877,14,700,4,more than 30,more than 30,none,7 years,41 to 50,Yes,Yes,External,more than 5,2 to 3 years,2 vehicles,1996,Liability,0
Nov,2,Monday,Mercedes,Rural,Tuesday,Dec,1,Male,Single,38,Third Party,Sport - Liability,Sedan,20000 to 29000,1878,3,500,1,8 to 15,more than 30,more than 4,3 years,over 65,Yes,Yes,External,3 to 5,under 6 months,1 vehicle,1996,Collision,1
Sep,1,Friday,BMW,Rural,Thursday,Mar,1,Male,Married,60,Policy Holder,Sedan - Collision,Sedan,60000 to 69000,1879,14,700,4,15 to 30,15 to 30,1,7 years,21 to 25,No,Yes,Internal,none,no change,more than 8,1995,Liability,0
Feb,5,Friday,BMW,Rural,Friday,Mar,1,Female,Single,25,Third Party,Sedan - Liability,Sedan,less than 20000,1880,8,400,3,8 to 15,15 to 30,1,4 years,31 to 35,Yes,No,External,more than 5,2 to 3 years,more than 8,1996,Liability,1
May,5,Wednesday,Honda,Urban,Wednesday,Sep,1,Male,Married,27,Policy Holder,Sport - Liability,Sport,less than 20000,1881,5,500,2,more than 30,none,none,3 years,16 to 17,Yes,Yes,Internal,3 to 5,2 to 3 years,5 to 8,1994,Collision,0
Apr,1,Tuesday,Chevrolet,Rural,Thursday,Oct,3,Female,Widow,67,Third Party,Sedan - All Perils,Sport,more than 69000,1882,11,700,3,1 to 7,15 to 30,2 to 4,2 years,41 to 50,No,Yes,Internal,3 to 5,2 to 3 years,5 to 8,1996,Liability,0
Mar,2,Saturday,BMW,Rural,Thursday,Sep,1,Male,Married,31,Policy Holder,Utility - All Perils,Sedan,less than 20000,1883,13,700,2,15 to 30,more than 30,2 to 4,7 years,18 to 20,No,Yes,External,none,1 year,5 to 8,1995,Collision,0
Nov,3,Tuesday,Ford,Rural,Tuesday,Apr,1,Female,Single,24,Policy Holder,Sport - Collision,Sport,20000 to 29000,1884,15,500,1,1 to 7,none,2 to 4,6 years,26 to 30,No,No,Internal,more than 5,4 to 8 years,5 to 8,1996,Collision,0
Aug,2,Monday,Mazda,Rural,Friday,Jan,3,Female,Widow,34,Third Party,Sedan - Liability,Utility,more than 69000,1885,2,400,1,1 to 7,more than 30,1,7 years,36 to 40,Yes,Yes,Internal,3 to 5,4 to 8 years,3 to 4,1994,Liability,0
Mar,4,Monday,BMW,Urban,Thursday,Apr,4,Male,Single,43,Third Party,Sedan - Collision,Sedan,less than 20000,1886,12,700,1,more than 30,none,1,6 years,51 to 65,No,No,Internal,3 to 5,under 6 months,more than 8,1994,Collision,0
Aug,2,Sunday,Mercedes,Urban,Monday,Jun,4,Female,Widow,20,Policy Holder,Sport - Liability,Utility,60000 to 69000,1887,6,500,3,none,8 to 15,2 to 4,3 years,21 to 25,No,Yes,External,none,2 to 3 years,5 to 8,1996,Collision,0
May,1,Wednesday,Mercedes,Rural,Thursday,May,1,Male,Married,70,Policy Holder,Sport - Liability,Sedan,40000 to 59000,1888,9,700,1,1 to 7,none,none,2 years,over 65,No,No,External,3 to 5,no change,3 to 4,1994,Liability,0
Jan,2,Monday,Mazda,Rural,Wednesday,Dec,5,Male,Married,25,Third Party,Sport - Liability,Sport,40000 to 59000,1889,8,500,1,1 to 7,8 to 15,1,6 years,16 to 17,Yes,Yes,Internal,more than 5,no change,3 to 4,1994,Liability,0
Jun,3,Sunday,Mazda,Urban,Saturday,Nov,3,Female,Single,43,Third Party,Sedan - Collision,Sedan,60000 to 69000,1890,13,700,1,none,15 to 30,2 to 4,3 years,18 to 20,No,No,Internal,more than 5,1 year,more than 8,1996,Collision,0
Mar,1,Tuesday,Mazda,Urban,Wednesday,Oct,2,Male,Married,30,Policy Holder,Sedan - Collision,Sedan,less than 20000,1891,7,400,1,15 to 30,more than 30,2 to 4,6 years,18 to 20,No,Yes,External,1 to 2,2 to 3 years,3 to 4,1995,All Perils,0
Mar,5,Wednesday,BMW,Urban,Sunday,Jan,2,Female,Single,36,Third Party,Sedan - Collision,Utility,less than 20000,1892,5,500,4,1 to 7,none,1,more than 7,41 to 50,Yes,No,External,none,1 year,1 vehicle,1996,Collision,1
Nov,1,Monday,Mazda,Urban,Friday,Feb,5,Female,Widow,20,Policy Holder,Sport - Liability,Sport,20000 to 29000,1893,8,700,1,8 to 15,more than 30,1,6 years,26 to 30,No,No,Internal,1 to 2,no change,more than 8,1994,Collision,0
Sep,1,Friday,Mazda,Urban,Monday,Jun,3,Female,Single,77,Policy Holder,Sedan - Liability,Sport,30000 to 39000,1894,11,500,3,1 to 7,more than 30,1,4 years,16 to 17,No,Yes,Internal,3 to 5,2 to 3 years,1 vehicle,1994,Collision,0
Feb,3,Friday,Toyota,Rural,Wednesday,Aug,2,Female,Widow,77,Third Party,Sport - Liability,Sport,more than 69000,1895,14,300,2,more than 30,none,more than 4,more than 7,51 to 65,No,No,Internal,1 to 2,2 to 3 years,2 vehicles,1995,All Perils,0
Nov,3,Saturday,Chevrolet,Rural,Sunday,Sep,3,Female,Married,25,Third Party,Sedan - Collision,Sedan,less than 20000,1896,1,700,1,8 to 15,more than 30,2 to 4,5 years,21 to 25,Yes,No,Internal,3 to 5,2 to 3 years,2 vehicles,1996,All Perils,0
Jul,2,Tuesday,Ford,Rural,Tuesday,Apr,1,Male,Widow,30,Third Party,Sedan - All Perils,Utility,30000 to 39000,1897,10,400,2,15 to 30,more than 30,none,4 years,41 to 50,No,Yes,Internal,more than 5,2 to 3 years,1 vehicle,1995,Collision,1
Nov,2,Wednesday,Chevrolet,Urban,Friday,Feb,1,Male,Widow,73,Policy Holder,Sedan - Collision,Sport,30000 to 39000,1898,2,300,1,15 to 30,none,none,more than 7,31 to 35,Yes,Yes,External,none,4 to 8 years,2 vehicles,1996,Liability,0
Sep,1,Sunday,Mercedes,Rural,Saturday,Apr,2,Male,Widow,44,Policy Holder,Sedan - All Perils,Sedan,20000 to 29000,1899,10,400,2,more than 30,none,none,3 years,18 to 20,No,No,Internal,none,under 6 months,1 vehicle,1996,Collision,0
May,4,Saturday,BMW,Rural,Friday,Oct,2,Male,Divorced,21,Third Party,Sport - Liability,Utility,30000 to 39000,1900,10,300,4,15 to 30,15 to 30,none,2 years,36 to 40,No,Yes,External,1 to 2,no change,3 to 4,1996,All Perils,1
Jul,2,Monday,Chevrolet,Rural,Monday,Dec,2,Male,Widow,26,Third Party,Sedan - Collision,Sedan,20000 to 29000,1901,14,700,3,more than 30,8 to 15,none,2 years,51 to 65,No,Yes,External,none,1 year,more than 8,1995,Collision,1
Jul,1,Friday,Nissan,Urban,Wednesday,Dec,1,Male,Divorced,44,Third Party,Sport - Collision,Utility,less than 20000,1902,4,700,4,15 to 30,8 to 15,1,6 years,26 to 30,Yes,Yes,Internal,more than 5,4 to 8 years,2 vehicles,1994,Collision,1
Sep,2,Saturday,Nissan,Urban,Wednesday,Aug,4,Female,Married,53,Policy Holder,Sedan - Liability,Sedan,40000 to 59000,1903,13,400,3,none,8 to 15,2 to 4,5 years,51 to 65,Yes,No,External,none,no change,2 vehicles,1996,All Perils,0
Mar,5,Thursday,Mazda,Urban,Wednesday,Feb,1,Female,Divorced,57,Third Party,Sedan - Collision,Sedan,more than 69000,1904,12,700,4,none,8 to 15,more than 4,7 years,21 to 25,Yes,Yes,Internal,none,4 to 8 years,5 to 8,1995,Liability,1
Apr,2,Friday,BMW,Rural,Sunday,Dec,2,Female,Married,27,Third Party,Sport - Liability,Sedan,30000 to 39000,1905,11,500,1,15 to 30,more than 30,2 to 4,2 years,21 to 25,Yes,Yes,External,1 to 2,2 to 3 years,5 to 8,1994,Liability,0
Mar,5,Monday,Mazda,Urban,Monday,Feb,5,Male,Widow,41,Third Party,Sport - Collision,Sport,40000 to 59000,1906,11,700,1,none,none,more than 4,3 years,18 to 20,No,Yes,External,1 to 2,no change,more than 8,1995,Liability,1
Apr,2,Monday,Mercedes,Rural,Thursday,Apr,1,Female,Married,34,Policy Holder,Sport - Collision,Sport,60000 to 69000,1907,9,300,2,none,none,2 to 4,new,18 to 20,Yes,Yes,Internal,3 to 5,1 year,3 to 4,1996,All Perils,0
Feb,1,Monday,Mazda,Urban,Sunday,Dec,2,Female,Divorced,51,Policy Holder,Sedan - Collision,Sedan,more than 69000,1908,2,300,3,15 to 30,more than 30,1,3 years,21 to 25,Yes,Yes,External,none,under 6 months,5 to 8,1995,All Perils,0
Jan,2,Tuesday,Ford,Rural,Sunday,Jul,3,Male,Married,38,Third Party,Sedan - Collision,Sedan,60000 to 69000,1909,14,700,4,1 to 7,more than 30,2 to 4,more than 7,36 to 40,Yes,No,Internal,more than 5,2 to 3 years,more than 8,1996,All Perils,0
Dec,2,Sunday,Toyota,Urban,Friday,Mar,2,Female,Widow,30,Policy Holder,Sedan - All Perils,Sedan,more than 69000,1910,7,400,1,1 to 7,more than 30,1,more than 7,18 to 20,Yes,No,Internal,none,2 to 3 years,3 to 4,1994,Liability,0
Jan,1,Friday,Mercedes,Urban,Sunday,Jul,2,Female,Single,69,Third Party,Sedan - Liability,Sport,60000 to 69000,1911,2,500,1,none,more than 30,1,4 years,31 to 35,Yes,Yes,External,more than 5,under 6 months,more than 8,1994,All Perils,0
Nov,3,Saturday,Ford,Rural,Wednesday,Jan,1,Female,Widow,53,Policy Holder,Utility - All Perils,Utility,more than 69000,1912,10,700,4,1 to 7,none,more than 4,new,21 to 25,Yes,No,External,3 to 5,1 year,more than 8,1994,Liability,0
Jan,2,Wednesday,Mercedes,Rural,Friday,Apr,3,Male,Single,47,Third Party,Sedan - Collision,Sedan,more than 69000,1913,16,400,3,more than 30,more than 30,more than 4,more than 7,18 to 20,Yes,No,External,more than 5,no change,1 vehicle,1996,All Perils,1
Oct,4,Sunday,Honda,Rural,Thursday,Dec,4,Female,Married,26,Policy Holder,Sport - Liability,Utility,60000 to 69000,1914,12,300,2,8 to 15,8 to 15,2 to 4,2 years,51 to 65,Yes,Yes,External,none,no change,5 to 8,1996,Collision,0
Apr,3,Tuesday,Chevrolet,Urban,Monday,Apr,3,Female,Single,22,Policy Holder,Sedan - Liability,Sport,30000 to 39000,1915,4,700,1,more than 30,8 to 15,2 to 4,new,31 to 35,Yes,Yes,Internal,3 to 5,2 to 3 years,5 to 8,1994,Liability,0
Jul,3,Sunday,Mazda,Urban,Monday,Nov,5,Female,Married,68,Policy Holder,Sport - Collision,Sedan,20000 to 29000,1916,14,400,3,15 to 30,8 to 15,2 to 4,4 years,21 to 25,No,Yes,External,1 to 2,under 6 months,more than 8,1995,Collision,1
Apr,3,Monday,Mazda,Urban,Sunday,Jul,4,Male,Married,79,Policy Holder,Sedan - Collision,Sedan,40000 to 59000,1917,14,300,4,1 to 7,more than 30,more than 4,more than 7,36 to 40,No,Yes,External,3 to 5,4 to 8 years,3 to 4,1996,All Perils,0
Jun,1,Monday,Toyota,Rural,Tuesday,Aug,4,Male,Married,54,Third Party,Sedan - Collision,Utility,60000 to 69000,1918,6,400,1,none,15 to 30,none,7 years,over 65,No,Yes,External,none,1 year,2 vehicles,1995,Collision,0
Jun,4,Monday,Honda,Urban,Wednesday,Sep,3,Male,Married,20,Third Party,Sedan - All Perils,Utility,60000 to 69000,1919,9,500,1,more than 30,none,1,3 years,21 to 25,Yes,No,Internal,3 to 5,under 6 months,3 to 4,1995,All Perils,0
Jul,1,Saturday,Mazda,Urban,Friday,Jul,4,Female,Single,48,Third Party,Sedan - Liability,Utility,40000 to 59000,1920,14,700,4,more than 30,none,none,4 years,21 to 25,Yes,Yes,External,more than 5,4 to 8 years,5 to 8,1994,Liability,0
May,4,Tuesday,Chevrolet,Rural,Friday,Jan,3,Male,Widow,35,Third Party,Sedan - Liability,Sport,less than 20000,1921,3,300,4,none,15 to 30,2 to 4,new,41 to 50,Yes,Yes,External,more than 5,no change,more than 8,1994,All Perils,1
Jul,5,Thursday,Mercedes,Urban,Thursday,Dec,5,Male,Divorced,21,Policy Holder,Sport - Liability,Utility,20000 to 29000,1922,6,500,1,1 to 7,more than 30,1,3 years,31 to 35,Yes,No,Internal,more than 5,4 to 8 years,1 vehicle,1996,Collision,0
Oct,4,Thursday,Chevrolet,Urban,Sunday,Jun,3,Female,Married,26,Third Party,Sedan - All Perils,Utility,40000 to 59000,1923,8,300,3,15 to 30,15 to 30,1,6 years,41 to 50,Yes,No,External,3 to 5,no change,1 vehicle,1996,Collision,0
Jun,3,Saturday,Ford,Urban,Saturday,Aug,3,Male,Single,49,Third Party,Sport - Collision,Utility,30000 to 39000,1924,1,400,4,more than 30,more than 30,more than 4,4 years,18 to 20,Yes,No,Internal,none,4 to 8 years,2 vehicles,1996,All Perils,1
May,2,Wednesday,Ford,Rural,Sunday,Jul,1,Female,Single,44,Policy Holder,Sport - Collision,Sport,30000 to 39000,1925,3,400,1,more than 30,none,none,more than 7,over 65,No,Yes,External,1 to 2,1 year,3 to 4,1994,Liability,1
Feb,5,Monday,Pontiac,Urban,Friday,Aug,5,Female,Widow,53,Third Party,Sport - Collision,Sport,20000 to 29000,1926,10,500,1,1 to 7,8 to 15,more than 4,4 years,16 to 17,Yes,Yes,Internal,none,1 year,1 vehicle,1996,All Perils,0
May,2,Wednesday,Mazda,Urban,Sunday,May,3,Male,Divorced,61,Third Party,Sport - Collision,Utility,less than 20000,1927,5,500,1,more than 30,15 to 30,1,7 years,21 to 25,Yes,Yes,External,none,2 to 3 years,more than 8,1994,Liability,0
Feb,3,Wednesday,Nissan,Urban,Friday,Nov,4,Female,Divorced,34,Policy Holder,Utility - All Perils,Utility,30000 to 39000,1928,4,300,4,15 to 30,more than 30,none,6 years,36 to 40,Yes,Yes,External,1 to 2,2 to 3 years,5 to 8,1994,All Perils,0
Mar,4,Saturday,Mazda,Rural,Thursday,Mar,4,Female,Married,36,Policy Holder,Sport - Collision,Sport,30000 to 39000,1929,5,300,4,8 to 15,8 to 15,none,5 years,31 to 35,No,Yes,Internal,3 to 5,under 6 months,more than 8,1995,All Perils,0
Dec,5,Saturday,Pontiac,Rural,Saturday,Aug,1,Female,Married,60,Third Party,Sedan - All Perils,Sedan,60000 to 69000,1930,2,500,1,1 to 7,15 to 30,2 to 4,7 years,26 to 30,Yes,Yes,Internal,none,no change,1 vehicle,1994,Collision,0
Feb,5,Monday,Honda,Urban,Sunday,Jul,4,Female,Single,30,Third Party,Sedan - Collision,Sport,less than 20000,1931,11,400,1,more than 30,none,more than 4,7 years,over 65,Yes,No,Internal,more than 5,4 to 8 years,2 vehicles,1995,Liability,1
Jun,1,Saturday,Toyota,Urban,Monday,Jul,3,Male,Single,22,Policy Holder,Sport - Liability,Sport,30000 to 39000,1932,5,500,3,more than 30,15 to 30,more than 4,3 years,26 to 30,No,Yes,External,3 to 5,1 year,3 to 4,1995,Liability,0
Nov,5,Monday,Mercedes,Urban,Sunday,Jan,2,Female,Divorced,71,Third Party,Sedan - All Perils,Utility,more than 69000,1933,11,300,4,more than 30,more than 30,none,3 years,41 to 50,No,Yes,External,3 to 5,under 6 months,5 to 8,1996,Liability,0
Dec,1,Friday,Mazda,Rural,Friday,May,2,Female,Married,31,Third Party,Sport - Collision,Sedan,20000 to 29000,1934,14,500,4,8 to 15,more than 30,more than 4,6 years,26 to 30,No,No,Internal,3 to 5,4 to 8 years,5 to 8,1996,Liability,1
Feb,3,Wednesday,Mazda,Urban,Sunday,Jan,4,Female,Married,25,Third Party,Sport - Liability,Sedan,20000 to 29000,1935,8,700,1,1 to 7,8 to 15,none,new,26 to 30,No,Yes,External,1 to 2,no change,3 to 4,1996,Collision,0
Feb,5,Wednesday,Pontiac,Urban,Saturday,Jul,1,Female,Married,64,Third Party,Sedan - Collision,Utility,less than 20000,1936,15,400,2,more than 30,8 to 15,1,6 years,41 to 50,No,No,External,3 to 5,4 to 8 years,2 vehicles,1996,All Perils,1
May,4,Thursday,Honda,Urban,Sunday,Sep,4,Female,Married,51,Third Party,Sedan - Collision,Utility,40000 to 59000,1937,4,500,1,1 to 7,more than 30,none,4 years,26 to 30,No,No,Internal,3 to 5,no change,2 vehicles,1995,All Perils,1
Jul,5,Wednesday,Chevrolet,Rural,Tuesday,Jul,5,Female,Divorced,27,Policy Holder,Sedan - Liability,Sedan,more than 69000,1938,16,400,1,15 to 30,15 to 30,1,7 years,26 to 30,No,No,Internal,more than 5,2 to 3 years,2 vehicles,1994,All Perils,1
Dec,2,Saturday,Mazda,Rural,Tuesday,Oct,1,Male,Divorced,71,Third Party,Sedan - Liability,Sedan,30000 to 39000,1939,6,400,3,8 to 15,8 to 15,1,2 years,51 to 65,Yes,Yes,Internal,3 to 5,no change,5 to 8,1996,All Perils,0
Mar,2,Sunday,Toyota,Rural,Tuesday,May,1,Male,Widow,33,Policy Holder,Sport - Collision,Sport,30000 to 39000,1940,5,300,2,8 to 15,8 to 15,more than 4,5 years,16 to 17,Yes,No,External,more than 5,no change,more than 8,1995,Collision,0
Feb,2,Saturday,Mazda,Urban,Tuesday,Apr,1,Male,Married,60,Third Party,Sport - Collision,Utility,60000 to 69000,1941,16,400,3,1 to 7,15 to 30,1,5 years,26 to 30,Yes,No,External,1 to 2,under 6 months,3 to 4,1995,Liability,1
Apr,2,Thursday,Chevrolet,Urban,Tuesday,Jun,4,Female,Widow,59,Third Party,Sedan - Collision,Utility,30000 to 39000,1942,8,700,2,1 to 7,15 to 30,1,new,21 to 25,Yes,Yes,Internal,1 to 2,no change,more than 8,1995,Collision,0
Nov,4,Thursday,Toyota,Urban,Thursday,Mar,5,Male,Married,70,Third Party,Sedan - Collision,Sport,30000 to 39000,1943,12,300,3,15 to 30,15 to 30,1,5 years,31 to 35,No,Yes,Internal,more than 5,no change,2 vehicles,1996,All Perils,1
Jan,3,Thursday,Chevrolet,Urban,Tuesday,Oct,5,Female,Widow,63,Policy Holder,Sport - Liability,Sedan,60000 to 69000,1944,13,400,3,1 to 7,none,1,6 years,36 to 40,Yes,Yes,Internal,3 to 5,2 to 3 years,more than 8,1995,Collision,0
May,4,Saturday,BMW,Rural,Tuesday,Oct,1,Female,Single,62,Policy Holder,Sedan - Liability,Sport,20000 to 29000,1945,8,700,1,15 to 30,none,2 to 4,4 years,26 to 30,No,No,Internal,1 to 2,2 to 3 years,1 vehicle,1996,Liability,1
Feb,3,Thursday,Ford,Rural,Thursday,May,3,Female,Widow,21,Third Party,Sport - Liability,Sedan,more than 69000,1946,6,400,1,more than 30,none,none,5 years,over 65,No,Yes,External,1 to 2,under 6 months,5 to 8,1996,Collision,0
Feb,2,Thursday,Nissan,Urban,Saturday,Oct,1,Female,Single,77,Third Party,Utility - All Perils,Sport,20000 to 29000,1947,8,700,2,none,none,1,3 years,over 65,Yes,No,External,3 to 5,2 to 3 years,more than 8,1995,All Perils,1
Dec,1,Wednesday,Pontiac,Rural,Monday,Jan,2,Male,Widow,25,Third Party,Sedan - All Perils,Sedan,40000 to 59000,1948,7,400,1,more than 30,8 to 15,2 to 4,5 years,18 to 20,No,Yes,Internal,3 to 5,under 6 months,2 vehicles,1995,Collision,0
Jan,3,Wednesday,BMW,Urban,Thursday,Feb,2,Male,Widow,33,Policy Holder,Sedan - All Perils,Sedan,20000 to 29000,1949,7,500,1,none,8 to 15,more than 4,2 years,36 to 40,No,Yes,External,1 to 2,under 6 months,5 to 8,1994,Collision,0
Apr,5,Thursday,Honda,Rural,Friday,Apr,4,Female,Single,46,Policy Holder,Sport - Collision,Utility,40000 to 59000,1950,4,700,2,none,8 to 15,none,3 years,21 to 25,No,No,External,none,4 to 8 years,1 vehicle,1996,Collision,0
Nov,5,Friday,BMW,Rural,Friday,May,5,Male,Widow,36,Third Party,Sedan - Liability,Utility,30000 to 39000,1951,15,500,2,more than 30,more than 30,1,new,41 to 50,Yes,Yes,Internal,more than 5,1 year,more than 8,1995,Collision,1
Aug,2,Thursday,Mazda,Urban,Monday,Mar,5,Male,Single,55,Third Party,Sport - Collision,Sedan,20000 to 29000,1952,10,700,2,1 to 7,none,2 to 4,new,31 to 35,Yes,Yes,External,1 to 2,no change,3 to 4,1994,Liability,0
Jan,3,Saturday,BMW,Rural,Saturday,Jul,1,Female,Married,21,Third Party,Sedan - All Perils,Sport,60000 to 69000,1953,13,500,1,15 to 30,more than 30,more than 4,2 years,over 65,No,No,External,none,2 to 3 years,3 to 4,1994,Liability,1
Jun,4,Saturday,Mercedes,Rural,Monday,Oct,2,Male,Single,46,Third Party,Sedan - All Perils,Sport,more than 69000,1954,11,300,1,none,none,more than 4,2 years,over 65,No,No,Internal,1 to 2,under 6 months,more than 8,1995,Liability,1
Dec,4,Thursday,Ford,Urban,Tuesday,Jun,2,Female,Widow,40,Policy Holder,Sedan - Liability,Sedan,less than 20000,1955,6,300,4,none,15 to 30,more than 4,6 years,16 to 17,Yes,Yes,External,more than 5,no change,more than 8,1995,All Perils,0
May,1,Sunday,Ford,Urban,Wednesday,Jun,2,Male,Widow,58,Policy Holder,Utility - All Perils,Sport,40000 to 59000,1956,6,500,3,1 to 7,more than 30,2 to 4,2 years,16 to 17,No,No,Internal,none,under 6 months,2 vehicles,1995,Liability,0
Jul,3,Tuesday,Honda,Rural,Saturday,Jan,2,Male,Married,50,Third Party,Sedan - All Perils,Sport,60000 to 69000,1957,16,400,2,8 to 15,more than 30,none,3 years,16 to 17,Yes,No,External,3 to 5,under 6 months,more than 8,1996,All Perils,1
Jul,1,Sunday,Pontiac,Urban,Tuesday,Apr,4,Female,Divorced,65,Third Party,Sedan - Liability,Utility,60000 to 69000,1958,1,400,1,1 to 7,15 to 30,more than 4,2 years,51 to 65,Yes,No,External,1 to 2,no change,2 vehicles,1996,All Perils,0
Aug,1,Wednesday,BMW,Urban,Saturday,Oct,4,Female,Widow,28,Policy Holder,Sport - Liability,Sport,20000 to 29000,1959,5,400,2,1 to 7,none,2 to 4,4 years,21 to 25,Yes,No,Internal,3 to 5,2 to 3 years,more than 8,1995,All Perils,0
Mar,4,Thursday,Mazda,Rural,Sunday,Oct,5,Female,Widow,77,Policy Holder,Utility - All Perils,Utility,less than 20000,1960,12,700,4,more than 30,8 to 15,more than 4,2 years,41 to 50,No,No,External,3 to 5,under 6 months,5 to 8,1996,All Perils,0
Nov,1,Tuesday,Toyota,Rural,Sunday,Feb,4,Male,Single,42,Policy Holder,Sport - Collision,Sport,40000 to 59000,1961,9,700,4,none,8 to 15,more than 4,3 years,21 to 25,Yes,Yes,Internal,none,no change,3 to 4,1996,All Perils,0
Dec,2,Thursday,Ford,Rural,Wednesday,Jan,2,Male,Widow,40,Third Party,Sedan - Liability,Sedan,40000 to 59000,1962,10,700,4,none,more than 30,more than 4,new,21 to 25,Yes,No,External,1 to 2,no change,3 to 4,1996,All Perils,1
Feb,3,Wednesday,Mazda,Urban,Monday,Oct,1,Female,Widow,52,Third Party,Utility - All Perils,Sport,20000 to 29000,1963,1,300,1,none,8 to 15,1,5 years,36 to 40,Yes,Yes,Internal,more than 5,2 to 3 years,2 vehicles,1994,Collision,1
Oct,4,Friday,Nissan,Rural,Tuesday,Mar,2,Male,Divorced,28,Policy Holder,Sedan - Collision,Utility,30000 to 39000,1964,4,500,2,more than 30,more than 30,2 to 4,3 years,41 to 50,No,Yes,External,more than 5,1 year,3 to 4,1995,All Perils,0
Oct,3,Monday,Toyota,Urban,Saturday,Jul,4,Male,Widow,69,Third Party,Sedan - Collision,Sedan,40000 to 59000,1965,10,500,1,8 to 15,more than 30,2 to 4,6 years,36 to 40,Yes,Yes,Internal,more than 5,4 to 8 years,3 to 4,1995,Collision,0
Sep,1,Saturday,Mazda,Rural,Tuesday,Oct,5,Male,Single,34,Policy Holder,Sport - Liability,Utility,30000 to 39000,1966,6,700,4,more than 30,none,more than 4,more than 7,36 to 40,No,Yes,External,1 to 2,1 year,more than 8,1994,Liability,1
May,4,Sunday,Pontiac,Rural,Friday,Oct,2,Female,Widow,76,Third Party,Sedan - Collision,Sport,30000 to 39000,1967,8,400,1,more than 30,more than 30,none,4 years,41 to 50,Yes,Yes,External,none,2 to 3 years,3 to 4,1995,Collision,0
Jun,5,Thursday,Ford,Urban,Wednesday,Jul,1,Male,Single,27,Third Party,Sedan - Liability,Utility,60000 to 69000,1968,16,500,3,1 to 7,15 to 30,2 to 4,5 years,18 to 20,Yes,No,External,more than 5,1 year,3 to 4,1996,Liability,1
Nov,5,Thursday,Mercedes,Rural,Saturday,May,1,Male,Married,72,Policy Holder,Sport - Liability,Utility,more than 69000,1969,11,400,2,15 to 30,15 to 30,2 to 4,7 years,36 to 40,No,Yes,Internal,3 to 5,1 year,5 to 8,1994,Liability,0
Feb,4,Friday,Nissan,Rural,Friday,Oct,1,Female,Divorced,42,Third Party,Sedan - Collision,Sport,60000 to 69000,1970,11,400,3,8 to 15,8 to 15,none,3 years,21 to 25,No,Yes,Internal,none,4 to 8 years,more than 8,1996,Liability,0
Oct,3,Tuesday,Mazda,Rural,Friday,Sep,4,Female,Divorced,56,Policy Holder,Utility - All Perils,Sport,less than 20000,1971,4,300,4,8 to 15,8 to 15,1,2 years,18 to 20,No,Yes,External,3 to 5,2 to 3 years,more than 8,1996,All Perils,0
Dec,5,Saturday,BMW,Urban,Saturday,Nov,3,Male,Divorced,72,Policy Holder,Sedan - Liability,Sedan,30000 to 39000,1972,10,500,2,8 to 15,15 to 30,more than 4,6 years,21 to 25,No,No,Internal,1 to 2,1 year,2 vehicles,1994,Liability,0
Sep,3,Tuesday,BMW,Rural,Sunday,Jul,4,Male,Married,26,Policy Holder,Utility - All Perils,Utility,less than 20000,1973,16,300,1,15 to 30,none,none,6 years,18 to 20,No,Yes,Internal,none,4 to 8 years,more than 8,1994,Collision,0
May,1,Friday,BMW,Urban,Wednesday,Dec,1,Male,Widow,39,Third Party,Sport - Liability,Utility,more than 69000,1974,11,500,3,1 to 7,15 to 30,2 to 4,4 years,21 to 25,Yes,Yes,Internal,none,2 to 3 years,3 to 4,1994,All Perils,0
Jul,5,Wednesday,Toyota,Urban,Thursday,Oct,3,Male,Widow,77,Third Party,Sedan - Collision,Sedan,40000 to 59000,1975,13,700,3,none,15 to 30,2 to 4,4 years,16 to 17,No,No,Internal,1 to 2,4 to 8 years,1 vehicle,1994,All Perils,0
Jan,2,Saturday,Honda,Urban,Friday,Jan,1,Female,Single,27,Third Party,Sport - Collision,Sport,20000 to 29000,1976,16,300,1,15 to 30,none,more than 4,new,41 to 50,No,Yes,Internal,none,2 to 3 years,1 vehicle,1994,Liability,0
Dec,5,Saturday,Mazda,Rural,Saturday,Apr,2,Male,Divorced,24,Third Party,Utility - All Perils,Sport,more than 69000,1977,15,300,1,more than 30,none,1,5 years,26 to 30,Yes,No,External,more than 5,2 to 3 years,2 vehicles,1994,All Perils,0
May,2,Tuesday,Toyota,Rural,Thursday,Oct,4,Male,Divorced,50,Policy Holder,Sedan - Liability,Sedan,40000 to 59000,1978,6,500,3,8 to 15,15 to 30,1,5 years,36 to 40,No,No,External,none,1 year,2 vehicles,1995,All Perils,0
Jan,5,Friday,Ford,Rural,Wednesday,Feb,2,Male,Single,19,Third Party,Sport - Liability,Sedan,less than 20000,1979,5,700,3,none,15 to 30,none,5 years,41 to 50,No,Yes,External,none,4 to 8 years,3 to 4,1996,All Perils,1
Oct,3,Thursday,Pontiac,Urban,Saturday,Sep,4,Female,Divorced,80,Third Party,Sedan - All Perils,Sedan,less than 20000,1980,5,300,1,none,8 to 15,1,3 years,51 to 65,No,Yes,External,3 to 5,under 6 months,1 vehicle,1995,Collision,0
Aug,3,Wednesday,Pontiac,Rural,Sunday,May,2,Female,Married,74,Policy Holder,Utility - All Perils,Sedan,60000 to 69000,1981,13,400,3,8 to 15,more than 30,more than 4,2 years,16 to 17,Yes,Yes,External,1 to 2,1 year,1 vehicle,1995,Collision,0
Aug,2,Friday,Toyota,Urban,Thursday,Mar,3,Female,Widow,29,Third Party,Sedan - Collision,Sedan,20000 to 29000,1982,7,300,2,more than 30,15 to 30,more than 4,5 years,31 to 35,Yes,No,External,none,4 to 8 years,1 vehicle,1994,Liability,1
Jan,5,Sunday,Honda,Urban,Monday,Jul,3,Female,Widow,28,Policy Holder,Sport - Liability,Sedan,40000 to 59000,1983,14,700,1,15 to 30,15 to 30,1,5 years,26 to 30,No,Yes,Internal,none,under 6 months,more than 8,1996,Liability,0
Oct,1,Monday,Ford,Rural,Wednesday,Dec,2,Female,Single,67,Third Party,Utility - All Perils,Sport,more than 69000,1984,13,700,3,1 to 7,none,2 to 4,2 years,26 to 30,Yes,No,External,none,1 year,2 vehicles,1994,All Perils,0
Aug,3,Sunday,Chevrolet,Rural,Thursday,Nov,1,Female,Single,50,Third Party,Sedan - All Perils,Sport,20000 to 29000,1985,11,300,3,15 to 30,15 to 30,more than 4,new,51 to 65,Yes,No,External,1 to 2,no change,5 to 8,1995,All Perils,0
Oct,2,Saturday,Mercedes,Rural,Friday,May,3,Female,Widow,69,Third Party,Sedan - Liability,Sedan,less than 20000,1986,2,300,1,none,more than 30,1,4 years,16 to 17,Yes,No,Internal,1 to 2,1 year,3 to 4,1995,All Perils,0
Oct,3,Thursday,Mazda,Urban,Friday,Jan,5,Female,Divorced,78,Policy Holder,Sedan - All Perils,Sedan,less than 20000,1987,12,300,3,8 to 15,none,1,new,21 to 25,Yes,No,External,3 to 5,under 6 months,2 vehicles,1994,Collision,0
Mar,2,Friday,Ford,Rural,Saturday,Nov,4,Male,Divorced,43,Third Party,Sport - Collision,Sport,more than 69000,1988,4,700,1,more than 30,15 to 30,more than 4,2 years,51 to 65,Yes,No,External,3 to 5,1 year,2 vehicles,1995,Collision,0
Mar,4,Wednesday,Chevrolet,Rural,Monday,Nov,4,Male,Married,33,Third Party,Sport - Collision,Utility,40000 to 59000,1989,9,700,3,15 to 30,none,more than 4,6 years,26 to 30,No,Yes,Internal,none,under 6 months,1 vehicle,1996,Liability,1
Dec,2,Monday,Honda,Rural,Thursday,Aug,5,Female,Divorced,57,Third Party,Sedan - All Perils,Utility,20000 to 29000,1990,4,400,4,none,none,2 to 4,3 years,16 to 17,No,No,Internal,1 to 2,4 to 8 years,1 vehicle,1994,Liability,0
Jul,1,Friday,Ford,Urban,Friday,Aug,1,Male,Married,58,Third Party,Utility - All Perils,Utility,less than 20000,1991,1,300,4,1 to 7,none,none,4 years,18 to 20,No,Yes,Internal,1 to 2,4 to 8 years,5 to 8,1995,Liability,1
Jun,1,Saturday,Honda,Urban,Sunday,Jul,4,Female,Widow,45,Third Party,Sport - Collision,Sedan,60000 to 69000,1992,11,500,2,none,more than 30,none,6 years,21 to 25,No,No,Internal,none,1 year,3 to 4,1995,Collision,0
Apr,4,Tuesday,Chevrolet,Rural,Monday,Jan,2,Female,Married,36,Third Party,Sport - Collision,Utility,less than 20000,1993,8,700,2,8 to 15,more than 30,none,2 years,21 to 25,No,No,Internal,1 to 2,2 to 3 years,more than 8,1994,Liability,0
Aug,2,Saturday,Mazda,Rural,Sunday,Feb,4,Male,Widow,34,Policy Holder,Utility - All Perils,Sedan,less than 20000,1994,11,700,1,1 to 7,none,2 to 4,2 years,41 to 50,Yes,No,External,none,1 year,1 vehicle,1994,Collision,0
Oct,2,Saturday,Pontiac,Rural,Monday,Feb,5,Male,Widow,50,Policy Holder,Utility - All Perils,Sedan,40000 to 59000,1995,8,400,4,more than 30,15 to 30,none,3 years,18 to 20,Yes,No,Internal,1 to 2,under 6 months,more than 8,1994,All Perils,0
Jan,4,Saturday,Pontiac,Rural,Tuesday,Nov,5,Female,Widow,44,Policy Holder,Sedan - All Perils,Sedan,40000 to 59000,1996,6,700,2,1 to 7,15 to 30,none,4 years,41 to 50,No,No,External,3 to 5,1 year,1 vehicle,1994,All Perils,0
Jul,2,Wednesday,Mazda,Urban,Saturday,Jan,3,Male,Married,46,Policy Holder,Sedan - Collision,Sedan,40000 to 59000,1997,1,700,4,none,15 to 30,2 to 4,5 years,21 to 25,Yes,No,External,none,1 year,5 to 8,1995,All Perils,0
Dec,2,Wednesday,Mercedes,Rural,Saturday,Jul,5,Female,Widow,24,Third Party,Sport - Liability,Sport,more than 69000,1998,5,700,4,8 to 15,15 to 30,1,new,16 to 17,Yes,Yes,Internal,3 to 5,2 to 3 years,more than 8,1994,Liability,0
Apr,2,Wednesday,Nissan,Urban,Sunday,May,4,Male,Widow,73,Third Party,Sport - Collision,Sedan,20000 to 29000,1999,15,400,2,15 to 30,more than 30,2 to 4,4 years,16 to 17,Yes,No,Internal,none,2 to 3 years,1 vehicle,1995,All Perils,0
Apr,2,Saturday,Honda,Rural,Friday,Jan,1,Female,Married,62,Third Party,Sedan - All Perils,Utility,40000 to 59000,2000,13,400,3,15 to 30,none,none,6 years,36 to 40,Yes,Yes,Internal,1 to 2,under 6 months,3 to 4,1994,All Perils,0
Nov,4,Sunday,Nissan,Rural,Friday,Dec,2,Male,Widow,75,Third Party,Sport - Liability,Utility,20000 to 29000,2001,8,400,2,more than 30,none,none,7 years,41 to 50,Yes,No,Internal,more than 5,2 to 3 years,more than 8,1995,Collision,1
Jan,3,Wednesday,Toyota,Urban,Thursday,Jan,5,Female,Single,70,Policy Holder,Sport - Collision,Sport,30000 to 39000,2002,1,400,3,1 to 7,none,none,5 years,18 to 20,Yes,Yes,External,3 to 5,4 to 8 years,more than 8,1994,Liability,0
May,5,Sunday,Ford,Urban,Thursday,Nov,5,Female,Divorced,56,Policy Holder,Utility - All Perils,Sedan,less than 20000,2003,16,700,1,8 to 15,more than 30,2 to 4,6 years,21 to 25,Yes,Yes,Internal,more than 5,1 year,2 vehicles,1996,All Perils,0
Jun,4,Thursday,Chevrolet,Urban,Thursday,Oct,5,Male,Single,37,Policy Holder,Sedan - All Perils,Utility,60000 to 69000,2004,12,500,4,8 to 15,none,more than 4,7 years,41 to 50,No,Yes,Internal,none,4 to 8 years,1 vehicle,1994,All Perils,0
Oct,1,Wednesday,Honda,Rural,Wednesday,Oct,2,Female,Divorced,59,Third Party,Sport - Liability,Sedan,60000 to 69000,2005,1,700,1,none,none,more than 4,6 years,51 to 65,No,No,External,none,1 year,2 vehicles,1996,Collision,1
Feb,2,Monday,Mazda,Rural,Saturday,Feb,2,Female,Divorced,53,Policy Holder,Sedan - Collision,Utility,60000 to 69000,2006,4,700,3,none,15 to 30,none,5 years,41 to 50,Yes,Yes,External,1 to 2,no change,3 to 4,1994,Liability,0
Jun,2,Friday,Toyota,Rural,Wednesday,Nov,5,Male,Divorced,76,Third Party,Utility - All Perils,Utility,less than 20000,2007,3,400,4,15 to 30,8 to 15,2 to 4,5 years,36 to 40,Yes,Yes,External,none,no change,2 vehicles,1996,Collision,1
Feb,3,Friday,Chevrolet,Urban,Friday,Aug,1,Female,Single,32,Third Party,Sedan - Liability,Sedan,less than 20000,2008,15,700,4,1 to 7,15 to 30,more than 4,more than 7,41 to 50,Yes,Yes,Internal,3 to 5,under 6 months,1 vehicle,1996,All Perils,0
Oct,2,Sunday,Mercedes,Rural,Friday,May,5,Female,Single,19,Policy Holder,Sport - Liability,Sedan,60000 to 69000,2009,16,500,4,15 to 30,8 to 15,none,7 years,21 to 25,Yes,No,Internal,1 to 2,1 year,3 to 4,1996,Collision,0
Aug,5,Saturday,Nissan,Urban,Thursday,Sep,4,Female,Single,26,Third Party,Sedan - Liability,Utility,40000 to 59000,2010,7,500,3,more than 30,none,2 to 4,2 years,16 to 17,No,Yes,Internal,more than 5,4 to 8 years,3 to 4,1996,Liability,1
Jun,2,Monday,Toyota,Urban,Friday,May,4,Male,Married,29,Third Party,Utility - All Perils,Utility,less than 20000,2011,3,400,4,1 to 7,15 to 30,1,4 years,36 to 40,Yes,Yes,Internal,none,under 6 months,2 vehicles,1995,All Perils,0
May,3,Thursday,Chevrolet,Urban,Monday,Apr,3,Male,Divorced,59,Third Party,Utility - All Perils,Sport,40000 to 59000,2012,11,300,4,15 to 30,none,none,6 years,36 to 40,Yes,Yes,External,1 to 2,under 6 months,more than 8,1994,All Perils,0
Feb,1,Saturday,Chevrolet,Rural,Wednesday,Apr,5,Male,Divorced,27,Policy Holder,Sport - Liability,Sedan,more than 69000,2013,5,300,2,1 to 7,8 to 15,more than 4,5 years,51 to 65,Yes,Yes,External,none,2 to 3 years,2 vehicles,1996,All Perils,0
Dec,5,Thursday,Mazda,Rural,Thursday,Jul,4,Female,Widow,26,Policy Holder,Sport - Liability,Sport,60000 to 69000,2014,2,400,3,15 to 30,more than 30,more than 4,4 years,21 to 25,No,Yes,External,3 to 5,under 6 months,more than 8,1995,All Perils,0
Aug,5,Thursday,Pontiac,Rural,Wednesday,Aug,1,Female,Divorced,43,Third Party,Sedan - All Perils,Sport,20000 to 29000,2015,5,700,2,none,none,2 to 4,5 years,over 65,Yes,Yes,Internal,none,1 year,1 vehicle,1996,Collision,0
Apr,4,Saturday,Nissan,Rural,Sunday,Mar,3,Female,Single,67,Third Party,Sedan - Collision,Sedan,20000 to 29000,2016,5,700,2,1 to 7,none,none,4 years,31 to 35,No,Yes,Internal,1 to 2,under 6 months,3 to 4,1994,Liability,0
May,2,Friday,Mazda,Urban,Sunday,Mar,5,Female,Divorced,44,Third Party,Utility - All Perils,Utility,60000 to 69000,2017,1,300,4,8 to 15,more than 30,1,6 years,26 to 30,Yes,No,Internal,1 to 2,under 6 months,more than 8,1996,Liability,0
Sep,1,Friday,Honda,Rural,Friday,Dec,1,Male,Married,35,Policy Holder,Sport - Collision,Sport,30000 to 39000,2018,12,500,1,8 to 15,8 to 15,2 to 4,6 years,over 65,Yes,Yes,Internal,3 to 5,no change,2 vehicles,1996,Liability,0
Sep,4,Thursday,Nissan,Urban,Wednesday,Jul,4,Male,Widow,35,Policy Holder,Sport - Liability,Sedan,60000 to 69000,2019,6,700,1,none,8 to 15,more than 4,more than 7,31 to 35,Yes,Yes,External,1 to 2,1 year,5 to 8,1996,All Perils,0
Jun,3,Tuesday,Nissan,Rural,Monday,Nov,2,Female,Divorced,69,Policy Holder,Sport - Liability,Utility,more than 69000,2020,9,700,1,more than 30,15 to 30,more than 4,more than 7,16 to 17,Yes,No,Internal,3 to 5,1 year,5 to 8,1994,All Perils,1
Apr,5,Thursday,Ford,Urban,Saturday,Apr,3,Female,Widow,45,Third Party,Sport - Liability,Sport,30000 to 39000,2021,9,500,1,none,none,2 to 4,6 years,21 to 25,Yes,No,Internal,none,no change,2 vehicles,1994,Collision,0
Aug,4,Sunday,Chevrolet,Rural,Sunday,Apr,5,Female,Married,41,Policy Holder,Sedan - All Perils,Sport,40000 to 59000,2022,13,500,3,more than 30,none,more than 4,7 years,36 to 40,No,Yes,Internal,more than 5,2 to 3 years,5 to 8,1994,All Perils,1
Aug,3,Friday,Mercedes,Rural,Thursday,Apr,3,Female,Widow,66,Third Party,Sedan - All Perils,Sport,30000 to 39000,2023,13,400,4,1 to 7,more than 30,2 to 4,7 years,21 to 25,No,Yes,Internal,3 to 5,under 6 months,5 to 8,1996,Liability,0
Aug,5,Friday,Chevrolet,Rural,Saturday,Jul,1,Female,Married,41,Third Party,Sedan - All Perils,Sedan,40000 to 59000,2024,10,700,4,15 to 30,more than 30,1,3 years,18 to 20,No,No,Internal,none,2 to 3 years,3 to 4,1995,All Perils,1
Jan,5,Monday,Chevrolet,Rural,Sunday,Oct,1,Female,Widow,40,Policy Holder,Sport - Collision,Sedan,less than 20000,2025,14,300,4,15 to 30,more than 30,none,more than 7,21 to 25,No,Yes,External,none,no change,2 vehicles,1994,Collision,0
Jun,3,Sunday,Nissan,Urban,Thursday,Jul,4,Female,Married,65,Third Party,Sport - Liability,Sedan,more than 69000,2026,10,700,4,8 to 15,none,more than 4,5 years,31 to 35,Yes,No,Internal,1 to 2,no change,3 to 4,1994,Collision,1
Aug,1,Tuesday,Mercedes,Urban,Tuesday,Apr,5,Female,Married,38,Policy Holder,Sedan - Collision,Sedan,40000 to 59000,2027,1,700,2,8 to 15,15 to 30,2 to 4,7 years,16 to 17,No,Yes,Internal,more than 5,no change,1 vehicle,1995,Collision,1
Dec,1,Sunday,Chevrolet,Rural,Monday,Dec,2,Male,Single,50,Policy Holder,Sedan - Collision,Sport,20000 to 29000,2028,14,400,4,none,more than 30,more than 4,2 years,31 to 35,No,No,Internal,1 to 2,1 year,3 to 4,1994,Liability,0
Jul,3,Thursday,Toyota,Rural,Saturday,Jul,5,Female,Married,59,Third Party,Sedan - Liability,Sport,40000 to 59000,2029,13,500,2,more than 30,more than 30,2 to 4,3 years,41 to 50,Yes,No,External,1 to 2,no change,2 vehicles,1996,Collision,0
May,3,Sunday,Mazda,Urban,Thursday,May,3,Female,Widow,30,Policy Holder,Sport - Collision,Utility,30000 to 39000,2030,7,700,3,none,8 to 15,1,5 years,31 to 35,Yes,Yes,External,1 to 2,under 6 months,2 vehicles,1995,Collision,0
Jul,1,Sunday,BMW,Rural,Tuesday,Jan,1,Male,Divorced,26,Third Party,Sport - Liability,Utility,60000 to 69000,2031,7,400,1,15 to 30,8 to 15,2 to 4,5 years,41 to 50,No,Yes,External,1 to 2,1 year,2 vehicles,1995,Collision,0
Mar,1,Saturday,Ford,Urban,Monday,Jul,3,Female,Single,71,Third Party,Sedan - Collision,Sport,60000 to 69000,2032,15,400,4,none,none,2 to 4,4 years,36 to 40,Yes,No,External,1 to 2,2 to 3 years,3 to 4,1995,All Perils,0
Feb,4,Sunday,Chevrolet,Rural,Sunday,Aug,5,Female,Single,36,Third Party,Sport - Liability,Sedan,30000 to 39000,2033,7,300,4,15 to 30,none,more than 4,2 years,31 to 35,Yes,Yes,External,none,2 to 3 years,1 vehicle,1996,Liability,1
Sep,4,Friday,Pontiac,Urban,Wednesday,Dec,2,Female,Widow,39,Policy Holder,Sedan - Liability,Sedan,60000 to 69000,2034,6,400,3,1 to 7,8 to 15,1,2 years,over 65,No,No,Internal,3 to 5,1 year,1 vehicle,1994,Liability,0
Dec,1,Saturday,Honda,Urban,Wednesday,Mar,5,Female,Widow,55,Third Party,Utility - All Perils,Sedan,less than 20000,2035,12,400,1,8 to 15,none,1,6 years,36 to 40,No,Yes,Internal,none,no change,2 vehicles,1994,Collision,0
Nov,3,Tuesday,Pontiac,Rural,Friday,Feb,4,Male,Single,24,Policy Holder,Sport - Liability,Sedan,more than 69000,2036,6,700,2,none,more than 30,1,new,51 to 65,Yes,No,External,3 to 5,4 to 8 years,3 to 4,1994,Liability,0
Aug,1,Monday,BMW,Rural,Wednesday,Dec,2,Male,Married,20,Third Party,Sport - Liability,Sedan,40000 to 59000,2037,7,700,3,1 to 7,none,none,new,36 to 40,Yes,No,External,1 to 2,2 to 3 years,2 vehicles,1996,All Perils,0
Jan,4,Thursday,Toyota,Rural,Sunday,Jul,4,Male,Single,44,Policy Holder,Sport - Liability,Utility,40000 to 59000,2038,13,400,2,8 to 15,15 to 30,1,more than 7,over 65,No,Yes,External,3 to 5,4 to 8 years,3 to 4,1996,All Perils,0
Dec,5,Saturday,Chevrolet,Rural,Friday,Jan,3,Female,Single,79,Third Party,Sedan - All Perils,Sport,40000 to 59000,2039,4,300,3,15 to 30,15 to 30,1,more than 7,26 to 30,No,No,External,3 to 5,4 to 8 years,1 vehicle,1996,Collision,1
Jun,5,Saturday,BMW,Rural,Wednesday,Feb,1,Female,Single,54,Policy Holder,Utility - All Perils,Utility,20000 to 29000,2040,1,400,2,8 to 15,none,none,new,18 to 20,No,No,External,3 to 5,2 to 3 years,3 to 4,1994,All Perils,0
Apr,3,Thursday,Honda,Urban,Tuesday,Jun,5,Female,Widow,54,Third Party,Sport - Liability,Sedan,60000 to 69000,2041,6,400,4,1 to 7,8 to 15,more than 4,2 years,18 to 20,No,Yes,Internal,3 to 5,4 to 8 years,3 to 4,1996,Collision,1
Nov,4,Thursday,Pontiac,Rural,Sunday,Aug,2,Male,Divorced,56,Policy Holder,Sedan - Collision,Sedan,30000 to 39000,2042,3,500,1,8 to 15,more than 30,2 to 4,3 years,over 65,Yes,Yes,Internal,1 to 2,1 year,2 vehicles,1994,All Perils,0
Sep,5,Friday,Ford,Rural,Friday,Mar,3,Male,Married,72,Third Party,Utility - All Perils,Sedan,60000 to 69000,2043,6,300,2,1 to 7,none,none,5 years,51 to 65,Yes,No,Internal,3 to 5,1 year,1 vehicle,1994,Liability,0
Sep,4,Sunday,Mazda,Rural,Sunday,May,4,Female,Single,70,Third Party,Sport - Liability,Sport,less than 20000,2044,2,700,1,8 to 15,none,none,2 years,21 to 25,No,Yes,Internal,none,1 year,5 to 8,1995,All Perils,0
Apr,3,Saturday,Pontiac,Rural,Wednesday,Sep,1,Female,Divorced,19,Policy Holder,Sedan - Collision,Sport,less than 20000,2045,10,500,3,8 to 15,none,2 to 4,more than 7,31 to 35,No,Yes,External,1 to 2,1 year,2 vehicles,1994,All Perils,0
Dec,4,Monday,Honda,Urban,Monday,Dec,4,Female,Married,52,Policy Holder,Utility - All Perils,Sport,more than 69000,2046,9,300,2,1 to 7,none,none,4 years,16 to 17,No,Yes,Internal,none,1 year,3 to 4,1994,Collision,0
Jun,3,Friday,Honda,Rural,Sunday,Jun,2,Female,Single,52,Policy Holder,Sedan - Collision,Utility,60000 to 69000,2047,5,400,2,1 to 7,more than 30,none,5 years,over 65,Yes,No,Internal,3 to 5,under 6 months,5 to 8,1996,All Perils,0
Jul,5,Wednesday,Chevrolet,Rural,Tuesday,May,3,Female,Single,32,Policy Holder,Sport - Collision,Sport,less than 20000,2048,11,500,1,8 to 15,none,1,2 years,26 to 30,Yes,Yes,Internal,more than 5,2 to 3 years,1 vehicle,1996,Liability,0
Oct,3,Saturday,Nissan,Urban,Saturday,May,3,Female,Married,79,Third Party,Sport - Liability,Utility,20000 to 29000,2049,3,500,4,8 to 15,8 to 15,more than 4,3 years,26 to 30,Yes,Yes,External,3 to 5,under 6 months,5 to 8,1996,All Perils,0
Aug,5,Thursday,Honda,Rural,Friday,Feb,4,Male,Widow,34,Third Party,Utility - All Perils,Sedan,40000 to 59000,2050,1,500,1,more than 30,more than 30,none,6 years,21 to 25,No,No,Internal,none,4 to 8 years,2 vehicles,1994,All Perils,1
Mar,1,Sunday,Mercedes,Urban,Tuesday,Jan,1,Female,Married,70,Third Party,Sport - Collision,Sport,less than 20000,2051,8,300,4,8 to 15,more than 30,2 to 4,6 years,16 to 17,No,Yes,External,none,2 to 3 years,3 to 4,1994,All Perils,0
Apr,1,Thursday,Honda,Rural,Saturday,Nov,1,Female,Married,24,Policy Holder,Utility - All Perils,Sport,30000 to 39000,2052,3,400,4,8 to 15,none,2 to 4,2 years,41 to 50,No,Yes,Internal,1 to 2,4 to 8 years,1 vehicle,1994,All Perils,0
May,1,Friday,Chevrolet,Rural,Monday,Jan,3,Female,Married,55,Policy Holder,Sedan - Collision,Sport,20000 to 29000,2053,14,500,4,8 to 15,8 to 15,1,4 years,21 to 25,Yes,No,External,3 to 5,2 to 3 years,3 to 4,1995,Liability,0
Dec,3,Monday,Mazda,Urban,Wednesday,Oct,1,Male,Divorced,64,Third Party,Sport - Liability,Utility,less than 20000,2054,5,500,2,more than 30,none,2 to 4,2 years,16 to 17,Yes,Yes,External,1 to 2,1 year,2 vehicles,1996,Liability,0
Sep,4,Sunday,Chevrolet,Rural,Wednesday,Mar,2,Female,Widow,49,Policy Holder,Sedan - Collision,Sport,20000 to 29000,2055,7,400,3,1 to 7,none,2 to 4,4 years,over 65,No,No,External,more than 5,under 6 months,1 vehicle,1995,Collision,0
May,2,Tuesday,Honda,Urban,Friday,Sep,4,Female,Widow,24,Policy Holder,Utility - All Perils,Sport,20000 to 29000,2056,5,500,4,1 to 7,more than 30,none,2 years,31 to 35,No,No,Internal,3 to 5,2 to 3 years,3 to 4,1996,Liability,0
Sep,1,Wednesday,BMW,Rural,Thursday,Dec,5,Male,Married,25,Policy Holder,Sport - Liability,Utility,less than 20000,2057,7,300,1,1 to 7,8 to 15,more than 4,more than 7,16 to 17,No,No,Internal,more than 5,1 year,5 to 8,1996,Collision,1
Sep,5,Saturday,Ford,Rural,Friday,Sep,4,Male,Widow,56,Third Party,Sport - Collision,Sport,40000 to 59000,2058,2,700,1,15 to 30,15 to 30,none,3 years,21 to 25,No,No,Internal,more than 5,under 6 months,2 vehicles,1996,Collision,1
May,4,Sunday,BMW,Urban,Thursday,Sep,2,Male,Divorced,72,Third Party,Sedan - Liability,Sport,20000 to 29000,2059,15,500,1,15 to 30,none,1,4 years,31 to 35,Yes,Yes,External,none,no change,5 to 8,1994,All Perils,0
May,4,Thursday,Pontiac,Urban,Saturday,Apr,5,Female,Widow,55,Policy Holder,Sedan - All Perils,Sedan,less than 20000,2060,3,500,4,8 to 15,8 to 15,none,6 years,18 to 20,No,Yes,Internal,more than 5,no change,2 vehicles,1994,Liability,0
Nov,3,Thursday,Chevrolet,Urban,Tuesday,Aug,3,Male,Divorced,24,Third Party,Sedan - Liability,Sedan,less than 20000,2061,7,500,1,1 to 7,8 to 15,2 to 4,new,over 65,Yes,No,Internal,none,under 6 months,more than 8,1995,All Perils,1
Jul,3,Monday,Ford,Urban,Saturday,Aug,1,Male,Single,67,Third Party,Utility - All Perils,Sedan,more than 69000,2062,14,700,4,15 to 30,15 to 30,2 to 4,2 years,51 to 65,Yes,Yes,External,none,2 to 3 years,2 vehicles,1995,Liability,0
Feb,1,Sunday,Pontiac,Urban,Monday,Jun,4,Male,Divorced,46,Third Party,Sedan - All Perils,Sport,less than 20000,2063,7,700,4,1 to 7,more than 30,none,more than 7,51 to 65,No,No,Internal,3 to 5,4 to 8 years,5 to 8,1996,Liability,1
Sep,1,Monday,Nissan,Urban,Monday,Jan,3,Male,Divorced,22,Third Party,Sport - Liability,Utility,more than 69000,2064,12,700,4,more than 30,none,1,6 years,31 to 35,No,Yes,Internal,3 to 5,4 to 8 years,2 vehicles,1996,Liability,0
Aug,5,Monday,Nissan,Urban,Saturday,Nov,2,Female,Widow,41,Third Party,Utility - All Perils,Sedan,less than 20000,2065,2,400,3,15 to 30,15 to 30,more than 4,2 years,over 65,No,Yes,External,3 to 5,1 year,3 to 4,1996,All Perils,1
Jul,2,Thursday,Nissan,Urban,Tuesday,Mar,4,Female,Divorced,30,Third Party,Sedan - Liability,Utility,less than 20000,2066,5,300,3,8 to 15,8 to 15,2 to 4,4 years,21 to 25,Yes,Yes,External,none,4 to 8 years,1 vehicle,1995,All Perils,1
Sep,4,Monday,Toyota,Urban,Saturday,Dec,4,Female,Widow,80,Third Party,Sport - Liability,Utility,40000 to 59000,2067,13,300,3,1 to 7,more than 30,1,7 years,31 to 35,Yes,No,External,none,no change,1 vehicle,1996,All Perils,1
Nov,4,Tuesday,Pontiac,Urban,Monday,Dec,2,Female,Married,75,Third Party,Sedan - Collision,Sedan,more than 69000,2068,5,700,3,15 to 30,8 to 15,2 to 4,2 years,41 to 50,No,Yes,External,more than 5,4 to 8 years,more than 8,1996,Liability,0
Apr,2,Friday,Mazda,Rural,Tuesday,Jan,1,Male,Widow,24,Third Party,Sedan - Liability,Sedan,less than 20000,2069,7,700,4,15 to 30,8 to 15,2 to 4,3 years,31 to 35,No,No,External,3 to 5,4 to 8 years,1 vehicle,1994,Collision,0
Jun,2,Friday,Nissan,Rural,Sunday,Sep,3,Female,Widow,54,Policy Holder,Sedan - Collision,Utility,20000 to 29000,2070,2,500,2,more than 30,15 to 30,1,2 years,51 to 65,Yes,Yes,External,1 to 2,1 year,3 to 4,1996,All Perils,0
Mar,4,Wednesday,Nissan,Urban,Tuesday,Aug,1,Male,Single,18,Policy Holder,Sport - Collision,Sport,60000 to 69000,2071,9,500,4,15 to 30,8 to 15,none,6 years,16 to 17,No,Yes,External,none,no change,3 to 4,1995,Liability,0
Aug,1,Saturday,Mercedes,Rural,Sunday,Mar,4,Female,Single,46,Policy Holder,Utility - All Perils,Sedan,less than 20000,2072,6,300,2,15 to 30,more than 30,none,5 years,26 to 30,Yes,No,External,none,2 to 3 years,5 to 8,1996,Collision,0
May,3,Friday,Toyota,Urban,Wednesday,Oct,3,Male,Married,27,Policy Holder,Sport - Liability,Utility,20000 to 29000,2073,14,500,1,none,none,more than 4,5 years,51 to 65,Yes,No,External,1 to 2,no change,1 vehicle,1996,Liability,1
May,5,Tuesday,Ford,Rural,Saturday,Feb,2,Female,Widow,65,Third Party,Sedan - Collision,Sport,20000 to 29000,2074,7,500,4,none,8 to 15,1,4 years,18 to 20,Yes,No,External,1 to 2,2 to 3 years,1 vehicle,1994,Collision,1
Sep,4,Friday,BMW,Urban,Sunday,Mar,3,Male,Single,22,Policy Holder,Sedan - Collision,Sport,60000 to 69000,2075,14,300,3,15 to 30,none,more than 4,3 years,26 to 30,Yes,No,External,more than 5,under 6 months,2 vehicles,1995,All Perils,1
May,4,Friday,BMW,Urban,Monday,Dec,2,Male,Divorced,74,Third Party,Sedan - Collision,Utility,60000 to 69000,2076,15,700,1,none,none,1,5 years,over 65,Yes,No,Internal,1 to 2,1 year,more than 8,1996,All Perils,0
Jun,1,Saturday,Mazda,Rural,Wednesday,Sep,2,Male,Single,32,Policy Holder,Sport - Liability,Sedan,60000 to 69000,2077,14,400,1,more than 30,none,2 to 4,7 years,36 to 40,No,Yes,Internal,1 to 2,4 to 8 years,2 vehicles,1996,Liability,0
Jun,1,Tuesday,Toyota,Urban,Friday,Feb,2,Female,Divorced,34,Policy Holder,Sport - Collision,Sport,40000 to 59000,2078,12,300,1,more than 30,8 to 15,1,7 years,26 to 30,No,No,External,more than 5,no change,3 to 4,1996,Collision,0
Apr,2,Tuesday,Toyota,Rural,Sunday,Feb,4,Male,Widow,73,Policy Holder,Sedan - Liability,Sedan,less than 20000,2079,10,500,3,8 to 15,none,2 to 4,7 years,26 to 30,Yes,Yes,Internal,none,no change,3 to 4,1996,Collision,0
Feb,2,Wednesday,BMW,Urban,Tuesday,Apr,5,Female,Married,74,Third Party,Sedan - Liability,Sport,20000 to 29000,2080,8,400,4,15 to 30,more than 30,more than 4,new,18 to 20,No,No,Internal,none,1 year,3 to 4,1996,All Perils,0
Oct,1,Wednesday,Chevrolet,Urban,Tuesday,Jan,4,Male,Married,24,Policy Holder,Sedan - Liability,Utility,more than 69000,2081,2,500,2,8 to 15,15 to 30,more than 4,4 years,41 to 50,No,Yes,Internal,more than 5,2 to 3 years,more than 8,1996,All Perils,0
Feb,5,Sunday,Chevrolet,Urban,Wednesday,Mar,2,Female,Widow,24,Third Party,Utility - All Perils,Sport,60000 to 69000,2082,3,500,1,more than 30,more than 30,none,4 years,16 to 17,No,No,External,more than 5,under 6 months,5 to 8,1996,All Perils,1
Apr,1,Saturday,Mercedes,Rural,Tuesday,Jul,5,Male,Single,71,Policy Holder,Sport - Collision,Utility,20000 to 29000,2083,7,500,4,none,more than 30,2 to 4,more than 7,18 to 20,No,Yes,Internal,1 to 2,no change,3 to 4,1994,Liability,0
Sep,4,Thursday,Honda,Urban,Tuesday,Jan,1,Male,Widow,79,Third Party,Sedan - All Perils,Sedan,60000 to 69000,2084,11,400,3,1 to 7,more than 30,1,4 years,18 to 20,No,Yes,External,none,2 to 3 years,2 vehicles,1996,All Perils,1
Feb,3,Thursday,BMW,Rural,Monday,Apr,2,Male,Widow,48,Third Party,Sport - Liability,Sport,60000 to 69000,2085,1,700,3,15 to 30,8 to 15,none,2 years,41 to 50,Yes,No,Internal,none,2 to 3 years,2 vehicles,1995,All Perils,1
Aug,4,Sunday,Ford,Rural,Saturday,Apr,1,Female,Single,28,Third Party,Sedan - Collision,Utility,60000 to 69000,2086,15,700,1,15 to 30,more than 30,more than 4,3 years,over 65,No,No,External,none,4 to 8 years,more than 8,1995,All Perils,0
Sep,2,Thursday,Nissan,Rural,Saturday,Dec,5,Male,Divorced,27,Third Party,Sedan - Liability,Sedan,more than 69000,2087,16,400,3,1 to 7,8 to 15,more than 4,2 years,16 to 17,No,No,Internal,more than 5,4 to 8 years,1 vehicle,1995,Collision,1
Aug,2,Tuesday,Nissan,Rural,Tuesday,Dec,1,Male,Widow,34,Third Party,Sedan - Collision,Sedan,40000 to 59000,2088,2,300,2,more than 30,more than 30,more than 4,4 years,over 65,Yes,Yes,External,3 to 5,2 to 3 years,1 vehicle,1995,All Perils,0
Apr,4,Monday,Chevrolet,Rural,Thursday,Nov,3,Female,Single,61,Policy Holder,Sedan - Collision,Utility,less than 20000,2089,2,400,1,8 to 15,none,more than 4,3 years,over 65,Yes,Yes,Internal,more than 5,no change,2 vehicles,1994,Liability,0
Jan,2,Wednesday,Ford,Rural,Friday,May,1,Female,Widow,24,Policy Holder,Sport - Liability,Sedan,60000 to 69000,2090,14,700,2,more than 30,more than 30,1,5 years,31 to 35,No,Yes,External,3 to 5,under 6 months,more than 8,1996,Collision,0
Nov,4,Friday,Ford,Urban,Friday,Jul,2,Female,Married,58,Third Party,Sport - Liability,Sedan,less than 20000,2091,4,400,1,1 to 7,8 to 15,2 to 4,2 years,16 to 17,Yes,Yes,Internal,3 to 5,2 to 3 years,5 to 8,1996,All Perils,0
Apr,1,Thursday,Toyota,Urban,Sunday,Jul,4,Female,Divorced,68,Third Party,Sport - Collision,Utility,40000 to 59000,2092,3,700,2,15 to 30,15 to 30,2 to 4,5 years,41 to 50,Yes,No,External,more than 5,1 year,more than 8,1996,Collision,0
Oct,1,Wednesday,Nissan,Rural,Friday,Nov,5,Female,Married,27,Third Party,Utility - All Perils,Sedan,60000 to 69000,2093,3,500,4,1 to 7,8 to 15,2 to 4,5 years,31 to 35,No,No,External,1 to 2,no change,5 to 8,1995,Liability,1
Mar,4,Thursday,Toyota,Urban,Friday,Sep,1,Female,Divorced,80,Policy Holder,Sedan - All Perils,Sport,less than 20000,2094,12,400,4,none,none,none,6 years,51 to 65,Yes,No,Internal,3 to 5,1 year,3 to 4,1995,Collision,0
Feb,4,Sunday,Chevrolet,Rural,Monday,Nov,1,Female,Divorced,80,Policy Holder,Sedan - Collision,Sedan,60000 to 69000,2095,3,300,3,15 to 30,8 to 15,more than 4,more than 7,21 to 25,No,No,Internal,1 to 2,2 to 3 years,1 vehicle,1994,Liability,1
Oct,1,Sunday,Chevrolet,Urban,Monday,Jul,2,Male,Single,36,Policy Holder,Sedan - Collision,Sport,60000 to 69000,2096,3,500,4,15 to 30,15 to 30,more than 4,new,36 to 40,No,No,External,3 to 5,2 to 3 years,more than 8,1995,All Perils,1
Dec,5,Tuesday,BMW,Urban,Friday,Dec,5,Male,Married,25,Policy Holder,Sedan - Liability,Sedan,40000 to 59000,2097,7,500,4,1 to 7,none,more than 4,new,over 65,No,No,External,none,4 to 8 years,5 to 8,1994,Collision,1
Nov,1,Monday,Mercedes,Urban,Sunday,Sep,1,Male,Single,38,Third Party,Utility - All Perils,Sedan,20000 to 29000,2098,10,300,1,15 to 30,none,2 to 4,4 years,41 to 50,No,Yes,Internal,none,no change,1 vehicle,1996,Collision,0
Oct,5,Tuesday,Pontiac,Urban,Wednesday,Sep,1,Female,Married,34,Third Party,Sport - Collision,Utility,20000 to 29000,2099,16,700,2,more than 30,more than 30,1,5 years,36 to 40,Yes,No,External,1 to 2,4 to 8 years,more than 8,1994,Collision,1
Mar,4,Saturday,BMW,Rural,Friday,Aug,3,Male,Single,35,Third Party,Sport - Liability,Sedan,60000 to 69000,2100,4,300,2,1 to 7,none,1,7 years,over 65,Yes,Yes,External,more than 5,1 year,5 to 8,1994,Liability,0
Nov,5,Thursday,Pontiac,Rural,Tuesday,May,2,Female,Widow,76,Policy Holder,Sedan - Collision,Sedan,less than 20000,2101,5,400,3,8 to 15,15 to 30,2 to 4,2 years,31 to 35,No,Yes,External,1 to 2,under 6 months,5 to 8,1996,Liability,0
Sep,5,Sunday,Mazda,Urban,Thursday,Aug,1,Male,Single,27,Policy Holder,Sport - Liability,Sedan,60000 to 69000,2102,9,500,4,1 to 7,8 to 15,1,4 years,18 to 20,No,No,External,3 to 5,4 to 8 years,2 vehicles,1996,Collision,0
Mar,2,Friday,Toyota,Urban,Saturday,May,3,Male,Widow,37,Policy Holder,Sedan - Collision,Utility,20000 to 29000,2103,7,500,4,8 to 15,8 to 15,more than 4,5 years,over 65,Yes,No,External,3 to 5,no change,2 vehicles,1995,Collision,0
Feb,4,Thursday,Toyota,Rural,Friday,Aug,4,Male,Married,67,Third Party,Sedan - All Perils,Sport,30000 to 39000,2104,10,300,1,more than 30,8 to 15,1,6 years,18 to 20,No,Yes,External,3 to 5,no change,2 vehicles,1995,Collision,0
Nov,2,Tuesday,Mazda,Urban,Monday,Apr,1,Male,Divorced,21,Third Party,Sport - Collision,Sedan,40000 to 59000,2105,4,400,3,15 to 30,8 to 15,1,5 years,31 to 35,No,Yes,Internal,none,2 to 3 years,1 vehicle,1994,Collision,0
Apr,3,Wednesday,Honda,Rural,Sunday,Oct,4,Female,Divorced,21,Policy Holder,Utility - All Perils,Sport,less than 20000,2106,10,700,1,none,15 to 30,2 to 4,5 years,41 to 50,Yes,Yes,External,more than 5,2 to 3 years,3 to 4,1996,Collision,0
Oct,2,Tuesday,Ford,Rural,Sunday,Jul,1,Male,Widow,37,Policy Holder,Sport - Collision,Sport,60000 to 69000,2107,15,400,2,15 to 30,more than 30,1,2 years,51 to 65,No,No,External,more than 5,no change,1 vehicle,1996,Liability,1
Feb,3,Thursday,Chevrolet,Urban,Thursday,Sep,4,Male,Married,78,Policy Holder,Sport - Liability,Sport,60000 to 69000,2108,11,500,2,8 to 15,8 to 15,none,4 years,41 to 50,Yes,No,Internal,none,4 to 8 years,3 to 4,1994,Collision,0
Apr,5,Tuesday,Chevrolet,Urban,Wednesday,Mar,2,Male,Widow,70,Third Party,Sport - Collision,Sedan,less than 20000,2109,12,400,3,none,none,2 to 4,5 years,26 to 30,Yes,Yes,External,1 to 2,4 to 8 years,2 vehicles,1994,Liability,0
Apr,3,Wednesday,Mercedes,Urban,Thursday,Oct,2,Male,Widow,76,Third Party,Sedan - All Perils,Utility,more than 69000,2110,2,300,4,15 to 30,none,2 to 4,new,18 to 20,No,Yes,External,more than 5,2 to 3 years,5 to 8,1995,All Perils,1
Apr,1,Monday,Nissan,Urban,Saturday,Oct,1,Female,Single,72,Policy Holder,Utility - All Perils,Utility,60000 to 69000,2111,15,500,4,1 to 7,15 to 30,1,more than 7,16 to 17,Yes,No,Internal,none,under 6 months,2 vehicles,1994,All Perils,0
Sep,2,Saturday,BMW,Urban,Thursday,Feb,5,Female,Married,25,Third Party,Utility - All Perils,Utility,more than 69000,2112,12,400,2,more than 30,more than 30,none,6 years,21 to 25,No,No,Internal,3 to 5,4 to 8 years,2 vehicles,1994,Liability,0
Nov,4,Sunday,Honda,Rural,Monday,May,3,Male,Divorced,43,Third Party,Sedan - Collision,Utility,40000 to 59000,2113,11,400,3,more than 30,none,1,6 years,over 65,Yes,Yes,External,more than 5,no change,1 vehicle,1994,All Perils,0
Nov,3,Thursday,Mazda,Urban,Monday,Sep,4,Male,Married,51,Third Party,Utility - All Perils,Sedan,40000 to 59000,2114,3,700,1,15 to 30,15 to 30,more than 4,5 years,41 to 50,No,No,Internal,more than 5,2 to 3 years,2 vehicles,1995,All Perils,1
Sep,3,Thursday,BMW,Rural,Saturday,Nov,2,Male,Single,28,Policy Holder,Sedan - All Perils,Sport,30000 to 39000,2115,9,700,1,15 to 30,none,more than 4,more than 7,26 to 30,Yes,No,External,1 to 2,4 to 8 years,1 vehicle,1995,All Perils,0
Mar,3,Sunday,Pontiac,Rural,Saturday,Sep,1,Male,Divorced,80,Policy Holder,Sport - Liability,Utility,20000 to 29000,2116,11,400,4,1 to 7,none,none,new,31 to 35,No,Yes,External,3 to 5,1 year,2 vehicles,1996,All Perils,0
Dec,2,Thursday,Chevrolet,Urban,Saturday,Jun,1,Female,Divorced,55,Third Party,Sport - Collision,Sport,20000 to 29000,2117,10,500,4,none,more than 30,1,more than 7,26 to 30,Yes,Yes,Internal,more than 5,under 6 months,3 to 4,1994,Liability,1
Jul,3,Friday,Mazda,Rural,Monday,Apr,3,Female,Widow,71,Third Party,Sport - Liability,Utility,20000 to 29000,2118,2,500,4,none,8 to 15,more than 4,2 years,over 65,No,No,Internal,1 to 2,1 year,5 to 8,1995,Liability,0
Jul,4,Wednesday,Mazda,Urban,Tuesday,Nov,2,Male,Widow,34,Policy Holder,Utility - All Perils,Sport,20000 to 29000,2119,1,300,2,8 to 15,8 to 15,1,more than 7,31 to 35,No,No,Internal,more than 5,no change,3 to 4,1994,Collision,1
Sep,5,Thursday,Pontiac,Rural,Wednesday,Nov,4,Male,Married,63,Policy Holder,Sedan - All Perils,Utility,60000 to 69000,2120,8,300,3,1 to 7,none,1,new,51 to 65,Yes,Yes,Internal,more than 5,no change,1 vehicle,1995,Liability,0
Oct,4,Thursday,Toyota,Rural,Tuesday,Nov,4,Male,Married,24,Third Party,Sport - Liability,Sedan,40000 to 59000,2121,12,500,1,more than 30,more than 30,2 to 4,3 years,16 to 17,Yes,No,External,3 to 5,under 6 months,5 to 8,1996,Liability,0
Dec,5,Friday,Chevrolet,Rural,Wednesday,Apr,2,Male,Divorced,19,Third Party,Sport - Collision,Utility,30000 to 39000,2122,7,700,3,1 to 7,more than 30,1,5 years,31 to 35,Yes,Yes,Internal,3 to 5,no change,3 to 4,1995,All Perils,0
Jul,5,Friday,Toyota,Rural,Thursday,Jun,3,Male,Divorced,58,Policy Holder,Sport - Liability,Utility,60000 to 69000,2123,12,700,2,1 to 7,more than 30,more than 4,6 years,36 to 40,Yes,No,External,none,2 to 3 years,5 to 8,1996,Collision,0
Aug,1,Thursday,BMW,Urban,Tuesday,Mar,2,Female,Married,22,Policy Holder,Sedan - Collision,Sedan,60000 to 69000,2124,16,400,4,more than 30,none,1,new,41 to 50,No,No,Internal,none,2 to 3 years,more than 8,1995,All Perils,0
Sep,2,Monday,Mercedes,Urban,Monday,Dec,4,Male,Married,35,Third Party,Sport - Liability,Utility,more than 69000,2125,15,500,2,more than 30,none,1,3 years,16 to 17,No,No,External,more than 5,4 to 8 years,1 vehicle,1994,All Perils,1
Apr,2,Sunday,Chevrolet,Urban,Wednesday,Nov,4,Male,Single,68,Third Party,Sport - Collision,Sedan,20000 to 29000,2126,11,400,3,1 to 7,more than 30,2 to 4,7 years,36 to 40,Yes,Yes,External,3 to 5,under 6 months,more than 8,1996,Liability,0
Apr,1,Sunday,Mazda,Rural,Saturday,Mar,4,Female,Single,49,Third Party,Sedan - All Perils,Utility,20000 to 29000,2127,12,700,3,none,15 to 30,2 to 4,2 years,51 to 65,No,Yes,Internal,more than 5,4 to 8 years,more than 8,1995,Liability,1
Aug,1,Tuesday,Nissan,Urban,Friday,Mar,1,Male,Married,41,Policy Holder,Sedan - All Perils,Utility,less than 20000,2128,2,500,4,none,8 to 15,1,more than 7,16 to 17,Yes,No,Internal,3 to 5,under 6 months,3 to 4,1996,Collision,0
Jan,4,Wednesday,Pontiac,Rural,Wednesday,Jul,2,Male,Widow,36,Policy Holder,Sport - Liability,Sedan,less than 20000,2129,2,700,1,8 to 15,none,1,6 years,21 to 25,No,Yes,External,1 to 2,1 year,1 vehicle,1995,Collision,0
Apr,2,Sunday,Mazda,Urban,Wednesday,May,5,Male,Widow,60,Policy Holder,Sedan - All Perils,Sport,40000 to 59000,2130,12,400,2,more than 30,more than 30,1,more than 7,26 to 30,No,No,External,more than 5,4 to 8 years,2 vehicles,1994,Liability,1
Sep,1,Wednesday,Honda,Rural,Friday,Jun,2,Male,Divorced,78,Policy Holder,Sedan - Liability,Sport,60000 to 69000,2131,13,700,2,1 to 7,more than 30,none,more than 7,21 to 25,Yes,Yes,Internal,more than 5,under 6 months,2 vehicles,1995,Liability,0
Dec,2,Saturday,Honda,Rural,Tuesday,May,1,Male,Married,64,Policy Holder,Utility - All Perils,Utility,40000 to 59000,2132,4,500,1,none,none,none,2 years,26 to 30,Yes,No,Internal,more than 5,no change,3 to 4,1995,Collision,0
Jul,2,Saturday,Toyota,Urban,Saturday,Sep,1,Male,Single,40,Third Party,Sedan - All Perils,Sedan,more than 69000,2133,10,700,4,1 to 7,8 to 15,more than 4,more than 7,over 65,No,No,Internal,more than 5,4 to 8 years,5 to 8,1996,Liability,1
May,1,Sunday,Ford,Urban,Sunday,Nov,1,Female,Divorced,44,Third Party,Sedan - Liability,Utility,40000 to 59000,2134,5,300,4,none,8 to 15,1,4 years,over 65,Yes,Yes,External,none,under 6 months,3 to 4,1996,Liability,0
Jun,1,Monday,BMW,Rural,Monday,Dec,4,Female,Divorced,24,Policy Holder,Sedan - Collision,Sedan,more than 69000,2135,2,700,1,8 to 15,8 to 15,1,3 years,36 to 40,Yes,Yes,Internal,more than 5,under 6 months,2 vehicles,1996,Collision,0
Sep,4,Thursday,Chevrolet,Urban,Sunday,Jun,1,Male,Widow,27,Third Party,Sport - Liability,Sedan,20000 to 29000,2136,7,300,3,8 to 15,8 to 15,more than 4,more than 7,51 to 65,Yes,Yes,External,none,2 to 3 years,1 vehicle,1995,Collision,0
Jul,5,Thursday,Nissan,Urban,Monday,Oct,3,Male,Single,34,Policy Holder,Sedan - Collision,Utility,20000 to 29000,2137,8,700,4,15 to 30,8 to 15,more than 4,4 years,51 to 65,Yes,No,External,more than 5,1 year,more than 8,1994,Collision,0
Jan,3,Saturday,Chevrolet,Urban,Thursday,Sep,2,Male,Married,42,Third Party,Sedan - Collision,Sport,60000 to 69000,2138,13,300,2,none,8 to 15,none,6 years,16 to 17,No,No,Internal,none,no change,more than 8,1995,Collision,1
Jul,4,Tuesday,Nissan,Rural,Friday,Mar,1,Female,Widow,80,Policy Holder,Sedan - All Perils,Utility,40000 to 59000,2139,14,700,3,8 to 15,more than 30,1,5 years,26 to 30,No,No,External,none,4 to 8 years,1 vehicle,1996,Collision,0
May,5,Wednesday,Chevrolet,Urban,Wednesday,Oct,5,Male,Divorced,72,Policy Holder,Sedan - Liability,Utility,30000 to 39000,2140,16,500,3,none,more than 30,more than 4,3 years,51 to 65,Yes,No,External,3 to 5,1 year,2 vehicles,1996,Collision,0
Sep,5,Tuesday,Mazda,Urban,Tuesday,May,4,Female,Widow,25,Third Party,Sport - Collision,Utility,more than 69000,2141,2,400,1,8 to 15,none,1,more than 7,26 to 30,No,No,External,1 to 2,under 6 months,more than 8,1994,Liability,1
Nov,1,Saturday,BMW,Rural,Monday,Aug,5,Female,Married,38,Policy Holder,Sedan - Liability,Sedan,60000 to 69000,2142,15,700,4,more than 30,15 to 30,more than 4,7 years,36 to 40,No,Yes,External,more than 5,no change,2 vehicles,1996,Liability,0
Dec,5,Sunday,Chevrolet,Urban,Saturday,Sep,5,Male,Married,21,Policy Holder,Utility - All Perils,Sedan,20000 to 29000,2143,9,400,4,15 to 30,15 to 30,2 to 4,5 years,26 to 30,Yes,No,External,1 to 2,2 to 3 years,5 to 8,1994,Collision,0
Aug,1,Monday,Ford,Urban,Monday,Dec,5,Male,Married,21,Third Party,Sedan - All Perils,Utility,40000 to 59000,2144,3,300,2,more than 30,8 to 15,2 to 4,5 years,16 to 17,No,Yes,External,3 to 5,2 to 3 years,3 to 4,1994,All Perils,0
May,1,Tuesday,Chevrolet,Urban,Thursday,Dec,4,Male,Single,41,Third Party,Sedan - Collision,Utility,30000 to 39000,2145,11,300,2,none,none,2 to 4,new,36 to 40,Yes,Yes,Internal,3 to 5,2 to 3 years,5 to 8,1994,Liability,0
Jun,3,Wednesday,Pontiac,Urban,Wednesday,Oct,3,Female,Single,78,Policy Holder,Sedan - All Perils,Utility,30000 to 39000,2146,1,700,4,15 to 30,more than 30,none,6 years,26 to 30,Yes,No,Internal,more than 5,2 to 3 years,more than 8,1995,All Perils,1
Mar,4,Sunday,Mazda,Urban,Sunday,Jul,4,Male,Divorced,29,Policy Holder,Sedan - Collision,Utility,60000 to 69000,2147,8,400,4,more than 30,8 to 15,more than 4,more than 7,41 to 50,No,No,Internal,more than 5,4 to 8 years,2 vehicles,1994,Liability,0
Dec,1,Thursday,BMW,Urban,Sunday,May,3,Male,Married,60,Third Party,Sedan - Collision,Sedan,60000 to 69000,2148,14,700,1,15 to 30,none,2 to 4,more than 7,51 to 65,Yes,No,External,3 to 5,2 to 3 years,5 to 8,1995,Collision,1
Nov,2,Tuesday,Nissan,Urban,Saturday,Jun,1,Female,Divorced,42,Policy Holder,Sedan - Liability,Utility,less than 20000,2149,16,300,2,15 to 30,more than 30,none,5 years,16 to 17,No,No,Internal,1 to 2,under 6 months,3 to 4,1995,Liability,0
Nov,2,Wednesday,Mazda,Rural,Saturday,Dec,2,Female,Married,52,Policy Holder,Sport - Liability,Sedan,40000 to 59000,2150,5,300,3,none,more than 30,more than 4,more than 7,26 to 30,Yes,No,External,3 to 5,under 6 months,2 vehicles,1996,All Perils,1
Apr,2,Friday,Ford,Urban,Thursday,Mar,3,Male,Divorced,72,Policy Holder,Utility - All Perils,Utility,40000 to 59000,2151,3,700,1,15 to 30,8 to 15,1,7 years,26 to 30,No,No,External,3 to 5,under 6 months,1 vehicle,1994,All Perils,0
Apr,5,Wednesday,Mazda,Rural,Wednesday,Jul,1,Male,Single,70,Third Party,Sedan - All Perils,Sport,40000 to 59000,2152,10,300,4,more than 30,8 to 15,1,5 years,41 to 50,No,No,Internal,more than 5,2 to 3 years,5 to 8,1994,All Perils,1
Nov,2,Monday,Mercedes,Rural,Tuesday,Sep,5,Female,Single,70,Third Party,Sedan - Liability,Sedan,20000 to 29000,2153,3,500,1,1 to 7,8 to 15,2 to 4,7 years,26 to 30,No,No,External,none,no change,5 to 8,1995,All Perils,0
Jul,2,Saturday,Toyota,Rural,Sunday,Jan,5,Male,Widow,43,Third Party,Sedan - Liability,Utility,40000 to 59000,2154,16,400,4,8 to 15,none,1,2 years,36 to 40,No,Yes,External,none,under 6 months,more than 8,1994,Liability,0
Sep,1,Wednesday,Nissan,Rural,Wednesday,Aug,3,Female,Divorced,21,Policy Holder,Sport - Liability,Utility,more than 69000,2155,6,500,1,8 to 15,none,none,6 years,over 65,Yes,No,Internal,1 to 2,1 year,2 vehicles,1995,All Perils,0
Jun,1,Tuesday,Mazda,Urban,Thursday,Apr,3,Female,Single,80,Policy Holder,Sedan - All Perils,Sport,less than 20000,2156,3,300,4,none,8 to 15,1,5 years,36 to 40,Yes,Yes,External,1 to 2,1 year,5 to 8,1995,Liability,0
Jun,1,Saturday,Mercedes,Rural,Monday,Apr,5,Male,Widow,80,Policy Holder,Sedan - Collision,Utility,40000 to 59000,2157,4,400,1,none,8 to 15,2 to 4,4 years,16 to 17,No,No,External,more than 5,no change,1 vehicle,1995,Collision,0
Aug,3,Saturday,Mercedes,Urban,Tuesday,Aug,3,Male,Single,72,Policy Holder,Sedan - Liability,Sedan,more than 69000,2158,6,700,3,1 to 7,none,1,6 years,31 to 35,Yes,Yes,Internal,1 to 2,no change,1 vehicle,1995,Collision,0
Oct,3,Tuesday,Mercedes,Urban,Friday,Jan,4,Female,Widow,48,Policy Holder,Sport - Collision,Sedan,30000 to 39000,2159,12,500,2,none,none,2 to 4,7 years,51 to 65,Yes,Yes,Internal,none,4 to 8 years,3 to 4,1994,All Perils,0
May,3,Monday,Nissan,Rural,Wednesday,Feb,3,Female,Widow,35,Third Party,Sedan - Liability,Sedan,30000 to 39000,2160,14,500,2,8 to 15,more than 30,none,5 years,31 to 35,Yes,No,External,none,no change,3 to 4,1994,All Perils,0
Oct,5,Monday,Toyota,Urban,Friday,Jun,2,Male,Widow,28,Third Party,Utility - All Perils,Sedan,20000 to 29000,2161,12,700,1,none,more than 30,1,4 years,over 65,Yes,Yes,Internal,more than 5,no change,3 to 4,1994,All Perils,1
Mar,3,Saturday,Pontiac,Urban,Tuesday,Aug,4,Female,Married,41,Policy Holder,Sedan - Collision,Sport,20000 to 29000,2162,11,400,3,none,8 to 15,none,4 years,over 65,No,Yes,External,3 to 5,no change,more than 8,1996,All Perils,0
May,1,Friday,Honda,Urban,Monday,Feb,1,Female,Married,39,Third Party,Sedan - Liability,Sport,30000 to 39000,2163,5,700,3,15 to 30,15 to 30,none,5 years,21 to 25,No,Yes,Internal,more than 5,under 6 months,more than 8,1995,Liability,0
Nov,2,Saturday,Ford,Urban,Sunday,May,2,Female,Widow,35,Third Party,Sport - Liability,Sedan,60000 to 69000,2164,16,500,2,1 to 7,none,2 to 4,5 years,26 to 30,Yes,Yes,Internal,1 to 2,under 6 months,1 vehicle,1994,Liability,1
Dec,2,Friday,Honda,Urban,Thursday,Apr,4,Female,Married,77,Third Party,Sedan - All Perils,Sport,20000 to 29000,2165,16,400,2,1 to 7,more than 30,none,3 years,18 to 20,Yes,Yes,External,none,4 to 8 years,2 vehicles,1994,Liability,0
Dec,5,Wednesday,BMW,Rural,Wednesday,Jul,4,Male,Widow,59,Third Party,Sport - Liability,Sedan,20000 to 29000,2166,11,400,3,1 to 7,more than 30,1,5 years,18 to 20,No,Yes,Internal,1 to 2,no change,3 to 4,1994,Liability,1
Apr,2,Friday,Pontiac,Rural,Wednesday,Apr,5,Female,Single,32,Policy Holder,Sedan - Liability,Sport,more than 69000,2167,13,400,3,8 to 15,none,more than 4,3 years,26 to 30,Yes,Yes,Internal,none,no change,more than 8,1995,Collision,0
Nov,1,Saturday,BMW,Urban,Friday,Jan,4,Female,Married,58,Policy Holder,Utility - All Perils,Utility,more than 69000,2168,5,700,3,8 to 15,none,none,more than 7,26 to 30,No,No,External,none,no change,5 to 8,1994,All Perils,0
Dec,4,Wednesday,Toyota,Rural,Thursday,Jul,1,Male,Single,62,Policy Holder,Sedan - Collision,Sport,20000 to 29000,2169,8,400,1,none,8 to 15,none,5 years,26 to 30,No,No,Internal,more than 5,2 to 3 years,1 vehicle,1996,Collision,1
Dec,3,Sunday,Ford,Urban,Wednesday,Nov,5,Male,Single,50,Third Party,Sport - Liability,Sedan,30000 to 39000,2170,13,500,3,none,none,more than 4,7 years,41 to 50,Yes,No,Internal,1 to 2,4 to 8 years,5 to 8,1994,All Perils,1
Jan,1,Sunday,BMW,Rural,Sunday,Aug,3,Female,Married,77,Third Party,Utility - All Perils,Sedan,30000 to 39000,2171,7,300,2,8 to 15,8 to 15,1,4 years,18 to 20,Yes,Yes,External,none,no change,2 vehicles,1994,Collision,0
Sep,4,Saturday,Mercedes,Rural,Sunday,May,1,Female,Married,78,Policy Holder,Sport - Collision,Utility,20000 to 29000,2172,13,400,2,8 to 15,15 to 30,1,4 years,31 to 35,No,No,Internal,none,1 year,1 vehicle,1994,Collision,0
Dec,2,Sunday,Mercedes,Rural,Tuesday,Jun,3,Male,Single,45,Policy Holder,Sedan - All Perils,Sedan,less than 20000,2173,14,700,2,15 to 30,15 to 30,2 to 4,3 years,51 to 65,Yes,Yes,External,1 to 2,under 6 months,5 to 8,1994,All Perils,0
Oct,5,Wednesday,Honda,Urban,Friday,Feb,1,Female,Single,47,Third Party,Sedan - Collision,Utility,less than 20000,2174,15,500,2,none,none,none,5 years,41 to 50,Yes,No,Internal,more than 5,2 to 3 years,2 vehicles,1995,Collision,0
Mar,5,Monday,Mazda,Urban,Sunday,Mar,3,Female,Divorced,31,Policy Holder,Sport - Liability,Sedan,40000 to 59000,2175,5,700,1,none,8 to 15,1,5 years,18 to 20,No,Yes,External,3 to 5,2 to 3 years,5 to 8,1994,Liability,0
Oct,2,Thursday,Honda,Urban,Thursday,Jun,3,Female,Widow,67,Policy Holder,Sedan - Liability,Sport,less than 20000,2176,8,400,2,8 to 15,more than 30,none,5 years,21 to 25,Yes,Yes,Internal,3 to 5,under 6 months,3 to 4,1994,All Perils,0
Feb,3,Saturday,Mercedes,Rural,Monday,Aug,1,Female,Widow,76,Third Party,Sedan - Liability,Sport,40000 to 59000,2177,7,700,3,more than 30,more than 30,more than 4,7 years,over 65,No,No,Internal,3 to 5,2 to 3 years,3 to 4,1994,Liability,1
Jun,3,Saturday,Toyota,Urban,Monday,Jun,5,Female,Widow,59,Third Party,Sport - Collision,Sport,less than 20000,2178,9,700,1,1 to 7,15 to 30,1,5 years,36 to 40,Yes,Yes,Internal,more than 5,no change,2 vehicles,1995,Collision,1
Aug,4,Wednesday,Mercedes,Urban,Friday,Dec,3,Male,Single,30,Policy Holder,Sedan - Liability,Utility,less than 20000,2179,12,700,4,none,15 to 30,2 to 4,7 years,51 to 65,Yes,Yes,Internal,none,1 year,2 vehicles,1994,Liability,0
Jun,1,Wednesday,Toyota,Rural,Sunday,Aug,5,Female,Widow,50,Policy Holder,Sedan - Collision,Sedan,less than 20000,2180,6,400,2,8 to 15,none,2 to 4,new,51 to 65,No,No,External,1 to 2,4 to 8 years,2 vehicles,1995,All Perils,0
Sep,2,Thursday,Honda,Rural,Monday,Jan,3,Female,Divorced,68,Policy Holder,Sport - Collision,Sport,30000 to 39000,2181,4,500,3,8 to 15,more than 30,1,3 years,26 to 30,Yes,Yes,Internal,1 to 2,4 to 8 years,5 to 8,1995,Collision,0
Mar,1,Saturday,Mercedes,Urban,Thursday,Jul,3,Female,Married,20,Policy Holder,Sedan - Collision,Sport,20000 to 29000,2182,5,700,1,15 to 30,8 to 15,none,6 years,31 to 35,No,Yes,Internal,none,no change,3 to 4,1995,All Perils,0
Aug,4,Monday,Mazda,Urban,Thursday,Jul,5,Female,Divorced,55,Policy Holder,Utility - All Perils,Sedan,20000 to 29000,2183,13,700,1,none,15 to 30,1,4 years,26 to 30,No,Yes,External,3 to 5,no change,1 vehicle,1994,All Perils,0
Aug,1,Wednesday,Mazda,Urban,Tuesday,Jan,2,Male,Divorced,59,Policy Holder,Utility - All Perils,Sport,20000 to 29000,2184,16,700,4,15 to 30,8 to 15,more than 4,6 years,36 to 40,Yes,Yes,External,3 to 5,4 to 8 years,1 vehicle,1996,Liability,0
Aug,3,Tuesday,Pontiac,Urban,Friday,May,5,Female,Widow,51,Third Party,Sedan - Liability,Utility,more than 69000,2185,2,300,4,1 to 7,none,2 to 4,5 years,36 to 40,Yes,Yes,External,3 to 5,under 6 months,2 vehicles,1994,Liability,0
Apr,4,Saturday,Ford,Rural,Sunday,Nov,1,Female,Single,58,Policy Holder,Sedan - Collision,Sedan,30000 to 39000,2186,16,500,1,none,15 to 30,more than 4,4 years,41 to 50,Yes,Yes,External,none,2 to 3 years,3 to 4,1996,Liability,0
Apr,5,Thursday,BMW,Urban,Tuesday,May,5,Female,Widow,74,Policy Holder,Utility - All Perils,Sedan,60000 to 69000,2187,1,700,4,more than 30,15 to 30,2 to 4,5 years,51 to 65,No,Yes,External,1 to 2,1 year,2 vehicles,1994,Liability,1
Apr,2,Monday,Mazda,Rural,Monday,Jun,4,Male,Divorced,25,Third Party,Sedan - Liability,Sport,20000 to 29000,2188,9,500,4,8 to 15,15 to 30,1,more than 7,41 to 50,Yes,Yes,Internal,1 to 2,1 year,more than 8,1995,All Perils,0
Jun,1,Tuesday,Ford,Urban,Wednesday,Mar,3,Male,Widow,53,Third Party,Sedan - All Perils,Sedan,30000 to 39000,2189,3,300,1,1 to 7,more than 30,1,6 years,16 to 17,Yes,No,Internal,none,under 6 months,2 vehicles,1994,Liability,0
Aug,4,Monday,Mazda,Rural,Wednesday,Jan,2,Male,Divorced,68,Policy Holder,Utility - All Perils,Sedan,less than 20000,2190,16,500,1,more than 30,more than 30,more than 4,more than 7,26 to 30,No,Yes,External,3 to 5,2 to 3 years,3 to 4,1995,Collision,0
May,1,Thursday,Honda,Rural,Saturday,Apr,3,Female,Widow,69,Policy Holder,Sport - Collision,Utility,20000 to 29000,2191,13,300,1,15 to 30,8 to 15,none,new,36 to 40,No,Yes,External,3 to 5,under 6 months,2 vehicles,1996,Liability,0
May,1,Sunday,Ford,Urban,Thursday,Oct,3,Female,Married,47,Policy Holder,Sedan - Collision,Sedan,less than 20000,2192,6,300,4,1 to 7,8 to 15,2 to 4,7 years,36 to 40,Yes,Yes,External,more than 5,2 to 3 years,2 vehicles,1996,Liability,0
Apr,5,Thursday,Pontiac,Urban,Monday,Dec,5,Male,Divorced,80,Third Party,Sedan - Liability,Sedan,less than 20000,2193,11,300,4,more than 30,none,more than 4,more than 7,51 to 65,No,No,External,more than 5,under 6 months,more than 8,1995,All Perils,1
Mar,5,Sunday,Toyota,Urban,Wednesday,Aug,5,Male,Single,38,Policy Holder,Sedan - All Perils,Sport,20000 to 29000,2194,14,700,3,8 to 15,more than 30,more than 4,more than 7,26 to 30,No,No,External,more than 5,4 to 8 years,2 vehicles,1995,Collision,0
Aug,4,Saturday,Toyota,Urban,Saturday,Oct,3,Female,Married,45,Third Party,Sport - Collision,Sport,less than 20000,2195,4,400,2,1 to 7,none,1,5 years,51 to 65,No,Yes,External,1 to 2,2 to 3 years,1 vehicle,1996,All Perils,1
Oct,5,Sunday,Pontiac,Rural,Thursday,Aug,2,Female,Single,69,Policy Holder,Sedan - Liability,Sport,20000 to 29000,2196,11,400,4,8 to 15,none,1,4 years,26 to 30,No,Yes,Internal,none,1 year,3 to 4,1996,Collision,0
Apr,1,Wednesday,Mazda,Urban,Thursday,Aug,2,Female,Widow,45,Third Party,Sport - Collision,Sport,60000 to 69000,2197,5,400,4,none,15 to 30,2 to 4,5 years,18 to 20,No,Yes,Internal,3 to 5,no change,5 to 8,1994,Collision,1
Nov,1,Sunday,Toyota,Rural,Tuesday,Jun,2,Male,Divorced,39,Policy Holder,Sedan - All Perils,Sedan,less than 20000,2198,12,700,4,more than 30,more than 30,2 to 4,more than 7,31 to 35,No,No,Internal,3 to 5,under 6 months,3 to 4,1995,Liability,0
Jul,2,Tuesday,BMW,Urban,Wednesday,Jan,1,Female,Divorced,53,Policy Holder,Sedan - Collision,Utility,40000 to 59000,2199,10,700,2,1 to 7,8 to 15,2 to 4,7 years,18 to 20,Yes,Yes,Internal,1 to 2,2 to 3 years,3 to 4,1995,Collision,0
Mar,1,Thursday,BMW,Urban,Monday,May,1,Male,Single,57,Policy Holder,Utility - All Perils,Sedan,30000 to 39000,2200,12,500,3,8 to 15,none,none,more than 7,26 to 30,No,Yes,External,1 to 2,1 year,more than 8,1994,All Perils,0
May,5,Friday,Honda,Rural,Monday,Nov,4,Female,Widow,79,Third Party,Utility - All Perils,Sport,30000 to 39000,2201,11,700,3,none,none,2 to 4,more than 7,21 to 25,No,Yes,Internal,more than 5,no change,2 vehicles,1995,Liability,1
Jan,1,Wednesday,Toyota,Rural,Monday,Jul,2,Female,Divorced,56,Third Party,Sport - Liability,Sedan,more than 69000,2202,11,300,1,more than 30,more than 30,none,5 years,16 to 17,No,Yes,Internal,more than 5,no change,5 to 8,1995,Liability,0
Jan,3,Tuesday,Mazda,Rural,Friday,Oct,3,Female,Divorced,29,Policy Holder,Sport - Collision,Sport,30000 to 39000,2203,2,700,3,1 to 7,15 to 30,more than 4,3 years,36 to 40,Yes,Yes,External,3 to 5,2 to 3 years,more than 8,1994,Collision,0
May,5,Monday,BMW,Urban,Tuesday,Jan,4,Male,Widow,21,Third Party,Sedan - All Perils,Sport,20000 to 29000,2204,14,400,3,15 to 30,8 to 15,more than 4,2 years,41 to 50,No,No,External,more than 5,under 6 months,2 vehicles,1996,Liability,0
Jun,4,Monday,Honda,Rural,Friday,Mar,4,Female,Single,78,Third Party,Sedan - Liability,Sport,20000 to 29000,2205,3,400,3,1 to 7,more than 30,2 to 4,more than 7,18 to 20,No,No,Internal,none,1 year,3 to 4,1995,Liability,0
Oct,2,Thursday,Mercedes,Rural,Sunday,Apr,2,Female,Married,44,Third Party,Sedan - Collision,Sport,20000 to 29000,2206,7,300,2,8 to 15,none,1,2 years,36 to 40,No,No,Internal,3 to 5,2 to 3 years,2 vehicles,1995,Liability,1
Feb,3,Sunday,Ford,Urban,Friday,May,4,Female,Divorced,30,Third Party,Sedan - Liability,Sedan,60000 to 69000,2207,9,700,3,8 to 15,15 to 30,2 to 4,new,31 to 35,Yes,No,Internal,1 to 2,4 to 8 years,5 to 8,1996,Collision,0
Nov,3,Tuesday,Toyota,Rural,Friday,Dec,1,Female,Widow,32,Policy Holder,Sedan - All Perils,Sedan,40000 to 59000,2208,14,300,4,1 to 7,8 to 15,1,4 years,18 to 20,Yes,No,Internal,1 to 2,under 6 months,3 to 4,1996,Collision,0
Mar,4,Thursday,Mercedes,Rural,Monday,Jun,3,Female,Married,24,Policy Holder,Sedan - All Perils,Utility,20000 to 29000,2209,11,700,3,8 to 15,none,2 to 4,6 years,36 to 40,Yes,Yes,Internal,more than 5,2 to 3 years,more than 8,1996,All Perils,0
Feb,3,Sunday,Honda,Urban,Thursday,Aug,1,Female,Single,30,Third Party,Sport - Collision,Sport,30000 to 39000,2210,3,500,4,8 to 15,more than 30,none,6 years,21 to 25,No,Yes,External,more than 5,4 to 8 years,2 vehicles,1996,All Perils,1
Sep,2,Saturday,Toyota,Rural,Sunday,Aug,3,Male,Widow,67,Third Party,Sedan - All Perils,Sport,40000 to 59000,2211,5,700,4,1 to 7,more than 30,1,3 years,51 to 65,Yes,Yes,External,1 to 2,4 to 8 years,1 vehicle,1994,Collision,0
Oct,4,Monday,Nissan,Rural,Wednesday,Jun,1,Male,Married,59,Third Party,Sedan - Collision,Utility,less than 20000,2212,4,300,2,none,more than 30,more than 4,5 years,36 to 40,Yes,No,Internal,3 to 5,4 to 8 years,3 to 4,1995,Collision,0
Aug,5,Thursday,Chevrolet,Urban,Saturday,Dec,5,Male,Married,55,Third Party,Sport - Liability,Utility,more than 69000,2213,10,500,3,none,none,none,more than 7,18 to 20,Yes,No,External,3 to 5,no change,5 to 8,1995,Liability,0
Feb,3,Tuesday,Chevrolet,Rural,Friday,Mar,4,Female,Divorced,18,Third Party,Sedan - Liability,Sport,60000 to 69000,2214,12,700,3,8 to 15,15 to 30,1,7 years,31 to 35,Yes,Yes,External,more than 5,no change,2 vehicles,1994,All Perils,0
Feb,1,Tuesday,BMW,Urban,Tuesday,Jan,2,Male,Single,60,Policy Holder,Sedan - Liability,Utility,40000 to 59000,2215,12,400,4,1 to 7,8 to 15,1,more than 7,18 to 20,No,Yes,External,none,4 to 8 years,more than 8,1994,Liability,0
May,3,Tuesday,Pontiac,Urban,Monday,Sep,4,Male,Single,79,Policy Holder,Sport - Liability,Sport,60000 to 69000,2216,13,400,2,1 to 7,8 to 15,none,7 years,41 to 50,No,No,External,3 to 5,under 6 months,3 to 4,1995,Liability,0
Jun,5,Friday,Pontiac,Urban,Monday,Aug,2,Female,Divorced,76,Third Party,Sport - Collision,Sedan,less than 20000,2217,12,300,1,15 to 30,none,1,new,21 to 25,No,No,Internal,none,under 6 months,more than 8,1995,Collision,1
Dec,5,Tuesday,Honda,Urban,Tuesday,Apr,3,Male,Divorced,42,Policy Holder,Utility - All Perils,Sport,more than 69000,2218,15,400,3,15 to 30,15 to 30,2 to 4,2 years,31 to 35,Yes,No,External,more than 5,1 year,3 to 4,1994,Collision,1
Apr,3,Tuesday,Chevrolet,Rural,Wednesday,Nov,1,Male,Married,55,Third Party,Sport - Liability,Utility,40000 to 59000,2219,15,500,3,more than 30,more than 30,none,2 years,41 to 50,No,No,External,none,2 to 3 years,2 vehicles,1995,Collision,0
Mar,1,Tuesday,Ford,Rural,Friday,Feb,3,Male,Divorced,36,Policy Holder,Utility - All Perils,Utility,more than 69000,2220,5,400,3,15 to 30,none,none,2 years,51 to 65,No,No,External,none,no change,more than 8,1995,Collision,0
Dec,3,Wednesday,Mercedes,Rural,Friday,Apr,1,Male,Single,73,Third Party,Sport - Collision,Sport,more than 69000,2221,5,500,3,8 to 15,15 to 30,more than 4,7 years,31 to 35,Yes,No,External,more than 5,2 to 3 years,1 vehicle,1996,Collision,1
Feb,5,Friday,Chevrolet,Urban,Thursday,Feb,1,Male,Single,75,Policy Holder,Utility - All Perils,Utility,40000 to 59000,2222,1,300,3,more than 30,15 to 30,1,6 years,16 to 17,No,Yes,Internal,3 to 5,no change,2 vehicles,1994,All Perils,0
Jan,5,Wednesday,Toyota,Rural,Saturday,Mar,3,Female,Married,32,Policy Holder,Sedan - Collision,Sedan,20000 to 29000,2223,5,500,1,more than 30,15 to 30,1,more than 7,21 to 25,No,No,External,more than 5,under 6 months,5 to 8,1995,Collision,1
Jun,1,Wednesday,Mercedes,Urban,Saturday,Sep,3,Female,Widow,48,Third Party,Sport - Collision,Sedan,60000 to 69000,2224,9,500,4,1 to 7,8 to 15,2 to 4,3 years,36 to 40,Yes,No,Internal,1 to 2,4 to 8 years,more than 8,1996,Collision,0
May,2,Thursday,Ford,Urban,Friday,Sep,2,Female,Single,32,Policy Holder,Utility - All Perils,Sport,40000 to 59000,2225,11,300,2,none,none,2 to 4,more than 7,16 to 17,No,No,External,1 to 2,no change,2 vehicles,1994,All Perils,0
Aug,3,Friday,Ford,Urban,Sunday,Aug,1,Male,Single,56,Policy Holder,Sport - Liability,Sedan,30000 to 39000,2226,15,400,1,more than 30,more than 30,more than 4,more than 7,26 to 30,Yes,Yes,Internal,3 to 5,no change,3 to 4,1996,All Perils,0
Nov,1,Monday,Nissan,Urban,Wednesday,Nov,3,Female,Divorced,36,Third Party,Sedan - All Perils,Utility,60000 to 69000,2227,10,300,4,more than 30,15 to 30,none,new,21 to 25,No,Yes,External,more than 5,1 year,3 to 4,1995,Liability,1
Dec,5,Sunday,BMW,Rural,Saturday,Jan,5,Male,Widow,61,Policy Holder,Utility - All Perils,Sedan,more than 69000,2228,16,500,4,more than 30,15 to 30,more than 4,7 years,21 to 25,No,Yes,Internal,more than 5,under 6 months,5 to 8,1994,Collision,0
Apr,1,Sunday,Mercedes,Rural,Wednesday,Aug,4,Male,Widow,79,Third Party,Sedan - Collision,Sport,20000 to 29000,2229,9,500,3,8 to 15,15 to 30,2 to 4,new,over 65,No,Yes,Internal,1 to 2,under 6 months,3 to 4,1996,Collision,0
Dec,4,Friday,Pontiac,Urban,Tuesday,Feb,1,Female,Divorced,72,Policy Holder,Sedan - Liability,Utility,40000 to 59000,2230,14,500,3,more than 30,8 to 15,none,4 years,over 65,Yes,Yes,External,3 to 5,1 year,5 to 8,1996,All Perils,0
Aug,5,Friday,Nissan,Urban,Tuesday,Dec,5,Male,Single,29,Third Party,Sport - Liability,Sedan,60000 to 69000,2231,13,300,1,15 to 30,8 to 15,more than 4,2 years,over 65,Yes,No,External,more than 5,no change,5 to 8,1996,Collision,1
Jan,4,Friday,Toyota,Rural,Monday,Aug,3,Male,Divorced,26,Policy Holder,Sedan - All Perils,Sedan,20000 to 29000,2232,8,300,2,15 to 30,15 to 30,1,5 years,51 to 65,Yes,No,External,3 to 5,no change,more than 8,1996,All Perils,0
Dec,4,Thursday,Pontiac,Urban,Sunday,Oct,3,Male,Married,69,Third Party,Sedan - Liability,Sport,30000 to 39000,2233,14,700,1,15 to 30,more than 30,1,new,over 65,Yes,No,Internal,3 to 5,4 to 8 years,1 vehicle,1994,All Perils,0
Feb,2,Wednesday,Ford,Urban,Tuesday,Jul,1,Male,Divorced,23,Policy Holder,Sedan - Collision,Utility,less than 20000,2234,14,400,2,1 to 7,8 to 15,more than 4,7 years,18 to 20,No,Yes,Internal,none,4 to 8 years,5 to 8,1996,All Perils,0
Aug,5,Wednesday,Mazda,Rural,Saturday,May,2,Female,Divorced,43,Third Party,Sedan - Liability,Sedan,20000 to 29000,2235,5,400,2,15 to 30,none,2 to 4,4 years,26 to 30,No,Yes,External,3 to 5,1 year,1 vehicle,1994,Collision,1
Oct,3,Tuesday,Ford,Urban,Saturday,Sep,4,Male,Single,80,Policy Holder,Utility - All Perils,Sedan,40000 to 59000,2236,4,400,1,more than 30,none,1,7 years,16 to 17,No,No,External,none,4 to 8 years,1 vehicle,1995,Liability,0
Mar,1,Saturday,Toyota,Rural,Thursday,Nov,2,Male,Single,46,Third Party,Utility - All Perils,Utility,more than 69000,2237,2,700,3,more than 30,15 to 30,1,4 years,51 to 65,No,Yes,External,1 to 2,4 to 8 years,5 to 8,1994,Collision,0
Apr,2,Wednesday,Mazda,Rural,Sunday,Mar,1,Male,Widow,18,Third Party,Utility - All Perils,Sport,40000 to 59000,2238,15,300,3,8 to 15,none,2 to 4,5 years,51 to 65,Yes,No,Internal,3 to 5,under 6 months,2 vehicles,1995,Liability,0
Jun,2,Tuesday,Nissan,Urban,Sunday,Nov,1,Female,Widow,79,Policy Holder,Sedan - Collision,Utility,20000 to 29000,2239,8,700,2,none,more than 30,none,6 years,16 to 17,No,Yes,Internal,none,no change,5 to 8,1996,All Perils,0
Nov,3,Sunday,Pontiac,Urban,Sunday,Sep,5,Female,Single,62,Policy Holder,Sport - Liability,Sedan,60000 to 69000,2240,10,700,4,15 to 30,8 to 15,1,more than 7,18 to 20,Yes,Yes,External,1 to 2,under 6 months,more than 8,1995,Collision,0
Mar,2,Thursday,Mazda,Urban,Thursday,Feb,5,Female,Married,38,Third Party,Sport - Collision,Sedan,20000 to 29000,2241,5,300,2,1 to 7,8 to 15,2 to 4,3 years,18 to 20,Yes,No,Internal,1 to 2,4 to 8 years,1 vehicle,1994,Liability,0
Aug,3,Friday,Mazda,Urban,Wednesday,Dec,1,Female,Divorced,56,Third Party,Sedan - Collision,Sport,20000 to 29000,2242,7,300,1,1 to 7,none,more than 4,5 years,over 65,Yes,No,External,none,4 to 8 years,3 to 4,1995,Collision,1
Jun,3,Tuesday,Chevrolet,Rural,Monday,Mar,5,Male,Divorced,56,Third Party,Sport - Liability,Sedan,40000 to 59000,2243,7,300,4,none,8 to 15,more than 4,3 years,51 to 65,No,Yes,External,3 to 5,2 to 3 years,1 vehicle,1994,All Perils,0
Feb,2,Tuesday,Ford,Urban,Saturday,Aug,5,Female,Single,52,Third Party,Utility - All Perils,Sport,60000 to 69000,2244,10,400,1,none,15 to 30,1,new,21 to 25,Yes,Yes,External,3 to 5,2 to 3 years,more than 8,1995,All Perils,0
Sep,4,Saturday,Chevrolet,Urban,Sunday,Feb,2,Male,Widow,78,Policy Holder,Sedan - All Perils,Utility,20000 to 29000,2245,3,500,1,8 to 15,more than 30,none,7 years,16 to 17,Yes,No,Internal,more than 5,under 6 months,more than 8,1996,All Perils,0
Oct,2,Thursday,BMW,Rural,Thursday,Mar,4,Female,Single,67,Third Party,Sedan - Liability,Utility,less than 20000,2246,13,500,2,1 to 7,15 to 30,more than 4,5 years,26 to 30,Yes,No,External,3 to 5,1 year,more than 8,1994,Liability,0
Jul,4,Tuesday,Ford,Urban,Monday,Aug,2,Female,Married,34,Third Party,Utility - All Perils,Utility,60000 to 69000,2247,7,400,3,1 to 7,15 to 30,2 to 4,3 years,36 to 40,Yes,Yes,Internal,none,under 6 months,more than 8,1995,Collision,0
Mar,2,Saturday,Pontiac,Urban,Saturday,Sep,2,Male,Single,80,Third Party,Sedan - Collision,Sport,40000 to 59000,2248,4,400,2,8 to 15,8 to 15,1,7 years,16 to 17,No,No,External,none,under 6 months,2 vehicles,1996,Collision,1
Feb,5,Wednesday,BMW,Rural,Wednesday,Sep,4,Male,Widow,78,Policy Holder,Sedan - Collision,Utility,60000 to 69000,2249,1,700,4,8 to 15,8 to 15,more than 4,7 years,31 to 35,No,Yes,External,more than 5,2 to 3 years,2 vehicles,1994,Liability,0
Jun,2,Friday,Chevrolet,Urban,Thursday,May,2,Female,Single,20,Policy Holder,Sport - Collision,Sport,30000 to 39000,2250,2,700,2,8 to 15,more than 30,2 to 4,more than 7,31 to 35,Yes,Yes,External,none,1 year,more than 8,1996,Liability,0
Jul,1,Wednesday,Ford,Urban,Friday,Oct,2,Male,Single,36,Policy Holder,Sport - Liability,Sport,less than 20000,2251,5,300,4,8 to 15,15 to 30,1,4 years,over 65,Yes,No,External,1 to 2,1 year,5 to 8,1994,All Perils,0
Jul,1,Thursday,Chevrolet,Urban,Tuesday,Jan,2,Male,Single,56,Third Party,Sport - Liability,Utility,20000 to 29000,2252,12,700,3,more than 30,more than 30,none,new,18 to 20,Yes,No,External,1 to 2,under 6 months,2 vehicles,1994,Collision,0
Mar,5,Saturday,Mercedes,Rural,Monday,Nov,1,Male,Single,73,Policy Holder,Utility - All Perils,Utility,30000 to 39000,2253,14,400,1,1 to 7,15 to 30,none,4 years,18 to 20,No,Yes,Internal,none,2 to 3 years,2 vehicles,1996,Collision,0
Jul,5,Sunday,Toyota,Urban,Monday,Apr,5,Male,Single,63,Third Party,Utility - All Perils,Utility,30000 to 39000,2254,16,700,2,none,none,2 to 4,4 years,26 to 30,Yes,No,Internal,3 to 5,1 year,1 vehicle,1995,Liability,1
Apr,2,Tuesday,Pontiac,Rural,Sunday,Aug,4,Male,Widow,54,Third Party,Sedan - Liability,Sedan,more than 69000,2255,5,700,1,more than 30,8 to 15,none,2 years,21 to 25,No,No,Internal,more than 5,no change,1 vehicle,1995,Collision,1
Sep,4,Friday,BMW,Urban,Sunday,Nov,5,Male,Divorced,37,Policy Holder,Sedan - Collision,Utility,20000 to 29000,2256,11,500,4,none,8 to 15,1,5 years,over 65,Yes,Yes,External,more than 5,2 to 3 years,5 to 8,1994,All Perils,0
Oct,3,Sunday,Ford,Rural,Wednesday,Apr,3,Male,Married,24,Policy Holder,Sport - Liability,Utility,20000 to 29000,2257,5,500,3,15 to 30,8 to 15,2 to 4,4 years,51 to 65,No,No,External,1 to 2,under 6 months,2 vehicles,1994,All Perils,0
Aug,1,Friday,Mazda,Rural,Wednesday,May,1,Male,Divorced,74,Policy Holder,Sedan - All Perils,Utility,20000 to 29000,2258,3,400,2,1 to 7,more than 30,none,more than 7,21 to 25,Yes,No,External,1 to 2,1 year,more than 8,1996,Liability,0
Jan,3,Tuesday,Mercedes,Urban,Wednesday,Oct,2,Female,Widow,51,Third Party,Sport - Liability,Sedan,40000 to 59000,2259,9,300,3,more than 30,8 to 15,more than 4,new,26 to 30,Yes,Yes,External,none,4 to 8 years,more than 8,1994,Liability,1
Dec,4,Tuesday,Mazda,Urban,Wednesday,Nov,2,Female,Married,46,Third Party,Sedan - All Perils,Sport,60000 to 69000,2260,11,300,3,none,none,1,6 years,36 to 40,No,Yes,External,none,2 to 3 years,3 to 4,1994,Collision,0
Jan,5,Tuesday,Pontiac,Urban,Thursday,Mar,5,Female,Single,79,Policy Holder,Sedan - All Perils,Utility,more than 69000,2261,13,400,3,none,15 to 30,more than 4,5 years,51 to 65,No,No,Internal,more than 5,no change,2 vehicles,1996,All Perils,0
Dec,5,Monday,Toyota,Urban,Wednesday,Jul,2,Male,Divorced,28,Policy Holder,Sedan - Liability,Utility,20000 to 29000,2262,2,700,2,8 to 15,8 to 15,none,2 years,18 to 20,Yes,No,External,more than 5,2 to 3 years,1 vehicle,1996,Liability,1
Jan,1,Saturday,Nissan,Urban,Friday,Apr,4,Male,Single,34,Policy Holder,Sport - Collision,Sedan,30000 to 39000,2263,12,400,2,8 to 15,none,1,3 years,21 to 25,No,No,Internal,more than 5,under 6 months,2 vehicles,1994,Liability,0
Jul,2,Sunday,Pontiac,Rural,Wednesday,Jul,1,Male,Married,71,Third Party,Utility - All Perils,Sport,60000 to 69000,2264,5,400,2,15 to 30,more than 30,more than 4,7 years,36 to 40,No,No,External,none,2 to 3 years,5 to 8,1996,Liability,1
Feb,3,Thursday,BMW,Urban,Friday,May,5,Female,Single,35,Third Party,Sport - Liability,Utility,less than 20000,2265,5,500,4,15 to 30,more than 30,2 to 4,3 years,51 to 65,No,Yes,External,1 to 2,under 6 months,5 to 8,1996,All Perils,0
Feb,1,Friday,Pontiac,Rural,Sunday,Jan,4,Male,Divorced,77,Policy Holder,Sedan - All Perils,Utility,60000 to 69000,2266,1,400,2,more than 30,more than 30,more than 4,6 years,21 to 25,No,No,External,3 to 5,1 year,5 to 8,1994,Collision,0
Sep,3,Saturday,Mazda,Urban,Tuesday,Dec,3,Male,Divorced,72,Policy Holder,Sport - Liability,Sedan,less than 20000,2267,4,400,2,15 to 30,8 to 15,2 to 4,5 years,31 to 35,Yes,Yes,External,more than 5,2 to 3 years,more than 8,1994,All Perils,0
Sep,1,Wednesday,Mazda,Urban,Monday,Aug,2,Female,Married,24,Policy Holder,Sedan - Collision,Utility,less than 20000,2268,8,500,3,1 to 7,more than 30,2 to 4,more than 7,41 to 50,No,Yes,External,1 to 2,no change,5 to 8,1996,Liability,0
Feb,1,Thursday,BMW,Urban,Thursday,Jun,2,Male,Married,46,Third Party,Sport - Collision,Utility,less than 20000,2269,4,700,3,none,8 to 15,1,6 years,26 to 30,Yes,No,External,none,no change,3 to 4,1996,Liability,0
Dec,1,Friday,Mercedes,Urban,Monday,Feb,2,Female,Widow,65,Third Party,Sedan - All Perils,Sedan,more than 69000,2270,6,700,4,1 to 7,more than 30,1,7 years,41 to 50,No,Yes,Internal,more than 5,2 to 3 years,2 vehicles,1995,Collision,1
Apr,2,Wednesday,Toyota,Rural,Tuesday,Jan,3,Male,Widow,48,Policy Holder,Utility - All Perils,Sedan,60000 to 69000,2271,9,700,1,more than 30,more than 30,none,more than 7,31 to 35,Yes,Yes,External,none,no change,2 vehicles,1994,Collision,0
Apr,4,Monday,Mercedes,Urban,Saturday,Jun,5,Female,Married,31,Third Party,Sport - Liability,Sedan,60000 to 69000,2272,2,500,1,15 to 30,none,1,2 years,51 to 65,Yes,No,External,3 to 5,4 to 8 years,2 vehicles,1995,Liability,0
Apr,1,Thursday,Mercedes,Urban,Wednesday,Aug,2,Female,Married,20,Policy Holder,Sedan - Liability,Sedan,60000 to 69000,2273,15,500,2,15 to 30,8 to 15,none,7 years,36 to 40,Yes,Yes,External,1 to 2,1 year,more than 8,1994,Liability,0
Jun,5,Saturday,Honda,Rural,Thursday,Apr,4,Female,Single,18,Third Party,Utility - All Perils,Utility,60000 to 69000,2274,5,300,3,1 to 7,15 to 30,1,more than 7,over 65,No,No,External,none,no change,3 to 4,1996,All Perils,0
Mar,2,Monday,Honda,Rural,Saturday,Sep,3,Female,Married,29,Policy Holder,Sport - Liability,Sport,30000 to 39000,2275,13,300,4,8 to 15,none,2 to 4,new,51 to 65,No,Yes,Internal,3 to 5,2 to 3 years,2 vehicles,1994,Liability,0
Jun,1,Tuesday,BMW,Urban,Monday,May,4,Female,Widow,34,Third Party,Sedan - Collision,Utility,60000 to 69000,2276,11,700,3,15 to 30,more than 30,none,4 years,21 to 25,No,Yes,Internal,1 to 2,4 to 8 years,1 vehicle,1995,All Perils,1
Mar,2,Tuesday,Mercedes,Rural,Thursday,Jan,4,Male,Widow,37,Policy Holder,Sedan - Collision,Sedan,less than 20000,2277,13,500,4,more than 30,15 to 30,1,3 years,over 65,Yes,Yes,Internal,1 to 2,no change,1 vehicle,1995,Liability,0
Jan,4,Saturday,Mazda,Urban,Monday,Jul,1,Male,Divorced,71,Third Party,Sedan - Collision,Sport,40000 to 59000,2278,5,300,1,8 to 15,none,2 to 4,more than 7,18 to 20,Yes,No,External,none,4 to 8 years,more than 8,1994,All Perils,1
May,1,Thursday,Pontiac,Urban,Thursday,Mar,1,Male,Widow,50,Third Party,Sedan - Collision,Utility,60000 to 69000,2279,3,400,3,none,more than 30,none,3 years,21 to 25,Yes,Yes,Internal,3 to 5,1 year,2 vehicles,1995,Collision,0
Sep,1,Thursday,Nissan,Urban,Tuesday,Jan,5,Male,Divorced,26,Policy Holder,Utility - All Perils,Utility,more than 69000,2280,3,700,4,more than 30,none,more than 4,2 years,16 to 17,Yes,Yes,External,1 to 2,2 to 3 years,1 vehicle,1995,Liability,0
Oct,5,Friday,Ford,Rural,Sunday,Feb,1,Female,Widow,23,Third Party,Utility - All Perils,Sedan,30000 to 39000,2281,4,300,3,more than 30,8 to 15,more than 4,new,16 to 17,No,Yes,External,none,under 6 months,2 vehicles,1995,All Perils,1
May,3,Tuesday,Ford,Urban,Tuesday,Apr,3,Male,Married,26,Third Party,Sport - Collision,Sport,20000 to 29000,2282,9,400,2,none,none,none,7 years,41 to 50,Yes,No,External,1 to 2,no change,3 to 4,1995,Collision,0
Apr,2,Friday,Nissan,Rural,Tuesday,Jul,4,Male,Married,37,Policy Holder,Sedan - All Perils,Sport,60000 to 69000,2283,10,700,4,1 to 7,none,none,new,16 to 17,Yes,No,External,none,4 to 8 years,more than 8,1995,Liability,0
Oct,4,Monday,Ford,Urban,Monday,Dec,3,Male,Widow,64,Policy Holder,Sedan - All Perils,Sport,less than 20000,2284,13,700,4,more than 30,15 to 30,none,3 years,18 to 20,Yes,No,Internal,3 to 5,2 to 3 years,more than 8,1995,Liability,0
Sep,5,Monday,Chevrolet,Rural,Monday,Mar,1,Male,Married,21,Third Party,Utility - All Perils,Sport,60000 to 69000,2285,16,400,2,more than 30,none,1,5 years,26 to 30,Yes,Yes,External,3 to 5,under 6 months,1 vehicle,1996,Liability,0
Oct,2,Saturday,Mazda,Urban,Tuesday,Jan,1,Female,Divorced,43,Policy Holder,Sedan - Collision,Sport,60000 to 69000,2286,14,700,3,more than 30,15 to 30,none,new,51 to 65,Yes,No,Internal,more than 5,under 6 months,3 to 4,1995,Collision,0
Nov,3,Friday,Chevrolet,Urban,Tuesday,Mar,4,Male,Single,46,Policy Holder,Sport - Liability,Utility,60000 to 69000,2287,6,500,4,more than 30,none,none,2 years,51 to 65,No,No,External,more than 5,2 to 3 years,more than 8,1995,Liability,1
Oct,1,Tuesday,Ford,Rural,Saturday,Apr,5,Male,Single,27,Third Party,Utility - All Perils,Sedan,20000 to 29000,2288,8,400,1,none,more than 30,1,more than 7,over 65,Yes,No,External,none,under 6 months,5 to 8,1996,All Perils,0
Dec,2,Thursday,BMW,Urban,Sunday,Mar,2,Female,Married,21,Third Party,Utility - All Perils,Sedan,less than 20000,2289,16,700,1,none,more than 30,2 to 4,4 years,16 to 17,No,Yes,Internal,none,2 to 3 years,3 to 4,1994,Collision,1
May,3,Monday,BMW,Rural,Saturday,Apr,3,Male,Single,32,Policy Holder,Sport - Liability,Sport,40000 to 59000,2290,12,700,3,8 to 15,8 to 15,none,3 years,18 to 20,No,Yes,Internal,1 to 2,no change,2 vehicles,1994,Liability,0
May,1,Friday,Toyota,Rural,Sunday,Dec,5,Male,Single,27,Policy Holder,Utility - All Perils,Sport,30000 to 39000,2291,7,400,4,15 to 30,8 to 15,2 to 4,7 years,26 to 30,No,No,Internal,none,4 to 8 years,5 to 8,1994,All Perils,0
Apr,5,Saturday,Chevrolet,Rural,Sunday,May,5,Female,Married,68,Third Party,Sedan - Collision,Utility,30000 to 39000,2292,14,300,1,8 to 15,15 to 30,1,new,21 to 25,No,No,Internal,more than 5,2 to 3 years,3 to 4,1995,Liability,1
Mar,5,Tuesday,Honda,Urban,Thursday,Aug,3,Female,Single,75,Policy Holder,Utility - All Perils,Utility,20000 to 29000,2293,3,700,3,1 to 7,15 to 30,none,3 years,16 to 17,No,No,External,more than 5,under 6 months,2 vehicles,1994,Collision,0
Sep,2,Wednesday,Toyota,Rural,Wednesday,Sep,4,Male,Single,57,Policy Holder,Sedan - Liability,Sedan,30000 to 39000,2294,11,300,3,1 to 7,none,none,7 years,31 to 35,No,Yes,Internal,1 to 2,1 year,5 to 8,1994,All Perils,0
Sep,2,Tuesday,Nissan,Rural,Friday,Feb,5,Female,Widow,65,Policy Holder,Sedan - Liability,Sport,60000 to 69000,2295,16,700,4,15 to 30,more than 30,more than 4,7 years,31 to 35,No,No,Internal,more than 5,no change,more than 8,1995,All Perils,1
Oct,1,Wednesday,Chevrolet,Urban,Wednesday,Mar,4,Male,Married,65,Policy Holder,Sedan - Collision,Utility,more than 69000,2296,9,400,4,more than 30,more than 30,none,4 years,26 to 30,Yes,No,External,3 to 5,1 year,more than 8,1995,Collision,0
Mar,3,Tuesday,Pontiac,Rural,Friday,May,3,Male,Divorced,73,Third Party,Sport - Collision,Utility,30000 to 39000,2297,10,500,1,more than 30,8 to 15,none,more than 7,16 to 17,Yes,Yes,External,3 to 5,under 6 months,more than 8,1995,Liability,0
Jun,1,Tuesday,Mercedes,Rural,Sunday,Jun,4,Male,Single,24,Policy Holder,Sedan - Collision,Utility,less than 20000,2298,1,500,3,none,15 to 30,2 to 4,5 years,26 to 30,Yes,No,Internal,more than 5,under 6 months,5 to 8,1996,Liability,0
Mar,2,Thursday,BMW,Rural,Tuesday,Jan,2,Female,Widow,80,Policy Holder,Sport - Collision,Sport,less than 20000,2299,10,300,3,none,none,2 to 4,6 years,31 to 35,Yes,No,Internal,3 to 5,4 to 8 years,5 to 8,1996,Collision,0
Nov,3,Sunday,Mercedes,Rural,Saturday,Aug,5,Female,Widow,46,Third Party,Sedan - Liability,Sedan,20000 to 29000,2300,5,300,2,1 to 7,15 to 30,more than 4,more than 7,18 to 20,Yes,No,External,3 to 5,1 year,2 vehicles,1994,All Perils,1
Apr,4,Saturday,BMW,Rural,Sunday,Apr,1,Female,Widow,52,Third Party,Sport - Liability,Sedan,less than 20000,2301,16,500,1,15 to 30,15 to 30,none,5 years,51 to 65,Yes,No,Internal,none,no change,2 vehicles,1996,Liability,0
Feb,3,Wednesday,Chevrolet,Rural,Thursday,Apr,2,Male,Widow,68,Third Party,Sedan - Collision,Utility,60000 to 69000,2302,6,500,2,none,8 to 15,none,4 years,over 65,Yes,No,External,3 to 5,1 year,1 vehicle,1994,Liability,0
Jul,2,Sunday,Pontiac,Urban,Wednesday,Aug,2,Male,Single,49,Third Party,Sport - Collision,Sport,40000 to 59000,2303,6,300,3,15 to 30,8 to 15,2 to 4,6 years,over 65,No,No,Internal,more than 5,no change,1 vehicle,1994,Collision,0
Nov,4,Tuesday,Ford,Rural,Tuesday,Dec,2,Male,Divorced,34,Policy Holder,Sedan - Liability,Utility,60000 to 69000,2304,7,700,3,8 to 15,none,none,new,41 to 50,Yes,No,Internal,more than 5,1 year,more than 8,1996,All Perils,0
Nov,4,Sunday,Nissan,Urban,Tuesday,Nov,3,Male,Married,19,Policy Holder,Utility - All Perils,Sedan,20000 to 29000,2305,12,300,3,15 to 30,more than 30,1,4 years,41 to 50,No,Yes,External,none,2 to 3 years,3 to 4,1995,All Perils,0
Feb,4,Wednesday,Toyota,Urban,Wednesday,Dec,4,Male,Widow,28,Policy Holder,Sedan - All Perils,Sport,60000 to 69000,2306,16,700,3,more than 30,none,1,6 years,18 to 20,No,No,Internal,none,no change,3 to 4,1994,Liability,0
Apr,3,Thursday,Mercedes,Rural,Saturday,May,5,Female,Married,23,Third Party,Sport - Collision,Utility,20000 to 29000,2307,6,300,4,8 to 15,15 to 30,more than 4,4 years,26 to 30,No,Yes,External,3 to 5,no change,1 vehicle,1994,Collision,0
Feb,5,Tuesday,Mercedes,Urban,Thursday,Feb,3,Female,Married,42,Policy Holder,Sedan - All Perils,Sedan,20000 to 29000,2308,4,300,3,15 to 30,more than 30,more than 4,6 years,16 to 17,No,No,External,none,under 6 months,1 vehicle,1994,All Perils,1
Apr,2,Saturday,Toyota,Rural,Tuesday,Mar,4,Female,Widow,67,Third Party,Sport - Collision,Sedan,more than 69000,2309,13,500,1,8 to 15,none,more than 4,4 years,36 to 40,No,Yes,Internal,3 to 5,1 year,1 vehicle,1996,All Perils,1
Jul,5,Wednesday,BMW,Urban,Thursday,May,3,Male,Divorced,39,Policy Holder,Sedan - All Perils,Sedan,more than 69000,2310,9,500,2,15 to 30,none,2 to 4,2 years,41 to 50,Yes,No,External,1 to 2,no change,3 to 4,1995,All Perils,0
Apr,2,Sunday,Nissan,Urban,Saturday,Apr,1,Male,Divorced,55,Third Party,Sedan - Liability,Sedan,40000 to 59000,2311,8,500,1,1 to 7,more than 30,1,2 years,41 to 50,Yes,Yes,External,more than 5,under 6 months,3 to 4,1994,All Perils,0
Jan,2,Monday,Pontiac,Urban,Monday,Mar,4,Male,Widow,29,Third Party,Sport - Liability,Sport,40000 to 59000,2312,16,300,4,none,more than 30,2 to 4,5 years,16 to 17,No,No,Internal,none,2 to 3 years,1 vehicle,1995,Liability,0
Jul,3,Thursday,Mazda,Rural,Monday,Feb,1,Female,Widow,55,Third Party,Sport - Collision,Sedan,60000 to 69000,2313,8,400,4,none,none,none,2 years,36 to 40,No,No,External,none,1 year,5 to 8,1994,Liability,0
Jan,3,Tuesday,Mercedes,Urban,Sunday,Mar,3,Female,Widow,78,Third Party,Sedan - Collision,Sedan,60000 to 69000,2314,10,400,4,15 to 30,8 to 15,2 to 4,3 years,51 to 65,Yes,No,Internal,none,1 year,1 vehicle,1994,All Perils,1
Mar,4,Sunday,Chevrolet,Rural,Saturday,Aug,5,Male,Divorced,37,Policy Holder,Sedan - Liability,Sport,20000 to 29000,2315,16,400,1,15 to 30,15 to 30,1,5 years,16 to 17,Yes,No,External,none,no change,more than 8,1994,Collision,0
Jan,2,Wednesday,Toyota,Urban,Friday,Jun,4,Female,Single,48,Policy Holder,Utility - All Perils,Sedan,less than 20000,2316,4,700,3,8 to 15,15 to 30,more than 4,new,31 to 35,No,No,Internal,none,2 to 3 years,more than 8,1996,Liability,0
Feb,5,Friday,Ford,Urban,Sunday,Jan,3,Female,Divorced,78,Policy Holder,Sedan - Collision,Sport,20000 to 29000,2317,15,400,1,15 to 30,15 to 30,none,4 years,21 to 25,No,No,External,more than 5,1 year,5 to 8,1994,Liability,1
Jun,2,Sunday,BMW,Urban,Friday,Jul,2,Male,Widow,56,Policy Holder,Utility - All Perils,Utility,30000 to 39000,2318,16,700,2,8 to 15,8 to 15,none,3 years,over 65,No,No,External,3 to 5,1 year,3 to 4,1994,All Perils,1
Nov,3,Thursday,Chevrolet,Urban,Thursday,Nov,5,Male,Widow,43,Third Party,Sport - Liability,Utility,20000 to 29000,2319,8,400,2,1 to 7,15 to 30,more than 4,3 years,31 to 35,Yes,Yes,External,3 to 5,2 to 3 years,5 to 8,1996,Liability,0
Oct,5,Monday,Toyota,Rural,Tuesday,Jun,5,Male,Widow,25,Third Party,Utility - All Perils,Utility,40000 to 59000,2320,6,300,2,8 to 15,none,none,more than 7,41 to 50,Yes,No,External,1 to 2,no change,2 vehicles,1996,All Perils,1
Feb,3,Tuesday,Mercedes,Urban,Saturday,Apr,2,Female,Divorced,77,Third Party,Sport - Collision,Utility,less than 20000,2321,3,300,2,1 to 7,more than 30,2 to 4,more than 7,31 to 35,No,No,External,none,2 to 3 years,more than 8,1995,Liability,1
Jan,4,Tuesday,Toyota,Rural,Saturday,Apr,1,Male,Widow,56,Policy Holder,Sedan - Collision,Utility,40000 to 59000,2322,1,300,2,more than 30,15 to 30,1,3 years,over 65,No,No,Internal,more than 5,under 6 months,more than 8,1996,Liability,1
May,5,Sunday,Toyota,Urban,Wednesday,May,3,Male,Single,21,Policy Holder,Sedan - Liability,Sedan,60000 to 69000,2323,16,400,1,15 to 30,8 to 15,1,more than 7,21 to 25,Yes,Yes,Internal,more than 5,no change,5 to 8,1994,Liability,0
Aug,5,Sunday,Chevrolet,Rural,Saturday,Apr,4,Female,Divorced,52,Policy Holder,Sedan - Collision,Utility,less than 20000,2324,7,400,4,15 to 30,8 to 15,1,2 years,41 to 50,Yes,No,External,1 to 2,under 6 months,more than 8,1994,Collision,0
Sep,3,Thursday,Honda,Rural,Saturday,Dec,5,Male,Widow,79,Policy Holder,Sedan - All Perils,Sport,20000 to 29000,2325,11,500,2,15 to 30,8 to 15,2 to 4,3 years,26 to 30,Yes,No,External,more than 5,under 6 months,2 vehicles,1995,All Perils,0
Oct,3,Sunday,Mazda,Urban,Monday,Dec,5,Male,Divorced,76,Third Party,Sport - Collision,Sedan,40000 to 59000,2326,4,400,4,15 to 30,8 to 15,none,more than 7,36 to 40,No,Yes,Internal,3 to 5,1 year,more than 8,1996,Liability,1
May,1,Tuesday,Nissan,Urban,Tuesday,May,2,Female,Divorced,30,Policy Holder,Utility - All Perils,Sport,less than 20000,2327,6,500,1,15 to 30,none,2 to 4,new,41 to 50,Yes,Yes,External,1 to 2,under 6 months,1 vehicle,1994,All Perils,0
Mar,3,Friday,Nissan,Rural,Friday,Dec,2,Female,Divorced,43,Policy Holder,Sedan - Liability,Sedan,40000 to 59000,2328,14,300,4,8 to 15,15 to 30,more than 4,4 years,18 to 20,No,No,Internal,none,2 to 3 years,5 to 8,1995,Collision,0
Jan,5,Wednesday,Mercedes,Urban,Friday,Nov,5,Female,Single,80,Third Party,Sport - Collision,Sport,60000 to 69000,2329,11,700,3,more than 30,none,1,7 years,51 to 65,No,No,Internal,3 to 5,under 6 months,2 vehicles,1994,All Perils,1
Feb,3,Tuesday,Ford,Rural,Friday,Jan,2,Female,Widow,67,Policy Holder,Sedan - Liability,Sport,30000 to 39000,2330,4,300,1,none,8 to 15,2 to 4,more than 7,41 to 50,Yes,No,Internal,none,no change,more than 8,1996,Collision,0
Jan,2,Tuesday,Honda,Rural,Wednesday,Jun,3,Female,Divorced,53,Third Party,Sedan - All Perils,Sedan,less than 20000,2331,1,300,4,15 to 30,more than 30,more than 4,more than 7,26 to 30,Yes,Yes,Internal,1 to 2,under 6 months,3 to 4,1994,Liability,0
Nov,1,Wednesday,Mercedes,Rural,Saturday,Aug,2,Female,Divorced,37,Policy Holder,Sedan - Liability,Sport,40000 to 59000,2332,14,400,3,8 to 15,15 to 30,more than 4,more than 7,36 to 40,No,Yes,Internal,3 to 5,1 year,1 vehicle,1996,Collision,0
Apr,2,Wednesday,Mazda,Rural,Thursday,Jun,2,Female,Widow,66,Third Party,Sedan - All Perils,Sedan,more than 69000,2333,2,500,3,none,more than 30,2 to 4,more than 7,36 to 40,Yes,No,Internal,1 to 2,no change,2 vehicles,1995,All Perils,1
Oct,2,Tuesday,BMW,Rural,Tuesday,Jun,3,Male,Divorced,54,Third Party,Sport - Collision,Sedan,20000 to 29000,2334,1,300,4,15 to 30,15 to 30,more than 4,4 years,31 to 35,Yes,No,External,none,no change,more than 8,1995,All Perils,1
Jul,5,Wednesday,Toyota,Rural,Monday,Jun,2,Male,Divorced,51,Policy Holder,Sport - Liability,Sedan,more than 69000,2335,5,300,4,none,more than 30,more than 4,3 years,36 to 40,No,Yes,Internal,none,no change,more than 8,1996,Collision,0
Jul,3,Monday,BMW,Urban,Sunday,Sep,3,Female,Single,76,Policy Holder,Sport - Liability,Utility,more than 69000,2336,15,700,1,15 to 30,none,2 to 4,4 years,36 to 40,No,No,Internal,3 to 5,under 6 months,2 vehicles,1995,All Perils,0
Jun,1,Sunday,Pontiac,Rural,Friday,Apr,2,Male,Divorced,41,Policy Holder,Sport - Collision,Sport,20000 to 29000,2337,11,700,2,8 to 15,15 to 30,none,new,51 to 65,Yes,Yes,External,more than 5,4 to 8 years,2 vehicles,1995,Liability,1
Oct,1,Wednesday,Nissan,Urban,Thursday,Aug,1,Female,Widow,57,Third Party,Sedan - Collision,Sedan,40000 to 59000,2338,1,700,1,15 to 30,8 to 15,more than 4,2 years,21 to 25,Yes,Yes,Internal,3 to 5,1 year,1 vehicle,1995,Collision,0
Jan,5,Monday,Honda,Urban,Tuesday,Mar,4,Male,Widow,20,Third Party,Utility - All Perils,Utility,less than 20000,2339,15,300,1,15 to 30,none,1,more than 7,16 to 17,Yes,No,External,none,no change,1 vehicle,1994,All Perils,0
Feb,5,Friday,Mazda,Rural,Monday,Nov,5,Female,Single,62,Policy Holder,Utility - All Perils,Sport,40000 to 59000,2340,16,500,1,1 to 7,none,2 to 4,2 years,26 to 30,No,Yes,Internal,3 to 5,no change,1 vehicle,1996,All Perils,0
Jun,4,Sunday,Nissan,Rural,Tuesday,Feb,3,Female,Divorced,52,Third Party,Utility - All Perils,Sedan,more than 69000,2341,12,500,3,15 to 30,none,2 to 4,5 years,51 to 65,No,No,External,1 to 2,no change,2 vehicles,1996,Liability,0
May,1,Wednesday,Mazda,Rural,Monday,Jan,2,Male,Married,73,Policy Holder,Sport - Liability,Sport,more than 69000,2342,2,400,3,1 to 7,none,1,2 years,18 to 20,No,Yes,External,3 to 5,no change,1 vehicle,1995,Liability,0
Jul,1,Saturday,Pontiac,Urban,Thursday,Jan,4,Male,Married,38,Third Party,Sport - Liability,Sedan,20000 to 29000,2343,1,300,1,15 to 30,8 to 15,more than 4,6 years,51 to 65,No,Yes,External,3 to 5,1 year,1 vehicle,1995,All Perils,1
Sep,1,Friday,Toyota,Urban,Tuesday,May,3,Female,Married,76,Third Party,Sedan - Liability,Sport,40000 to 59000,2344,14,700,2,none,none,2 to 4,4 years,26 to 30,Yes,No,External,more than 5,2 to 3 years,5 to 8,1996,All Perils,1
Aug,4,Saturday,BMW,Rural,Monday,Aug,3,Female,Divorced,54,Policy Holder,Sport - Collision,Utility,less than 20000,2345,14,700,1,none,more than 30,2 to 4,new,18 to 20,No,Yes,External,more than 5,1 year,more than 8,1995,All Perils,0
Apr,4,Wednesday,Ford,Urban,Tuesday,Dec,3,Female,Married,31,Policy Holder,Sedan - All Perils,Sedan,20000 to 29000,2346,14,300,1,15 to 30,15 to 30,more than 4,3 years,31 to 35,Yes,No,Internal,none,1 year,more than 8,1994,All Perils,0
Apr,5,Monday,Pontiac,Rural,Friday,Jun,4,Female,Single,28,Policy Holder,Sedan - Collision,Utility,more than 69000,2347,8,500,1,none,more than 30,1,6 years,51 to 65,No,No,External,none,1 year,more than 8,1994,All Perils,0
Oct,1,Wednesday,Mercedes,Urban,Thursday,Mar,1,Female,Single,30,Policy Holder,Sedan - Liability,Sedan,40000 to 59000,2348,10,700,3,more than 30,none,more than 4,7 years,51 to 65,Yes,No,Internal,more than 5,under 6 months,1 vehicle,1996,All Perils,0
Mar,1,Sunday,Pontiac,Rural,Tuesday,May,1,Female,Divorced,37,Policy Holder,Sedan - Collision,Sport,30000 to 39000,2349,3,500,1,none,none,none,3 years,36 to 40,Yes,Yes,External,1 to 2,4 to 8 years,1 vehicle,1996,All Perils,1
Jul,5,Saturday,Chevrolet,Urban,Saturday,Feb,1,Female,Single,52,Policy Holder,Utility - All Perils,Utility,more than 69000,2350,1,300,4,8 to 15,more than 30,2 to 4,3 years,31 to 35,Yes,Yes,External,none,2 to 3 years,more than 8,1994,All Perils,0
Jul,5,Saturday,Toyota,Urban,Thursday,Jun,1,Male,Divorced,72,Policy Holder,Utility - All Perils,Sedan,60000 to 69000,2351,4,500,4,more than 30,8 to 15,none,6 years,51 to 65,Yes,Yes,External,none,4 to 8 years,1 vehicle,1996,All Perils,0
Oct,4,Sunday,Mazda,Rural,Tuesday,Sep,5,Female,Single,80,Third Party,Sport - Liability,Utility,less than 20000,2352,10,700,4,15 to 30,more than 30,none,4 years,over 65,Yes,No,External,1 to 2,no change,5 to 8,1994,Liability,0
Sep,1,Wednesday,Mercedes,Rural,Friday,Jan,4,Female,Divorced,60,Policy Holder,Sedan - Liability,Sedan,less than 20000,2353,7,400,4,15 to 30,none,none,new,51 to 65,No,Yes,External,more than 5,1 year,1 vehicle,1996,Collision,0
Jun,1,Wednesday,Toyota,Rural,Sunday,Oct,4,Male,Widow,48,Policy Holder,Sport - Liability,Sport,40000 to 59000,2354,10,300,4,15 to 30,none,more than 4,new,over 65,No,Yes,External,more than 5,4 to 8 years,1 vehicle,1994,Liability,0
Apr,1,Sunday,Pontiac,Rural,Thursday,Mar,4,Female,Single,56,Third Party,Sedan - Liability,Sedan,more than 69000,2355,8,400,4,15 to 30,8 to 15,1,3 years,51 to 65,No,No,External,3 to 5,2 to 3 years,5 to 8,1994,Collision,1
May,4,Friday,Chevrolet,Urban,Tuesday,Sep,1,Female,Divorced,38,Third Party,Sport - Liability,Sedan,less than 20000,2356,9,700,4,none,15 to 30,1,3 years,16 to 17,Yes,Yes,External,1 to 2,2 to 3 years,5 to 8,1996,Collision,0
May,5,Wednesday,Ford,Rural,Wednesday,Oct,2,Male,Married,33,Third Party,Sedan - Liability,Sport,40000 to 59000,2357,16,500,1,1 to 7,none,1,new,16 to 17,No,Yes,External,3 to 5,1 year,1 vehicle,1994,Liability,0
Mar,4,Tuesday,BMW,Urban,Friday,Oct,4,Female,Divorced,51,Policy Holder,Sedan - Collision,Sport,60000 to 69000,2358,11,300,3,none,none,2 to 4,7 years,36 to 40,Yes,Yes,External,more than 5,under 6 months,1 vehicle,1996,Liability,1
Aug,2,Sunday,Mazda,Rural,Sunday,Sep,3,Female,Widow,70,Third Party,Sedan - Liability,Utility,more than 69000,2359,16,500,2,1 to 7,none,more than 4,4 years,over 65,Yes,No,External,1 to 2,2 to 3 years,more than 8,1995,All Perils,0
Mar,4,Monday,Ford,Urban,Sunday,Sep,3,Female,Married,22,Policy Holder,Utility - All Perils,Sedan,40000 to 59000,2360,16,700,4,1 to 7,none,2 to 4,6 years,21 to 25,Yes,No,Internal,3 to 5,1 year,2 vehicles,1995,Collision,0
Aug,1,Monday,Chevrolet,Urban,Sunday,Mar,4,Male,Single,24,Policy Holder,Sport - Collision,Sport,more than 69000,2361,10,300,1,15 to 30,more than 30,none,new,over 65,Yes,No,Internal,1 to 2,1 year,more than 8,1995,Liability,0
Oct,5,Saturday,BMW,Urban,Saturday,Feb,1,Male,Married,29,Policy Holder,Utility - All Perils,Sedan,more than 69000,2362,16,500,2,more than 30,more than 30,2 to 4,4 years,51 to 65,Yes,Yes,Internal,more than 5,under 6 months,3 to 4,1996,Collision,0
Dec,5,Monday,Mercedes,Rural,Friday,May,4,Female,Single,31,Policy Holder,Sedan - Liability,Utility,more than 69000,2363,4,300,2,8 to 15,none,none,4 years,18 to 20,No,Yes,Internal,3 to 5,no change,more than 8,1995,All Perils,0
Feb,4,Tuesday,Pontiac,Rural,Friday,Aug,4,Male,Divorced,27,Policy Holder,Sport - Liability,Sedan,60000 to 69000,2364,9,300,4,none,8 to 15,none,5 years,31 to 35,No,Yes,External,none,2 to 3 years,more than 8,1994,All Perils,0
Oct,5,Sunday,Pontiac,Urban,Saturday,Aug,3,Male,Single,26,Third Party,Sedan - All Perils,Utility,more than 69000,2365,2,400,2,15 to 30,8 to 15,none,more than 7,18 to 20,No,Yes,External,more than 5,4 to 8 years,5 to 8,1994,All Perils,0
Feb,3,Wednesday,Mercedes,Rural,Saturday,Oct,3,Female,Single,19,Third Party,Sedan - All Perils,Sedan,less than 20000,2366,2,700,4,8 to 15,none,2 to 4,4 years,16 to 17,Yes,Yes,Internal,3 to 5,no change,1 vehicle,1994,Collision,0
May,3,Saturday,Ford,Rural,Friday,Apr,1,Male,Single,39,Policy Holder,Utility - All Perils,Sport,less than 20000,2367,3,500,2,15 to 30,15 to 30,more than 4,4 years,41 to 50,No,Yes,Internal,1 to 2,1 year,more than 8,1994,All Perils,0
Mar,2,Thursday,Ford,Rural,Monday,Nov,2,Female,Divorced,63,Policy Holder,Sedan - Liability,Sedan,40000 to 59000,2368,3,300,3,1 to 7,more than 30,none,more than 7,18 to 20,Yes,Yes,External,none,2 to 3 years,2 vehicles,1994,Liability,0
Feb,5,Monday,Chevrolet,Rural,Sunday,Jun,2,Female,Divorced,27,Third Party,Utility - All Perils,Utility,60000 to 69000,2369,7,300,3,8 to 15,15 to 30,more than 4,4 years,36 to 40,No,No,External,3 to 5,no change,2 vehicles,1996,All Perils,1
Mar,4,Tuesday,Pontiac,Urban,Monday,Mar,5,Male,Widow,38,Third Party,Sedan - Liability,Sedan,more than 69000,2370,12,500,2,15 to 30,more than 30,1,4 years,41 to 50,No,Yes,Internal,none,under 6 months,3 to 4,1995,All Perils,0
Jan,1,Saturday,Pontiac,Urban,Wednesday,Sep,1,Male,Single,79,Third Party,Sedan - All Perils,Utility,60000 to 69000,2371,16,400,2,15 to 30,15 to 30,1,2 years,26 to 30,No,No,External,none,4 to 8 years,2 vehicles,1996,Liability,1
Oct,5,Monday,Toyota,Rural,Thursday,Feb,2,Male,Widow,28,Policy Holder,Sedan - Liability,Utility,20000 to 29000,2372,16,400,2,1 to 7,15 to 30,none,6 years,16 to 17,Yes,Yes,Internal,3 to 5,2 to 3 years,5 to 8,1995,Liability,0
Jan,1,Friday,Mercedes,Urban,Sunday,May,1,Male,Divorced,80,Policy Holder,Sport - Collision,Sport,more than 69000,2373,3,400,3,8 to 15,more than 30,none,new,16 to 17,No,No,External,1 to 2,4 to 8 years,2 vehicles,1994,All Perils,0
May,3,Wednesday,Mazda,Rural,Monday,Oct,2,Female,Single,50,Third Party,Sport - Collision,Sport,less than 20000,2374,7,700,2,more than 30,15 to 30,2 to 4,2 years,26 to 30,Yes,No,External,3 to 5,4 to 8 years,more than 8,1994,Liability,0
Sep,1,Wednesday,Mercedes,Urban,Thursday,Oct,1,Male,Divorced,63,Third Party,Sport - Collision,Sport,less than 20000,2375,7,500,4,none,more than 30,1,4 years,16 to 17,Yes,No,External,1 to 2,2 to 3 years,1 vehicle,1996,All Perils,1
Dec,4,Sunday,BMW,Urban,Wednesday,Apr,2,Female,Single,38,Policy Holder,Sport - Liability,Sport,60000 to 69000,2376,2,700,1,1 to 7,more than 30,none,4 years,51 to 65,Yes,Yes,Internal,3 to 5,under 6 months,3 to 4,1994,Collision,0
Nov,3,Friday,Nissan,Rural,Monday,Feb,4,Female,Divorced,38,Third Party,Sport - Liability,Sport,more than 69000,2377,1,300,1,8 to 15,none,2 to 4,new,18 to 20,No,Yes,External,3 to 5,4 to 8 years,more than 8,1994,Liability,1
Feb,3,Friday,Pontiac,Rural,Tuesday,Jan,4,Male,Widow,42,Third Party,Utility - All Perils,Sedan,40000 to 59000,2378,6,400,1,more than 30,15 to 30,1,5 years,16 to 17,Yes,Yes,External,3 to 5,1 year,more than 8,1995,Liability,0
Dec,4,Wednesday,Chevrolet,Rural,Wednesday,Feb,2,Female,Divorced,26,Policy Holder,Sedan - All Perils,Sedan,less than 20000,2379,14,500,4,more than 30,15 to 30,1,more than 7,18 to 20,No,Yes,External,3 to 5,1 year,more than 8,1994,All Perils,0
Aug,4,Wednesday,Toyota,Rural,Sunday,Oct,4,Male,Married,37,Policy Holder,Sedan - Collision,Utility,less than 20000,2380,7,700,2,8 to 15,8 to 15,more than 4,new,41 to 50,No,Yes,Internal,more than 5,1 year,5 to 8,1994,Liability,0
Mar,2,Friday,Mazda,Urban,Wednesday,Oct,4,Male,Divorced,74,Policy Holder,Sedan - Liability,Utility,more than 69000,2381,7,500,1,8 to 15,15 to 30,1,4 years,36 to 40,No,Yes,External,1 to 2,1 year,3 to 4,1995,Collision,0
Jun,5,Monday,Mercedes,Rural,Sunday,Jul,5,Male,Divorced,18,Third Party,Sedan - Collision,Sedan,20000 to 29000,2382,16,700,1,8 to 15,more than 30,1,5 years,41 to 50,No,Yes,Internal,1 to 2,1 year,2 vehicles,1995,Liability,0
Dec,3,Tuesday,Mazda,Urban,Saturday,Jul,5,Female,Married,54,Policy Holder,Sport - Collision,Utility,40000 to 59000,2383,7,700,4,8 to 15,none,2 to 4,3 years,26 to 30,Yes,Yes,Internal,none,2 to 3 years,2 vehicles,1995,Liability,0
May,1,Friday,Honda,Urban,Saturday,Apr,2,Male,Widow,61,Third Party,Sedan - Liability,Sedan,20000 to 29000,2384,11,500,4,15 to 30,15 to 30,more than 4,5 years,21 to 25,No,No,Internal,1 to 2,no change,3 to 4,1995,Liability,1
Mar,1,Friday,Ford,Rural,Saturday,Mar,3,Female,Married,26,Policy Holder,Utility - All Perils,Sport,20000 to 29000,2385,16,400,2,8 to 15,more than 30,2 to 4,3 years,41 to 50,No,Yes,Internal,1 to 2,1 year,2 vehicles,1996,All Perils,0
Nov,2,Monday,Pontiac,Urban,Friday,Jan,4,Female,Married,24,Third Party,Utility - All Perils,Sport,60000 to 69000,2386,2,400,3,8 to 15,8 to 15,1,2 years,18 to 20,Yes,No,External,more than 5,1 year,2 vehicles,1994,Liability,0
Dec,4,Saturday,Pontiac,Rural,Saturday,Sep,2,Male,Divorced,52,Third Party,Sedan - Liability,Utility,60000 to 69000,2387,9,500,2,more than 30,8 to 15,1,7 years,26 to 30,Yes,Yes,Internal,more than 5,1 year,5 to 8,1995,Collision,1
Dec,3,Thursday,Nissan,Urban,Tuesday,Jan,3,Female,Single,31,Policy Holder,Sport - Liability,Utility,30000 to 39000,2388,6,400,4,none,none,none,more than 7,16 to 17,No,Yes,External,3 to 5,2 to 3 years,5 to 8,1994,Collision,0
Dec,2,Tuesday,Nissan,Rural,Saturday,Feb,3,Male,Single,79,Policy Holder,Sport - Collision,Utility,40000 to 59000,2389,2,300,3,more than 30,8 to 15,none,4 years,26 to 30,No,Yes,External,none,under 6 months,3 to 4,1996,Collision,0
Nov,3,Saturday,Chevrolet,Urban,Monday,Oct,2,Female,Married,29,Third Party,Sedan - All Perils,Utility,30000 to 39000,2390,1,300,2,15 to 30,8 to 15,more than 4,new,over 65,Yes,No,External,none,4 to 8 years,2 vehicles,1995,All Perils,0
Jun,5,Sunday,Chevrolet,Urban,Saturday,Jul,1,Male,Divorced,26,Policy Holder,Sport - Liability,Sport,40000 to 59000,2391,11,700,4,8 to 15,more than 30,2 to 4,2 years,51 to 65,No,No,External,3 to 5,no change,1 vehicle,1996,All Perils,0
Mar,3,Wednesday,Mercedes,Urban,Friday,Jun,1,Female,Single,38,Policy Holder,Sport - Collision,Sport,60000 to 69000,2392,11,400,1,8 to 15,none,1,more than 7,41 to 50,Yes,Yes,External,1 to 2,2 to 3 years,2 vehicles,1996,Liability,0
Aug,1,Tuesday,Honda,Urban,Saturday,Mar,4,Male,Married,38,Policy Holder,Sedan - Collision,Sport,60000 to 69000,2393,9,700,4,8 to 15,15 to 30,more than 4,more than 7,36 to 40,No,Yes,Internal,more than 5,no change,2 vehicles,1994,Liability,1
Mar,1,Wednesday,Pontiac,Rural,Friday,Feb,5,Male,Widow,28,Policy Holder,Sport - Collision,Sport,20000 to 29000,2394,11,300,2,8 to 15,none,more than 4,4 years,26 to 30,Yes,Yes,External,none,2 to 3 years,more than 8,1995,Liability,0
Jun,3,Friday,Chevrolet,Rural,Wednesday,Jun,4,Male,Married,59,Policy Holder,Sedan - Liability,Sport,20000 to 29000,2395,12,700,4,1 to 7,more than 30,2 to 4,7 years,41 to 50,Yes,Yes,Internal,3 to 5,no change,2 vehicles,1996,Liability,0
Aug,3,Monday,Mercedes,Urban,Wednesday,May,2,Male,Widow,39,Policy Holder,Sedan - Collision,Sedan,60000 to 69000,2396,1,700,4,15 to 30,8 to 15,1,2 years,51 to 65,No,No,External,more than 5,under 6 months,more than 8,1995,Liability,0
Dec,5,Thursday,Mercedes,Rural,Friday,Jul,1,Male,Widow,51,Policy Holder,Utility - All Perils,Sedan,40000 to 59000,2397,1,400,3,1 to 7,8 to 15,2 to 4,4 years,36 to 40,Yes,Yes,Internal,1 to 2,under 6 months,3 to 4,1995,All Perils,0
Apr,3,Monday,Pontiac,Urban,Thursday,Feb,4,Male,Divorced,33,Third Party,Sedan - Collision,Sport,30000 to 39000,2398,6,500,1,15 to 30,more than 30,more than 4,new,16 to 17,No,No,Internal,none,no change,3 to 4,1996,Liability,0
Apr,4,Monday,Pontiac,Rural,Wednesday,Mar,1,Male,Divorced,24,Policy Holder,Sport - Collision,Sedan,more than 69000,2399,10,700,4,8 to 15,15 to 30,2 to 4,5 years,41 to 50,Yes,Yes,Internal,none,under 6 months,2 vehicles,1996,Liability,0
Sep,3,Thursday,BMW,Rural,Thursday,Feb,3,Male,Married,21,Policy Holder,Sedan - Collision,Sport,30000 to 39000,2400,15,500,3,1 to 7,none,1,6 years,18 to 20,Yes,Yes,External,3 to 5,2 to 3 years,5 to 8,1996,Collision,0
Jan,2,Saturday,Pontiac,Urban,Thursday,Jun,5,Female,Married,21,Policy Holder,Sedan - All Perils,Utility,30000 to 39000,2401,16,700,4,more than 30,8 to 15,2 to 4,more than 7,21 to 25,No,Yes,Internal,3 to 5,no change,more than 8,1996,Collision,0
Jul,4,Sunday,Ford,Rural,Tuesday,Apr,1,Female,Married,72,Third Party,Sedan - Collision,Sedan,40000 to 59000,2402,14,300,1,1 to 7,8 to 15,more than 4,7 years,18 to 20,Yes,Yes,External,3 to 5,2 to 3 years,more than 8,1995,Collision,0
Sep,4,Monday,Ford,Urban,Friday,Mar,3,Male,Married,34,Third Party,Sport - Collision,Sedan,20000 to 29000,2403,5,300,1,15 to 30,15 to 30,1,6 years,16 to 17,No,Yes,External,more than 5,1 year,more than 8,1996,All Perils,1
Jul,4,Tuesday,BMW,Urban,Wednesday,Jul,5,Male,Divorced,37,Third Party,Sport - Collision,Sedan,60000 to 69000,2404,10,300,2,1 to 7,more than 30,none,6 years,41 to 50,No,No,Internal,more than 5,4 to 8 years,1 vehicle,1996,All Perils,1
May,1,Wednesday,Pontiac,Urban,Tuesday,Jun,2,Female,Widow,54,Policy Holder,Sport - Collision,Utility,more than 69000,2405,2,400,2,1 to 7,15 to 30,2 to 4,6 years,36 to 40,Yes,No,Internal,none,2 to 3 years,more than 8,1994,Liability,0
Oct,4,Friday,Ford,Rural,Wednesday,Mar,5,Female,Widow,24,Policy Holder,Sedan - Collision,Utility,more than 69000,2406,8,700,1,8 to 15,8 to 15,2 to 4,4 years,26 to 30,No,Yes,External,1 to 2,1 year,5 to 8,1995,All Perils,0
May,2,Sunday,Mercedes,Urban,Monday,Sep,5,Female,Married,55,Policy Holder,Sport - Collision,Utility,30000 to 39000,2407,2,700,1,more than 30,15 to 30,more than 4,5 years,26 to 30,No,No,External,1 to 2,4 to 8 years,3 to 4,1994,Liability,0
Sep,4,Friday,Nissan,Urban,Friday,May,3,Male,Widow,50,Policy Holder,Sport - Liability,Sedan,20000 to 29000,2408,16,500,2,1 to 7,more than 30,none,2 years,36 to 40,Yes,Yes,Internal,more than 5,no change,2 vehicles,1995,All Perils,0
Jun,4,Thursday,Pontiac,Urban,Saturday,May,2,Male,Widow,67,Third Party,Sport - Liability,Sport,30000 to 39000,2409,8,400,4,none,none,more than 4,new,31 to 35,No,Yes,External,none,1 year,3 to 4,1996,Liability,0
Jan,4,Monday,Ford,Urban,Sunday,Jun,4,Male,Widow,25,Third Party,Sport - Collision,Sedan,less than 20000,2410,12,700,1,none,15 to 30,more than 4,7 years,21 to 25,Yes,No,Internal,3 to 5,under 6 months,more than 8,1996,All Perils,1
Jul,5,Monday,Nissan,Rural,Tuesday,Feb,4,Male,Divorced,19,Policy Holder,Sedan - Collision,Sedan,60000 to 69000,2411,2,500,1,8 to 15,15 to 30,2 to 4,4 years,31 to 35,Yes,No,Internal,1 to 2,1 year,3 to 4,1996,All Perils,0
Jan,3,Tuesday,Ford,Rural,Thursday,Jun,3,Male,Divorced,66,Policy Holder,Sport - Collision,Utility,30000 to 39000,2412,16,500,4,15 to 30,15 to 30,none,7 years,41 to 50,Yes,No,Internal,none,1 year,1 vehicle,1995,Liability,0
Dec,1,Friday,Mazda,Urban,Thursday,Jul,1,Male,Single,41,Third Party,Sport - Collision,Utility,less than 20000,2413,9,300,1,15 to 30,none,none,new,31 to 35,No,Yes,External,3 to 5,1 year,5 to 8,1994,Collision,1
Aug,4,Wednesday,Mercedes,Urban,Saturday,Feb,4,Female,Single,21,Policy Holder,Utility - All Perils,Utility,40000 to 59000,2414,2,300,1,1 to 7,none,1,4 years,51 to 65,No,No,External,1 to 2,under 6 months,5 to 8,1996,Liability,0
May,4,Tuesday,Chevrolet,Urban,Friday,Jul,2,Female,Divorced,53,Third Party,Sedan - All Perils,Sport,60000 to 69000,2415,6,500,4,more than 30,8 to 15,none,3 years,31 to 35,No,Yes,External,3 to 5,2 to 3 years,5 to 8,1994,All Perils,1
Jun,1,Friday,Ford,Urban,Saturday,Jan,1,Female,Married,47,Policy Holder,Sedan - Collision,Sport,20000 to 29000,2416,4,500,2,none,8 to 15,2 to 4,7 years,26 to 30,Yes,No,Internal,1 to 2,no change,2 vehicles,1994,Collision,0
Aug,1,Saturday,Honda,Rural,Saturday,Aug,1,Female,Married,77,Policy Holder,Sport - Liability,Utility,30000 to 39000,2417,2,400,2,8 to 15,more than 30,more than 4,4 years,41 to 50,Yes,No,Internal,none,no change,2 vehicles,1996,All Perils,0
Apr,2,Thursday,Mazda,Urban,Monday,Jan,3,Female,Divorced,77,Third Party,Sport - Collision,Sport,more than 69000,2418,1,500,1,more than 30,15 to 30,1,6 years,18 to 20,No,No,Internal,none,no change,3 to 4,1995,Collision,0
Apr,5,Sunday,BMW,Urban,Wednesday,Mar,1,Female,Widow,51,Third Party,Sedan - All Perils,Sport,60000 to 69000,2419,12,500,2,more than 30,more than 30,2 to 4,new,36 to 40,No,Yes,Internal,none,1 year,more than 8,1995,All Perils,0
Jun,3,Saturday,BMW,Rural,Friday,May,2,Male,Single,28,Policy Holder,Sedan - Liability,Sedan,60000 to 69000,2420,14,300,4,15 to 30,none,more than 4,5 years,36 to 40,Yes,No,Internal,1 to 2,1 year,more than 8,1994,Collision,0
Apr,5,Saturday,Ford,Rural,Thursday,Aug,2,Male,Single,65,Policy Holder,Sport - Liability,Utility,30000 to 39000,2421,11,700,4,1 to 7,more than 30,more than 4,4 years,21 to 25,No,Yes,External,1 to 2,4 to 8 years,1 vehicle,1994,Liability,0
Oct,5,Sunday,Toyota,Urban,Thursday,Sep,3,Female,Divorced,30,Policy Holder,Sport - Liability,Utility,30000 to 39000,2422,12,500,3,15 to 30,none,2 to 4,5 years,21 to 25,No,Yes,Internal,none,under 6 months,1 vehicle,1996,Collision,0
Feb,3,Tuesday,BMW,Urban,Tuesday,Jun,4,Female,Divorced,70,Policy Holder,Utility - All Perils,Sport,30000 to 39000,2423,1,300,3,1 to 7,15 to 30,none,5 years,16 to 17,No,Yes,Internal,1 to 2,1 year,1 vehicle,1995,Collision,0
Oct,4,Saturday,Toyota,Rural,Friday,Feb,3,Female,Married,55,Policy Holder,Sport - Collision,Sedan,30000 to 39000,2424,3,300,3,1 to 7,8 to 15,none,new,18 to 20,No,Yes,Internal,more than 5,4 to 8 years,more than 8,1994,All Perils,1
May,2,Sunday,Honda,Urban,Saturday,May,3,Female,Divorced,40,Third Party,Sport - Collision,Utility,less than 20000,2425,1,700,3,8 to 15,more than 30,more than 4,new,16 to 17,Yes,Yes,Internal,more than 5,2 to 3 years,more than 8,1995,All Perils,1
Jul,1,Sunday,Chevrolet,Urban,Monday,Oct,1,Male,Single,79,Policy Holder,Sedan - Collision,Utility,less than 20000,2426,16,400,3,15 to 30,15 to 30,more than 4,2 years,36 to 40,No,Yes,External,1 to 2,4 to 8 years,2 vehicles,1995,Collision,0
Feb,2,Friday,Pontiac,Rural,Friday,Feb,1,Male,Divorced,50,Third Party,Sedan - All Perils,Sport,60000 to 69000,2427,12,300,1,1 to 7,8 to 15,more than 4,2 years,18 to 20,No,Yes,External,3 to 5,1 year,more than 8,1996,All Perils,1
May,3,Saturday,Ford,Rural,Sunday,Sep,5,Male,Single,42,Third Party,Sedan - Liability,Sedan,40000 to 59000,2428,16,300,4,more than 30,15 to 30,1,6 years,31 to 35,No,Yes,External,none,no change,3 to 4,1996,All Perils,1
Oct,1,Sunday,Toyota,Rural,Friday,May,4,Male,Widow,29,Policy Holder,Sport - Collision,Utility,40000 to 59000,2429,15,300,4,more than 30,15 to 30,none,3 years,18 to 20,Yes,No,Internal,1 to 2,1 year,2 vehicles,1995,All Perils,0
Apr,2,Saturday,Ford,Urban,Sunday,Jan,1,Male,Divorced,58,Third Party,Sport - Liability,Sport,40000 to 59000,2430,4,500,1,1 to 7,15 to 30,2 to 4,more than 7,51 to 65,No,Yes,Internal,3 to 5,2 to 3 years,5 to 8,1994,All Perils,1
Feb,1,Sunday,Mazda,Urban,Wednesday,Sep,3,Female,Widow,35,Policy Holder,Sport - Liability,Utility,30000 to 39000,2431,9,400,1,1 to 7,15 to 30,2 to 4,new,41 to 50,Yes,No,External,none,no change,1 vehicle,1995,Collision,0
Jul,4,Saturday,Honda,Urban,Monday,Jan,1,Male,Divorced,27,Third Party,Sport - Collision,Sport,more than 69000,2432,11,500,4,none,15 to 30,none,5 years,21 to 25,Yes,Yes,Internal,more than 5,1 year,1 vehicle,1994,Collision,1
Feb,5,Wednesday,Honda,Rural,Friday,May,1,Male,Married,25,Third Party,Sport - Liability,Sport,30000 to 39000,2433,12,300,1,8 to 15,more than 30,1,6 years,41 to 50,No,Yes,Internal,more than 5,1 year,2 vehicles,1995,Liability,0
Apr,5,Saturday,Mazda,Rural,Tuesday,Mar,2,Female,Married,58,Third Party,Sport - Collision,Sedan,40000 to 59000,2434,11,300,4,none,none,1,new,21 to 25,No,No,Internal,more than 5,4 to 8 years,5 to 8,1995,Liability,0
Jun,2,Wednesday,Honda,Urban,Monday,Aug,4,Female,Married,76,Policy Holder,Sport - Liability,Sport,40000 to 59000,2435,8,400,4,more than 30,8 to 15,1,5 years,36 to 40,No,Yes,Internal,none,4 to 8 years,more than 8,1996,All Perils,0
Jul,3,Saturday,Ford,Rural,Tuesday,Jan,4,Male,Single,33,Policy Holder,Sedan - All Perils,Sport,less than 20000,2436,1,700,1,more than 30,more than 30,more than 4,new,36 to 40,Yes,Yes,External,more than 5,2 to 3 years,3 to 4,1995,Liability,1
Aug,5,Saturday,Pontiac,Urban,Sunday,Feb,4,Male,Married,31,Third Party,Sport - Collision,Sedan,20000 to 29000,2437,16,500,4,more than 30,8 to 15,1,7 years,26 to 30,Yes,Yes,External,none,under 6 months,3 to 4,1995,Collision,0
Sep,3,Sunday,Honda,Urban,Saturday,Jul,1,Female,Single,56,Third Party,Sport - Collision,Utility,20000 to 29000,2438,12,700,1,1 to 7,more than 30,more than 4,4 years,41 to 50,No,Yes,External,more than 5,under 6 months,3 to 4,1994,Collision,0
Nov,2,Friday,Pontiac,Rural,Tuesday,Dec,1,Female,Divorced,27,Policy Holder,Sport - Collision,Sport,20000 to 29000,2439,14,300,2,15 to 30,15 to 30,none,7 years,over 65,No,Yes,Internal,none,1 year,1 vehicle,1996,All Perils,0
Jan,2,Thursday,Pontiac,Urban,Friday,Jan,3,Female,Single,23,Third Party,Sport - Collision,Sedan,less than 20000,2440,4,400,3,8 to 15,8 to 15,more than 4,6 years,26 to 30,No,Yes,Internal,1 to 2,no change,5 to 8,1994,All Perils,1
May,4,Tuesday,Pontiac,Urban,Wednesday,Jun,5,Female,Single,58,Policy Holder,Sport - Liability,Utility,20000 to 29000,2441,2,400,3,1 to 7,8 to 15,2 to 4,3 years,21 to 25,Yes,No,External,more than 5,2 to 3 years,more than 8,1996,All Perils,1
Jan,3,Friday,Pontiac,Urban,Tuesday,Oct,4,Male,Widow,51,Third Party,Sedan - Collision,Utility,more than 69000,2442,15,300,1,8 to 15,8 to 15,2 to 4,2 years,26 to 30,Yes,No,Internal,3 to 5,4 to 8 years,3 to 4,1994,All Perils,0
Jan,5,Thursday,Mercedes,Rural,Sunday,Apr,4,Male,Widow,19,Policy Holder,Sedan - Collision,Sport,30000 to 39000,2443,13,400,1,none,none,1,2 years,36 to 40,No,No,Internal,none,no change,5 to 8,1995,Collision,0
Mar,5,Thursday,Honda,Urban,Saturday,Jun,1,Female,Single,32,Third Party,Sport - Collision,Sedan,60000 to 69000,2444,14,400,2,more than 30,8 to 15,none,new,18 to 20,Yes,Yes,External,1 to 2,4 to 8 years,2 vehicles,1994,Liability,1
Aug,1,Friday,Toyota,Urban,Wednesday,Nov,5,Female,Widow,30,Third Party,Sport - Collision,Sedan,30000 to 39000,2445,8,400,3,none,15 to 30,none,3 years,over 65,Yes,No,Internal,1 to 2,no change,more than 8,1996,Collision,0
Nov,4,Saturday,Ford,Rural,Wednesday,Sep,5,Male,Single,60,Policy Holder,Sport - Collision,Sport,60000 to 69000,2446,15,300,2,1 to 7,more than 30,1,6 years,31 to 35,No,Yes,Internal,more than 5,1 year,1 vehicle,1996,Liability,1
Oct,2,Tuesday,BMW,Urban,Saturday,Apr,3,Female,Divorced,59,Third Party,Sedan - Collision,Sport,60000 to 69000,2447,4,400,2,1 to 7,more than 30,1,3 years,over 65,No,No,External,1 to 2,under 6 months,1 vehicle,1996,Collision,1
Aug,3,Thursday,Mercedes,Urban,Thursday,Oct,2,Male,Single,65,Third Party,Sport - Liability,Sport,more than 69000,2448,13,700,1,8 to 15,8 to 15,none,2 years,over 65,Yes,No,Internal,none,1 year,more than 8,1994,All Perils,0
Oct,2,Saturday,Nissan,Rural,Wednesday,Sep,4,Male,Widow,24,Third Party,Sport - Collision,Utility,20000 to 29000,2449,8,300,4,15 to 30,more than 30,none,new,16 to 17,No,Yes,External,none,1 year,3 to 4,1996,Liability,0
Mar,2,Saturday,Pontiac,Rural,Wednesday,Jul,4,Male,Widow,71,Policy Holder,Sedan - All Perils,Sport,less than 20000,2450,3,700,3,more than 30,8 to 15,2 to 4,4 years,18 to 20,No,No,Internal,3 to 5,1 year,3 to 4,1995,Collision,0
Nov,2,Saturday,Mazda,Rural,Thursday,Jun,5,Male,Married,31,Policy Holder,Utility - All Perils,Utility,20000 to 29000,2451,12,500,4,1 to 7,more than 30,2 to 4,2 years,18 to 20,Yes,Yes,Internal,none,no change,more than 8,1996,All Perils,0
Nov,1,Saturday,Mazda,Urban,Thursday,Dec,1,Male,Widow,80,Third Party,Sedan - All Perils,Sport,60000 to 69000,2452,6,300,2,1 to 7,more than 30,none,6 years,36 to 40,No,No,Internal,none,2 to 3 years,2 vehicles,1994,All Perils,1
Feb,4,Saturday,Honda,Rural,Monday,Nov,3,Male,Married,72,Third Party,Sedan - Liability,Utility,40000 to 59000,2453,3,400,4,none,8 to 15,more than 4,3 years,26 to 30,No,Yes,Internal,3 to 5,4 to 8 years,2 vehicles,1995,Collision,1
Jun,1,Sunday,Chevrolet,Urban,Thursday,Dec,4,Male,Widow,46,Policy Holder,Utility - All Perils,Utility,60000 to 69000,2454,12,500,3,8 to 15,15 to 30,more than 4,2 years,16 to 17,No,No,External,more than 5,1 year,1 vehicle,1996,Liability,1
Oct,2,Friday,Chevrolet,Urban,Thursday,Sep,2,Female,Single,67,Third Party,Sedan - All Perils,Sedan,more than 69000,2455,13,400,3,more than 30,more than 30,more than 4,3 years,36 to 40,Yes,No,Internal,none,4 to 8 years,3 to 4,1994,Liability,1
Jun,1,Tuesday,Toyota,Urban,Tuesday,May,5,Female,Widow,60,Third Party,Utility - All Perils,Sport,20000 to 29000,2456,6,400,2,none,none,none,4 years,21 to 25,Yes,No,External,1 to 2,no change,5 to 8,1996,Liability,1
Nov,1,Thursday,BMW,Urban,Wednesday,Feb,1,Male,Divorced,66,Policy Holder,Sport - Collision,Utility,30000 to 39000,2457,16,500,3,more than 30,none,1,new,51 to 65,No,Yes,External,1 to 2,2 to 3 years,more than 8,1996,All Perils,0
Dec,2,Friday,Mercedes,Urban,Wednesday,Feb,1,Female,Divorced,19,Third Party,Sedan - Collision,Sport,30000 to 39000,2458,12,300,2,1 to 7,15 to 30,none,new,41 to 50,No,No,External,more than 5,under 6 months,3 to 4,1995,Liability,0
Jun,5,Monday,Ford,Urban,Wednesday,Dec,4,Male,Married,23,Policy Holder,Sedan - All Perils,Sport,less than 20000,2459,1,700,3,more than 30,none,none,more than 7,51 to 65,Yes,Yes,Internal,more than 5,2 to 3 years,1 vehicle,1996,Collision,1
Jan,5,Saturday,Nissan,Urban,Sunday,May,1,Female,Married,75,Third Party,Utility - All Perils,Sport,40000 to 59000,2460,6,400,2,none,more than 30,more than 4,3 years,36 to 40,No,Yes,External,more than 5,1 year,1 vehicle,1996,Liability,1
May,2,Thursday,Honda,Urban,Thursday,Feb,3,Male,Married,67,Policy Holder,Utility - All Perils,Sport,less than 20000,2461,16,400,4,more than 30,8 to 15,more than 4,6 years,41 to 50,Yes,No,External,3 to 5,no change,2 vehicles,1995,Liability,0
Mar,3,Sunday,Nissan,Rural,Thursday,Mar,2,Male,Divorced,56,Policy Holder,Sedan - Liability,Sport,more than 69000,2462,3,300,4,1 to 7,8 to 15,none,more than 7,16 to 17,No,Yes,External,none,under 6 months,more than 8,1994,Collision,0
Jun,5,Tuesday,BMW,Rural,Tuesday,Jan,4,Male,Divorced,37,Policy Holder,Utility - All Perils,Utility,less than 20000,2463,16,700,2,1 to 7,more than 30,1,new,41 to 50,No,No,External,more than 5,1 year,3 to 4,1996,All Perils,0
Aug,2,Sunday,Ford,Urban,Sunday,Jul,1,Female,Widow,44,Third Party,Utility - All Perils,Sedan,less than 20000,2464,9,300,2,1 to 7,15 to 30,none,6 years,31 to 35,No,Yes,Internal,more than 5,4 to 8 years,more than 8,1994,Liability,1
Jun,5,Thursday,Pontiac,Rural,Monday,Aug,2,Female,Divorced,42,Policy Holder,Sport - Collision,Utility,20000 to 29000,2465,11,700,4,none,more than 30,more than 4,7 years,16 to 17,No,Yes,External,3 to 5,no change,more than 8,1994,Collision,0
Mar,1,Friday,Ford,Rural,Thursday,May,5,Male,Single,45,Third Party,Sedan - Collision,Sedan,more than 69000,2466,11,400,3,15 to 30,15 to 30,2 to 4,new,16 to 17,No,Yes,Internal,1 to 2,4 to 8 years,more than 8,1995,Collision,0
Apr,2,Friday,Mercedes,Rural,Tuesday,Sep,2,Female,Divorced,57,Third Party,Sport - Collision,Sedan,more than 69000,2467,9,300,1,none,15 to 30,1,3 years,21 to 25,No,No,Internal,more than 5,no change,2 vehicles,1994,Liability,0
Sep,2,Friday,Toyota,Urban,Saturday,Jun,3,Female,Divorced,65,Third Party,Sedan - All Perils,Sport,more than 69000,2468,9,400,4,8 to 15,15 to 30,more than 4,2 years,26 to 30,Yes,Yes,External,1 to 2,under 6 months,3 to 4,1995,All Perils,1
Jan,1,Sunday,Ford,Urban,Wednesday,Dec,5,Female,Widow,42,Third Party,Sedan - Liability,Sport,60000 to 69000,2469,10,500,3,more than 30,more than 30,none,new,18 to 20,No,Yes,Internal,1 to 2,no change,1 vehicle,1996,All Perils,1
Mar,5,Tuesday,Ford,Urban,Wednesday,Oct,4,Female,Widow,70,Third Party,Utility - All Perils,Utility,more than 69000,2470,11,400,3,8 to 15,more than 30,1,3 years,41 to 50,Yes,No,External,1 to 2,4 to 8 years,2 vehicles,1995,Liability,1
Nov,5,Saturday,Toyota,Urban,Monday,Jan,4,Male,Divorced,23,Third Party,Sport - Collision,Sedan,30000 to 39000,2471,12,700,4,more than 30,none,2 to 4,2 years,31 to 35,Yes,Yes,External,3 to 5,1 year,2 vehicles,1995,All Perils,0
Feb,2,Sunday,Ford,Urban,Saturday,Apr,5,Female,Widow,68,Third Party,Sedan - Liability,Sedan,less than 20000,2472,8,500,1,15 to 30,15 to 30,1,more than 7,21 to 25,No,No,Internal,3 to 5,2 to 3 years,1 vehicle,1995,All Perils,1
May,5,Tuesday,Pontiac,Rural,Wednesday,Oct,4,Female,Divorced,60,Third Party,Sedan - All Perils,Sedan,30000 to 39000,2473,7,700,4,15 to 30,more than 30,2 to 4,2 years,41 to 50,Yes,Yes,Internal,none,2 to 3 years,1 vehicle,1996,All Perils,0
Mar,4,Tuesday,Pontiac,Urban,Tuesday,Jul,5,Male,Single,50,Third Party,Utility - All Perils,Sport,20000 to 29000,2474,13,400,1,more than 30,15 to 30,none,6 years,31 to 35,No,No,Internal,1 to 2,1 year,2 vehicles,1996,Liability,1
Feb,5,Thursday,Chevrolet,Rural,Saturday,Oct,3,Male,Widow,41,Policy Holder,Sedan - All Perils,Sport,20000 to 29000,2475,13,300,4,none,8 to 15,2 to 4,new,51 to 65,No,Yes,Internal,none,under 6 months,1 vehicle,1994,Collision,1
Jun,5,Saturday,Toyota,Rural,Monday,May,5,Female,Married,41,Policy Holder,Sedan - All Perils,Sedan,60000 to 69000,2476,11,400,3,1 to 7,more than 30,2 to 4,5 years,31 to 35,No,No,Internal,3 to 5,no change,5 to 8,1996,Collision,0
Jul,3,Sunday,Toyota,Urban,Thursday,Jan,4,Female,Divorced,40,Third Party,Sedan - Liability,Utility,20000 to 29000,2477,8,500,3,1 to 7,8 to 15,none,6 years,41 to 50,No,Yes,External,1 to 2,1 year,2 vehicles,1995,Liability,1
Mar,1,Saturday,Nissan,Rural,Tuesday,Oct,2,Female,Divorced,77,Policy Holder,Sedan - Liability,Sport,20000 to 29000,2478,10,400,3,none,none,1,2 years,51 to 65,Yes,Yes,External,more than 5,1 year,2 vehicles,1996,Liability,0
Jan,5,Saturday,Ford,Urban,Monday,Oct,3,Female,Divorced,19,Policy Holder,Utility - All Perils,Utility,30000 to 39000,2479,10,700,2,none,8 to 15,1,4 years,16 to 17,No,Yes,External,none,1 year,1 vehicle,1996,Collision,0
Feb,4,Thursday,Honda,Rural,Monday,Aug,2,Male,Single,57,Third Party,Utility - All Perils,Utility,less than 20000,2480,7,700,4,none,none,2 to 4,more than 7,18 to 20,Yes,No,External,1 to 2,4 to 8 years,3 to 4,1995,All Perils,1
Aug,5,Friday,Chevrolet,Rural,Tuesday,May,2,Male,Married,80,Third Party,Sedan - Liability,Sport,60000 to 69000,2481,3,300,1,more than 30,15 to 30,1,5 years,41 to 50,Yes,No,Internal,none,no change,1 vehicle,1996,Liability,0
Nov,5,Tuesday,Honda,Rural,Sunday,Jan,2,Female,Single,52,Third Party,Sport - Collision,Utility,60000 to 69000,2482,9,300,3,more than 30,more than 30,1,7 years,31 to 35,No,Yes,Internal,none,2 to 3 years,3 to 4,1995,Liability,1
Mar,1,Thursday,Mazda,Urban,Thursday,Sep,3,Female,Divorced,58,Policy Holder,Sport - Liability,Utility,40000 to 59000,2483,8,400,4,8 to 15,8 to 15,none,4 years,21 to 25,No,No,External,none,no change,more than 8,1995,All Perils,0
Apr,3,Tuesday,Mercedes,Urban,Sunday,Aug,2,Male,Married,55,Policy Holder,Utility - All Perils,Utility,less than 20000,2484,1,500,1,more than 30,15 to 30,more than 4,2 years,16 to 17,Yes,No,External,none,1 year,5 to 8,1995,Collision,0
May,1,Monday,Ford,Urban,Tuesday,Sep,4,Female,Widow,49,Third Party,Sport - Collision,Sedan,60000 to 69000,2485,16,300,3,1 to 7,more than 30,2 to 4,4 years,over 65,No,Yes,Internal,more than 5,2 to 3 years,1 vehicle,1994,Liability,1
May,1,Saturday,BMW,Urban,Saturday,Mar,2,Female,Married,57,Policy Holder,Utility - All Perils,Utility,30000 to 39000,2486,11,300,4,8 to 15,8 to 15,2 to 4,4 years,16 to 17,No,No,Internal,1 to 2,no change,1 vehicle,1995,All Perils,0
Mar,5,Saturday,Chevrolet,Urban,Monday,Sep,3,Male,Divorced,74,Third Party,Sedan - Liability,Sedan,20000 to 29000,2487,2,400,3,more than 30,more than 30,1,more than 7,31 to 35,Yes,Yes,External,3 to 5,1 year,more than 8,1996,Liability,1
Jan,5,Thursday,Mazda,Rural,Monday,Sep,1,Female,Divorced,62,Policy Holder,Sedan - Liability,Sedan,more than 69000,2488,4,400,3,none,none,2 to 4,4 years,18 to 20,No,No,External,more than 5,under 6 months,more than 8,1996,Liability,1
Jul,5,Monday,Pontiac,Urban,Monday,Nov,2,Female,Divorced,71,Policy Holder,Sedan - All Perils,Sport,more than 69000,2489,10,700,1,none,15 to 30,none,6 years,26 to 30,Yes,Yes,External,1 to 2,1 year,2 vehicles,1995,All Perils,0
May,5,Monday,Pontiac,Urban,Sunday,Jul,2,Female,Widow,52,Third Party,Sedan - Collision,Sport,30000 to 39000,2490,14,500,4,8 to 15,none,1,5 years,41 to 50,Yes,No,External,1 to 2,1 year,3 to 4,1994,All Perils,0
May,4,Monday,Ford,Rural,Friday,Sep,5,Male,Single,66,Policy Holder,Sport - Liability,Sport,30000 to 39000,2491,8,700,4,1 to 7,more than 30,1,3 years,31 to 35,No,Yes,External,3 to 5,1 year,2 vehicles,1994,Liability,0
Apr,3,Saturday,Ford,Urban,Saturday,May,3,Male,Divorced,73,Third Party,Sedan - All Perils,Sedan,more than 69000,2492,13,700,4,15 to 30,none,1,3 years,16 to 17,Yes,Yes,Internal,3 to 5,2 to 3 years,3 to 4,1996,All Perils,0
Dec,5,Tuesday,Nissan,Urban,Sunday,Sep,1,Female,Single,31,Policy Holder,Sedan - All Perils,Sedan,20000 to 29000,2493,3,400,1,15 to 30,more than 30,2 to 4,7 years,16 to 17,No,Yes,External,none,under 6 months,2 vehicles,1994,Collision,0
Aug,3,Tuesday,Toyota,Rural,Wednesday,Sep,2,Male,Married,72,Third Party,Sport - Collision,Utility,30000 to 39000,2494,9,700,2,1 to 7,8 to 15,1,2 years,over 65,Yes,Yes,Internal,more than 5,4 to 8 years,more than 8,1994,Liability,0
Jun,4,Sunday,Nissan,Rural,Saturday,Oct,4,Female,Married,61,Third Party,Utility - All Perils,Sedan,40000 to 59000,2495,14,700,4,none,none,2 to 4,4 years,21 to 25,Yes,Yes,Internal,none,4 to 8 years,3 to 4,1994,All Perils,1
Mar,2,Sunday,Chevrolet,Rural,Thursday,Nov,1,Male,Married,45,Policy Holder,Sedan - Liability,Utility,30000 to 39000,2496,14,400,3,none,15 to 30,2 to 4,6 years,26 to 30,Yes,No,External,1 to 2,1 year,1 vehicle,1994,Liability,0
Oct,4,Saturday,Nissan,Urban,Thursday,Jan,1,Female,Divorced,66,Third Party,Sport - Collision,Sedan,20000 to 29000,2497,4,700,4,8 to 15,more than 30,more than 4,new,51 to 65,No,Yes,External,more than 5,4 to 8 years,2 vehicles,1996,Liability,1
Nov,5,Wednesday,Mazda,Rural,Friday,Oct,2,Male,Single,28,Policy Holder,Sedan - All Perils,Sedan,less than 20000,2498,11,400,3,1 to 7,none,none,6 years,51 to 65,Yes,Yes,Internal,3 to 5,under 6 months,more than 8,1994,All Perils,0
Jan,4,Friday,Pontiac,Urban,Thursday,Oct,2,Female,Widow,62,Third Party,Sedan - Liability,Sedan,20000 to 29000,2499,1,300,3,none,8 to 15,more than 4,7 years,21 to 25,Yes,No,External,3 to 5,under 6 months,2 vehicles,1996,All Perils,0
Dec,3,Tuesday,Pontiac,Urban,Monday,Jul,3,Female,Single,54,Third Party,Sport - Liability,Sedan,30000 to 39000,2500,3,700,2,15 to 30,15 to 30,none,4 years,18 to 20,No,No,Internal,more than 5,under 6 months,more than 8,1996,All Perils,1
